41,42,55,48,63,64,80,51,48,47,35,42,46,44,35,35
38,51,48,51,50,55,65,39,51,45,39,33,44,43,29,32
624,663,545,477,281,425,102,103,420,266,281,59,177,190,74,42
1233,949,1193,865,968,1181,585,564,965,982,428,409,613,507,305,248
812,571,849,471,926,948,675,612,467,557,227,518,471,247,278,263
94,55,169,77,291,249,218,180,66,107,41,168,98,57,66,54
30,28,41,37,49,50,66,36,36,38,27,36,33,37,27,26
24,22,31,31,36,36,50,29,33,30,25,29,29,33,20,21
97,230,89,129,49,71,47,32,129,72,81,29,44,54,27,23
1079,948,936,797,623,771,217,305,889,636,385,205,439,356,197,88
1304,882,1282,812,1196,1315,712,821,938,1082,335,568,898,496,526,403
575,254,604,280,649,622,431,442,253,312,89,387,321,142,222,176
29,26,43,33,61,47,96,54,33,34,22,56,31,37,29,30
16,15,23,22,28,28,45,24,25,22,18,24,28,27,21,20
12,16,16,22,21,20,37,18,24,18,19,22,22,26,21,21
482,604,407,414,140,278,50,50,379,239,239,34,146,157,60,31
1147,1000,1275,976,910,1158,498,649,1154,1113,492,420,710,706,404,294
873,652,1020,571,991,1105,805,844,638,793,266,594,668,414,442,403
135,63,253,89,402,350,294,250,82,171,42,236,153,71,113,80
19,18,30,23,34,34,63,31,26,29,20,32,28,33,22,26
20,27,27,26,22,30,37,17,34,29,23,17,23,31,18,20
365,473,349,338,146,293,58,56,360,248,197,43,145,129,55,32
1118,902,1085,900,822,1044,384,513,1082,980,471,350,581,495,298,182
893,622,1036,584,1109,1213,823,904,703,930,292,595,669,335,433,368
136,63,266,91,421,369,319,277,94,187,40,259,162,65,121,84
18,13,27,20,36,36,59,28,23,29,16,32,24,25,23,24
13,19,22,19,22,24,35,19,28,26,17,20,18,23,13,19
76,123,113,90,62,132,44,32,128,141,60,30,66,51,33,22
800,803,693,662,540,672,163,249,695,669,351,162,366,286,176,75
975,789,947,773,1069,1221,683,802,825,1170,357,473,743,472,463,307
602,399,619,392,680,779,506,521,411,434,162,389,395,205,262,207
188,155,278,149,278,332,178,170,178,207,75,157,165,93,108,67
366,414,448,329,308,441,126,147,354,288,189,119,209,150,120,56
854,770,866,668,762,995,304,463,781,869,377,309,498,433,266,167
824,652,971,587,964,1234,581,765,677,875,289,472,639,366,391,322
543,427,612,387,618,691,364,379,386,413,190,315,321,185,196,133
462,398,545,358,494,555,245,269,361,341,171,214,272,163,163,88
641,616,593,477,526,592,235,278,531,393,244,215,293,202,171,91
1042,850,974,830,959,1046,433,537,958,904,390,371,556,469,314,199
895,668,824,629,958,939,586,689,664,643,289,465,497,337,324,264
411,281,506,292,541,507,327,357,304,295,121,287,259,147,169,112
187,158,276,152,286,316,162,174,185,216,81,149,177,100,110,64
331,403,381,314,273,352,125,139,307,252,176,117,197,135,108,54
925,826,910,803,738,836,325,432,889,741,403,274,471,403,220,139
924,720,1097,725,991,1129,753,790,773,848,328,503,630,379,356,316
629,426,636,408,671,671,500,480,372,373,181,372,328,207,205,162
200,152,294,150,317,321,216,199,175,217,75,174,177,95,113,71
192,200,248,161,190,256,108,109,190,191,90,90,134,84,70,45
616,595,556,423,428,512,165,213,453,325,252,154,246,188,136,70
1053,838,979,724,854,1052,455,508,814,811,364,346,517,347,270,187
821,590,829,508,900,945,621,614,575,600,252,414,484,250,291,249
424,323,486,295,501,494,339,308,300,282,136,240,258,147,165,104
385,327,455,287,409,437,191,216,293,269,135,169,229,135,134,71
631,600,576,437,456,523,215,242,464,333,243,184,266,195,151,82
1033,832,1078,800,828,981,423,505,839,857,358,364,552,357,270,203
988,691,1026,609,948,978,589,652,675,745,299,487,565,310,329,296
650,504,633,408,627,634,386,414,383,359,221,331,300,199,193,144
485,389,492,353,463,442,285,274,309,275,176,216,218,153,136,86
631,544,542,423,456,465,241,254,386,297,237,194,238,188,134,78
860,742,750,600,642,695,369,391,626,482,323,282,344,277,184,117
1005,743,959,669,906,995,587,660,716,758,323,404,478,356,284,225
692,538,643,434,619,659,456,433,435,384,228,323,306,198,180,127
569,497,530,396,494,523,325,300,378,306,214,225,242,170,143,85
763,662,685,514,582,684,354,340,565,422,274,237,311,228,166,92
902,726,851,633,826,927,486,526,668,604,297,328,440,285,228,144
689,548,666,446,720,768,473,477,464,419,225,328,362,207,213,138
727,651,626,528,547,581,338,321,536,371,290,243,294,224,168,102
1125,808,913,809,861,927,513,562,794,832,374,386,525,383,288,232
772,582,700,513,776,783,574,541,525,517,260,420,412,246,239,232
548,416,519,385,509,501,362,318,347,299,211,248,263,179,159,104
437,378,485,354,455,458,289,271,331,281,204,212,240,158,136,80
691,590,615,455,522,592,317,302,538,414,274,227,305,216,167,91
922,765,846,623,820,945,456,499,749,754,338,373,505,326,253,203
783,601,755,509,859,955,558,600,607,599,275,446,482,274,263,261
595,493,576,414,579,617,391,379,398,368,231,289,299,194,171,115
601,534,577,428,537,575,337,318,431,355,250,239,287,193,163,96
812,694,730,625,660,765,406,404,718,556,338,284,403,256,194,123
919,714,896,683,982,1063,594,625,771,904,329,427,641,334,364,259
772,589,701,537,786,790,507,506,614,542,275,375,447,253,250,184
607,523,571,446,597,599,397,385,498,364,253,302,327,207,179,122
714,602,624,535,612,633,389,387,605,407,290,297,358,250,189,125
818,648,717,626,746,765,471,512,675,499,320,370,431,294,239,170
852,694,807,674,806,831,518,563,707,597,355,393,473,352,262,191
727,633,673,559,727,704,534,536,594,466,311,388,395,262,228,166
708,623,667,562,681,716,498,478,582,456,307,347,399,265,219,154
696,571,670,508,671,729,506,464,543,476,287,353,395,250,228,170
681,555,635,487,600,681,441,384,486,422,264,294,347,224,194,143
668,574,623,469,567,649,425,351,474,397,263,266,315,227,183,130
747,597,700,497,664,778,435,407,557,463,277,306,394,258,209,163
755,596,701,495,658,771,415,405,550,472,276,313,394,246,213,164
750,577,718,480,690,773,426,419,535,474,261,323,407,243,223,166
631,519,590,422,561,595,372,346,406,352,236,279,310,196,189,128
676,531,633,439,575,624,366,340,450,407,238,270,334,205,198,132
754,624,675,515,591,669,359,355,555,470,274,279,374,244,202,141
812,628,745,543,729,816,432,451,594,637,278,364,485,302,270,205
653,534,631,435,589,670,388,379,451,416,248,320,359,223,213,161
646,530,632,428,575,667,351,359,460,404,248,276,348,224,203,139
677,574,657,446,564,665,349,353,525,411,264,275,346,232,195,128
837,639,830,519,724,848,397,450,607,567,294,356,482,298,266,186
776,587,740,458,697,764,411,444,511,469,266,365,418,245,247,181
783,609,760,472,647,721,385,401,540,471,276,306,413,247,220,147
835,714,764,543,657,743,399,392,604,504,317,319,445,282,224,154
812,632,771,504,765,811,481,502,560,518,280,392,486,266,282,214
660,541,624,427,595,636,391,372,421,384,238,321,350,212,209,136
640,551,595,430,536,594,337,315,433,355,244,257,304,207,181,111
943,805,786,665,656,821,367,389,718,572,359,319,471,344,238,139
910,664,834,549,882,1014,562,605,628,574,309,485,580,330,339,268
688,561,631,442,621,643,400,403,442,349,255,342,340,229,206,139
769,643,673,516,608,641,363,365,563,393,313,290,354,258,197,120
940,755,798,660,789,788,447,508,668,524,379,384,432,346,243,185
845,629,741,529,828,808,557,580,551,486,297,425,431,280,245,225
692,568,617,457,595,621,414,383,426,347,261,300,315,223,183,126
787,661,685,567,600,692,381,366,550,437,323,274,366,250,190,122
910,670,815,633,783,870,534,495,602,595,320,356,479,278,245,183
781,591,703,479,676,738,502,429,518,472,265,335,406,232,214,143
682,547,617,429,569,605,386,345,438,360,245,279,319,206,178,107
890,708,753,576,664,751,384,390,625,490,309,306,432,257,204,114
956,756,853,684,816,862,483,508,706,630,337,388,495,300,248,156
835,658,742,552,795,781,482,517,589,532,294,398,447,265,233,158
696,587,634,475,631,634,388,392,471,378,269,319,327,216,178,112
827,726,755,635,664,762,390,417,639,534,345,296,394,273,190,112
816,657,771,596,765,831,525,538,600,553,315,381,433,256,217,151
759,589,696,492,658,730,454,457,491,453,277,332,352,222,188,123
736,603,655,487,598,655,388,365,482,402,270,278,327,208,170,100
890,667,750,592,711,783,426,425,605,544,318,302,401,239,191,114
939,699,797,612,821,846,520,520,632,600,322,366,451,243,214,132
835,668,710,543,708,786,486,458,570,463,295,343,377,218,194,115
901,737,776,625,790,862,500,498,645,527,327,349,421,244,212,125
854,657,787,562,817,876,519,523,610,507,289,367,427,227,225,142
719,590,666,483,656,696,397,395,505,382,241,298,320,192,172,103
847,675,775,621,724,772,383,411,634,450,301,289,349,235,180,104
920,694,802,660,852,851,498,512,654,491,324,355,382,252,205,130
848,657,738,605,824,809,501,547,604,437,293,356,361,236,198,131
808,658,694,589,752,747,429,493,566,397,286,319,332,219,178,114
862,726,745,675,770,775,441,492,594,417,308,316,344,239,183,122
996,767,849,819,877,908,558,555,636,520,344,348,398,269,209,147
856,674,760,650,697,719,413,387,537,399,278,260,337,206,175,104
874,669,778,617,734,734,475,422,524,420,270,299,355,207,188,121
798,626,700,528,667,671,450,385,438,371,244,279,315,195,173,111
804,629,697,530,629,660,403,351,428,382,238,257,311,193,168,106
754,600,664,489,595,632,374,330,388,354,223,244,289,181,161,99
864,663,735,588,624,681,367,339,495,424,253,241,319,203,168,101
825,637,741,539,641,686,407,371,445,420,234,274,322,193,173,113
801,622,740,525,596,675,376,333,443,414,229,242,315,187,167,102
863,660,803,591,628,738,381,350,522,490,259,262,359,211,180,106
868,677,780,617,661,766,414,388,545,494,271,308,387,215,197,118
876,674,809,602,710,829,432,420,560,518,264,346,446,221,222,127
805,675,723,533,624,723,390,364,527,435,257,303,378,206,195,110
849,714,780,536,678,767,394,402,572,477,267,329,427,218,218,118
804,661,745,494,666,740,383,393,528,459,252,334,387,207,217,117
850,686,774,522,676,761,358,388,565,510,262,313,417,218,233,117
780,618,723,468,647,716,359,375,507,460,239,317,390,207,217,114
769,635,686,467,590,660,322,323,519,432,243,271,346,207,196,99
825,648,744,495,665,737,346,380,546,467,255,316,412,219,227,115
797,626,705,474,646,694,349,378,511,438,240,318,378,210,217,111
797,634,692,480,634,687,332,364,518,431,245,296,377,212,217,112
860,673,736,514,658,746,347,381,567,465,265,318,411,236,239,123
848,652,721,492,678,744,373,415,530,452,254,344,409,228,249,135
855,677,720,515,643,722,346,386,548,460,273,317,391,234,235,126
871,674,728,535,698,760,385,441,563,478,279,353,426,255,251,144
882,689,748,562,716,793,393,450,585,494,294,356,440,285,249,143
861,701,721,572,694,762,396,442,577,473,307,358,424,283,245,147
863,677,744,584,761,822,440,502,578,489,301,378,462,297,267,172
830,671,696,568,682,763,405,438,567,448,299,359,419,278,236,142
958,753,812,729,784,886,439,500,655,557,368,379,499,376,274,175
918,691,789,630,843,878,538,545,615,530,330,418,499,338,294,221
828,651,722,559,737,772,450,476,569,454,311,375,437,290,253,163
881,698,767,636,783,822,433,475,619,498,329,374,464,327,260,167
898,703,817,658,843,877,491,520,654,539,338,400,491,360,284,198
840,661,750,580,811,825,484,507,615,474,307,398,462,318,268,187
779,626,705,515,730,755,419,445,566,426,278,369,423,273,236,157
802,667,727,557,712,746,384,421,600,437,307,353,420,298,232,143
799,638,748,540,782,790,442,488,594,464,296,383,445,302,251,170
754,609,695,502,718,735,397,442,555,422,275,364,414,275,228,144
763,631,692,520,690,721,362,415,575,422,287,345,406,279,223,134
769,622,698,514,726,732,386,446,575,420,280,366,413,276,229,148
755,604,693,496,700,724,379,428,551,408,270,357,406,267,226,143
724,599,663,475,647,672,356,385,530,377,263,330,363,246,207,122
786,646,720,548,704,731,372,420,599,424,300,351,401,290,222,132
787,621,724,530,769,759,444,482,588,437,292,389,422,291,237,162
734,593,670,486,683,688,378,417,538,378,271,359,373,251,211,133
788,636,713,544,731,728,390,442,590,412,299,363,402,283,223,136
757,596,708,501,773,737,431,473,556,401,273,381,401,272,232,153
720,589,665,487,667,665,356,394,534,365,269,333,353,243,198,116
758,615,701,526,708,701,374,423,576,392,285,349,382,271,210,124
763,606,713,521,733,720,401,451,574,403,280,368,392,275,215,133
710,573,664,475,667,662,371,408,529,362,264,344,358,241,196,121
737,611,678,499,665,669,355,401,564,369,281,324,360,255,199,117
758,608,705,510,720,707,399,449,568,387,277,360,384,267,213,135
711,578,659,468,656,640,365,400,509,348,262,334,341,237,193,118
724,597,662,493,662,642,352,390,536,358,274,314,346,245,193,115
774,619,701,532,715,688,391,436,574,390,290,346,381,273,206,133
727,577,671,475,697,663,402,434,515,361,261,356,357,244,203,128
731,607,664,492,643,636,345,375,533,358,276,309,342,248,186,112
750,610,685,506,689,664,377,420,542,371,277,339,363,257,203,123
750,611,681,507,687,665,381,418,543,370,275,335,361,256,200,123
732,599,666,488,670,647,370,403,525,358,269,330,347,246,193,117
740,611,669,499,666,647,362,397,537,361,274,323,346,251,194,116
744,611,677,500,677,657,375,414,538,364,272,335,354,252,199,121
737,606,671,496,675,653,372,407,535,360,271,332,351,249,194,117
738,608,671,493,674,650,368,407,538,359,271,330,349,247,192,117
738,607,673,498,672,650,366,404,540,361,272,328,349,250,196,118
740,607,674,495,677,656,371,412,538,362,274,334,351,253,195,115
737,606,670,494,671,651,368,406,538,359,270,335,348,253,195,116
735,604,669,491,672,649,368,407,532,356,268,333,344,251,195,116
736,606,672,493,668,648,363,404,532,357,273,326,347,249,195,115
736,608,671,493,674,651,366,408,536,356,271,330,350,249,196,117
737,605,671,495,673,652,369,410,537,358,272,332,350,250,195,117
736,604,671,495,674,652,368,408,536,357,274,334,349,251,194,116
735,615,668,496,675,649,370,409,540,357,279,335,350,248,197,119
978,830,904,844,845,832,434,522,795,557,449,376,490,514,265,167
931,721,891,745,981,879,696,710,691,536,380,523,530,449,333,277
925,766,852,784,868,798,549,578,714,492,417,425,470,447,275,205
943,786,873,809,912,823,635,642,729,507,429,470,489,477,298,242
951,794,876,825,919,816,665,662,733,496,439,475,486,485,296,247
952,793,884,825,944,829,698,684,734,505,436,494,501,494,312,263
951,793,881,827,935,819,683,676,732,501,438,483,493,490,305,254
949,793,873,823,933,815,693,679,728,490,438,486,488,488,304,258
948,793,876,829,936,817,693,680,731,491,439,486,492,492,305,257
952,795,879,833,940,821,701,682,735,494,440,489,493,494,308,260
952,796,877,834,940,816,700,682,731,490,439,489,489,493,307,258
954,798,880,836,943,818,703,686,735,489,440,488,493,496,308,260
955,801,879,841,944,821,703,687,734,493,443,489,491,498,308,261
955,800,881,839,945,817,710,689,734,490,441,491,492,497,308,263
956,801,881,845,947,819,709,688,739,488,443,491,488,499,309,261
957,803,879,846,947,819,709,690,740,490,446,490,491,503,311,260
957,802,880,846,949,820,715,693,736,487,446,493,493,504,310,264
960,804,883,850,951,820,716,691,739,489,445,492,493,507,312,264
962,808,883,853,951,819,720,693,738,487,452,494,491,508,312,265
963,808,883,855,958,821,728,699,743,488,452,496,493,514,314,266
965,808,886,859,959,822,726,699,742,488,454,498,495,516,315,269
966,812,885,863,961,820,730,697,746,487,453,497,494,515,313,267
963,815,887,867,965,822,734,706,748,485,456,500,495,518,314,271
968,818,889,873,971,823,741,708,751,484,458,503,495,526,318,272
968,818,888,873,973,823,745,711,750,485,456,503,495,525,320,277
970,818,893,880,976,824,748,713,755,484,460,505,496,530,321,274
972,823,893,887,975,823,751,715,757,484,462,506,496,534,322,280
975,829,894,896,976,822,756,715,760,480,465,508,497,539,321,278
970,822,891,896,980,819,769,725,757,473,462,512,496,537,325,281
978,833,896,907,982,823,766,722,764,480,469,509,498,551,324,280
976,836,896,910,984,822,774,728,766,474,471,514,497,553,327,285
980,840,900,920,991,826,784,736,769,476,474,517,500,561,329,285
981,842,907,926,999,831,789,737,774,480,480,521,501,569,332,287
984,846,907,930,1000,837,790,737,778,476,478,519,505,578,336,288
992,849,918,935,1016,846,795,748,783,484,476,528,515,592,345,292
999,862,928,951,1011,844,789,742,795,491,481,522,514,601,341,291
1004,867,935,956,1023,851,802,761,795,492,484,532,520,605,347,301
1015,873,947,964,1024,853,802,766,808,503,487,536,522,612,345,302
1016,885,947,965,1023,857,803,772,824,512,491,539,531,620,348,303
1014,887,954,957,1033,868,826,797,830,515,489,558,536,620,360,314
1042,893,982,964,1045,898,825,804,866,553,497,562,566,652,373,321
1044,890,972,961,1048,897,827,802,863,555,493,572,561,638,369,323
1053,903,982,968,1062,918,826,806,878,587,503,574,586,660,385,331
1062,907,993,968,1074,937,844,825,887,604,505,582,607,675,400,346
1068,905,985,950,1063,942,842,816,884,610,497,583,610,660,398,342
1082,919,1010,965,1083,973,839,841,911,648,506,593,641,679,412,357
1080,930,1012,974,1082,985,843,832,930,671,520,600,646,689,414,364
1098,928,1009,961,1090,1008,851,848,932,666,512,608,656,684,427,373
1122,941,1039,978,1078,1041,853,840,946,717,521,598,691,693,445,381
1132,927,1057,983,1090,1081,877,856,947,713,519,607,697,680,461,394
1165,941,1080,997,1090,1096,844,850,954,764,526,592,701,675,465,382
1153,913,1032,974,1073,1091,823,810,903,755,513,582,687,620,469,362
1225,913,1083,1015,1100,1168,816,844,919,875,523,584,746,665,519,389
1224,900,1056,995,1068,1144,792,818,919,857,512,576,721,625,486,361
1214,913,1068,975,1080,1176,780,848,924,902,499,586,760,635,513,367
1239,939,1072,985,1056,1178,743,829,974,919,503,575,771,636,507,352
1240,937,1086,984,1071,1174,793,883,976,919,499,591,789,633,533,380
1239,943,1100,983,1048,1162,763,851,987,917,503,578,768,620,503,361
1260,945,1120,950,1056,1163,772,877,975,940,483,590,787,603,504,368
1275,967,1143,936,1057,1172,771,861,985,942,483,589,787,602,504,367
1299,966,1154,951,1086,1179,766,867,980,935,488,595,787,629,517,378
1241,927,1106,899,1090,1147,745,841,936,855,473,607,761,538,492,366
1222,925,1131,914,1103,1204,736,808,964,902,471,599,778,498,509,365
1228,925,1125,889,1050,1155,731,752,978,887,462,590,736,445,472,333
1173,953,1126,890,1046,1129,724,733,992,908,456,561,736,442,454,314
1165,964,1132,915,1041,1136,755,755,947,890,454,544,748,462,431,311
1261,957,1227,1049,999,1054,771,741,885,924,479,491,667,492,350,308
1257,944,1144,1024,1038,1054,817,808,840,866,457,510,660,474,363,343
1261,1004,1102,994,1016,993,776,743,847,804,471,482,627,464,335,301
1249,953,1126,948,1083,1031,829,817,843,797,466,514,630,461,367,329
1285,947,1155,982,1098,1076,822,800,903,846,469,503,654,499,374,320
1242,908,1135,1016,1097,1091,819,823,910,836,468,515,653,475,378,319
1215,888,1129,1015,1102,1158,830,829,906,832,470,519,643,470,382,311
1192,921,1146,981,1062,1165,819,795,904,807,487,496,618,453,367,292
1205,934,1144,936,1101,1226,876,897,886,838,476,530,646,467,381,322
1223,914,1091,981,1059,1222,828,845,928,882,477,503,648,479,366,306
1219,911,1051,980,1105,1200,841,843,908,867,478,526,650,464,366,313
1234,964,1140,1017,1143,1220,876,907,988,951,493,553,709,514,380,345
1173,924,1100,973,1061,1108,844,871,979,899,482,534,672,489,362,315
1219,899,1123,956,1114,1202,829,911,994,975,484,553,746,515,397,324
1242,910,1125,965,1142,1196,792,864,1041,955,487,530,708,503,371,297
1240,959,1166,985,1140,1163,813,882,1071,1007,494,562,707,508,397,316
1182,921,1154,961,1147,1184,833,915,1032,1065,471,598,748,490,415,332
1230,953,1129,981,1079,1211,795,856,1090,1092,486,553,738,514,399,303
1224,909,1110,900,1061,1212,786,835,1033,1070,466,554,733,459,388,297
1192,835,1125,869,1057,1230,784,820,947,1091,462,552,761,458,397,299
1331,902,1194,943,1105,1236,759,823,1026,1146,512,548,805,571,415,305
1238,870,1152,932,1080,1178,801,843,979,1048,493,575,759,524,383,314
1162,881,1142,942,1056,1188,785,846,949,1050,488,580,741,536,386,317
1102,881,1115,932,1045,1202,754,845,940,1043,483,558,747,541,395,327
1156,927,1127,963,1076,1207,796,862,1006,1092,483,595,778,586,414,357
1130,918,1012,909,1014,1092,751,763,939,927,462,579,693,499,399,334
1179,931,1130,915,1063,1147,764,814,963,999,456,587,782,520,446,356
1177,886,1131,905,1075,1155,758,805,920,1013,429,568,808,519,446,330
1240,982,1155,938,1028,1166,702,735,983,1060,471,528,785,561,402,300
1177,904,1162,895,1069,1164,860,829,912,1018,458,599,762,526,434,360
1223,912,1155,963,1076,1189,860,833,942,1034,489,557,763,539,437,373
1123,890,1101,974,1001,1117,834,785,904,865,484,519,670,515,398,339
1197,924,1149,969,1031,1169,813,849,946,942,497,521,733,625,409,350
1159,898,1071,939,1016,1091,811,813,921,885,498,556,659,593,385,362
1154,873,1083,888,1109,1119,816,868,924,896,489,633,681,572,441,419
1160,913,1140,934,1087,1096,752,778,1063,894,508,586,697,619,460,386
1172,911,1078,894,1051,1202,801,857,975,884,475,609,759,612,483,392
1238,951,1121,959,1022,1255,764,771,1019,982,490,576,802,673,476,372
1174,900,1061,918,1019,1141,766,775,926,923,474,597,720,557,468,399
1237,958,1175,978,1067,1206,768,811,1003,1051,509,564,786,634,521,402
1219,943,1176,945,1080,1195,838,865,934,982,498,585,793,623,530,409
1191,926,1138,923,1036,1163,761,776,939,952,490,550,754,619,467,385
1148,872,1116,867,1006,1118,733,767,924,887,462,555,706,579,440,377
1212,901,1217,890,1055,1240,735,847,956,996,479,574,758,648,503,394
1160,880,1140,855,1018,1194,734,801,936,901,466,583,754,554,493,385
1136,839,1157,875,1043,1229,739,845,972,1021,459,577,809,578,550,401
1001,840,1001,867,891,1046,663,721,911,798,471,505,687,498,413,331
1059,883,1090,902,995,1181,739,790,924,972,468,563,786,580,476,377
1072,875,984,896,946,1043,739,722,880,915,456,519,706,562,427,357
1185,853,1057,922,1004,1067,786,733,903,943,469,531,735,571,440,373
1208,902,1132,1040,1002,1045,768,738,967,957,514,520,700,598,426,355
1078,832,1041,874,1056,1036,823,839,849,803,450,584,668,521,447,370
1103,839,1022,850,1041,1090,773,803,878,828,456,535,725,556,431,360
1099,827,1041,872,1056,1110,787,795,920,828,476,537,703,540,418,390
1130,858,1041,908,1030,1137,817,804,960,844,487,530,719,586,438,393
1061,850,986,897,972,1129,826,824,911,844,475,535,698,549,415,369
1067,889,965,960,953,1048,856,770,891,855,499,534,658,544,398,356
1020,892,975,965,966,1006,877,805,935,864,511,554,659,580,408,355
1030,875,975,959,999,1049,975,939,901,823,491,590,717,598,434,355
1140,935,1050,1021,1056,1063,884,928,982,942,542,556,728,679,430,351
1160,929,1078,1007,1101,1062,884,915,1086,893,547,588,697,701,451,386
1150,863,1034,958,1082,1081,923,1012,1024,814,493,626,703,652,461,395
1178,865,1046,968,1055,1121,840,860,1065,880,482,574,744,656,446,382
1140,894,1069,975,1080,1171,847,921,1079,1022,486,592,766,637,489,428
1115,958,1025,971,1046,1101,815,844,1046,966,490,553,718,572,460,400
1115,881,1058,948,1129,1186,877,946,1020,1032,464,584,792,542,527,422
1064,846,1045,887,1053,1095,801,833,975,927,475,527,682,520,408,352
1076,848,1093,923,1063,1148,830,814,982,986,481,534,689,547,425,352
1105,926,1055,982,1026,1130,797,814,1013,967,484,520,671,620,405,345
1063,880,965,862,1013,1071,810,831,909,838,459,564,634,521,390,377
1209,914,1017,965,1006,972,816,808,934,832,493,532,651,530,405,381
1210,935,1058,955,1047,1032,819,860,960,858,483,531,680,559,413,371
1065,897,990,932,1020,980,818,806,921,711,458,519,634,532,365,355
1098,874,1046,918,1020,1049,803,777,900,793,425,539,647,541,382,364
1155,930,1053,978,1006,1116,802,755,1001,862,452,509,643,582,383,348
1137,921,1026,965,1082,1074,897,831,926,842,447,536,663,503,418,371
1062,845,978,906,1022,1022,864,795,865,734,419,489,627,439,392,329
1023,853,952,864,989,1023,802,762,849,722,426,456,582,446,353,282
1062,935,1030,934,1006,1047,825,782,970,788,478,460,582,537,341,285
1057,879,989,895,996,1026,896,861,912,676,469,484,545,505,351,315
1089,862,1024,904,996,1050,897,844,909,691,464,493,561,539,383,337
1034,889,1002,886,923,951,816,782,896,695,463,476,542,526,339,302
1113,939,1070,970,1015,1013,878,887,980,796,485,524,589,610,388,342
1078,877,1047,931,997,964,901,873,896,735,465,536,591,535,393,355
1116,953,1126,968,983,1011,840,811,1048,832,506,495,646,621,406,346
1125,959,1071,945,986,977,840,831,959,735,480,533,621,550,391,346
1197,913,1163,925,1079,1047,870,956,958,853,458,565,668,574,438,398
1178,904,1172,961,1002,994,795,776,931,821,456,531,631,527,404,356
1139,927,1119,941,994,1020,822,774,972,786,465,523,635,540,383,348
1108,851,1045,891,1001,1015,864,798,890,756,422,511,647,507,388,363
1166,903,1122,977,1035,1029,866,767,937,842,463,481,657,539,387,366
1073,878,1038,927,1032,1025,915,846,889,806,453,514,604,485,392,386
1104,906,1031,911,980,1015,835,780,894,747,471,463,578,488,363,330
1075,885,1009,893,998,981,878,825,872,717,468,484,563,504,355,326
1055,914,1073,911,1005,1002,880,809,915,732,481,502,571,537,353,340
1089,914,1101,902,998,1027,886,878,916,755,499,524,596,566,369,349
1030,872,1028,921,962,972,925,836,902,702,483,513,579,538,364,344
1008,858,1068,945,989,965,951,852,897,746,473,532,616,552,386,362
974,893,973,979,920,897,910,839,895,706,492,503,568,549,352,328
1058,896,1009,1033,1017,970,986,971,891,744,480,527,642,581,393,368
1035,875,973,1017,996,901,912,890,874,684,481,503,592,569,375,350
1051,925,1050,1064,1036,969,931,964,960,750,508,517,608,638,396,380
1090,967,1064,1105,1078,1046,901,946,1009,787,511,524,632,690,426,392
1059,943,1010,1043,1060,996,852,917,997,762,486,528,591,619,407,378
1168,967,1136,1069,1184,1174,943,1029,1031,931,472,598,689,681,497,432
1110,898,1104,988,1102,1133,926,832,1014,895,476,567,656,620,451,385
1049,865,1118,986,1091,1173,944,841,1048,990,487,569,697,640,483,411
987,861,1101,955,1082,1176,899,882,908,915,479,525,698,607,468,394
1061,911,1116,983,1052,1226,842,975,967,1007,519,519,719,722,473,405
1024,851,1000,944,1049,1174,917,1046,975,920,483,557,649,713,468,422
984,832,931,946,997,1051,927,841,957,727,468,535,588,600,418,372
954,849,919,960,921,1014,858,800,968,728,468,510,606,567,427,379
982,876,929,959,962,1025,860,887,885,815,472,510,643,587,453,385
1011,924,944,984,989,979,895,867,883,850,489,506,632,575,428,350
994,880,958,936,1032,932,936,861,866,859,484,536,617,533,410,354
987,931,989,955,1013,932,928,860,928,750,507,509,588,541,400,347
1007,904,1007,951,1018,1005,958,907,913,726,493,533,616,589,424,361
986,836,954,920,983,984,921,877,869,682,476,514,596,539,384,351
1033,885,1031,977,999,1007,905,848,974,803,502,516,604,569,383,341
1027,839,1016,935,1007,1002,966,885,949,779,490,539,617,542,406,363
1045,859,968,928,975,977,923,860,918,723,489,525,607,574,399,340
1104,903,990,944,986,979,884,870,979,782,504,516,629,634,387,354
1058,918,942,920,986,949,946,874,935,742,516,530,614,620,385,372
1036,885,972,910,1002,941,946,865,907,752,488,536,603,611,403,398
1026,886,1000,946,947,915,895,801,929,721,494,498,588,628,388,366
1031,916,1052,955,974,972,916,863,926,785,502,538,626,661,430,388
1024,904,1028,924,946,923,919,887,861,711,473,548,606,585,422,388
1075,935,1054,967,985,952,857,879,900,787,496,543,644,603,456,388
1159,960,1075,964,1046,991,881,940,929,843,484,569,673,601,495,411
1177,957,1045,935,1014,942,847,891,916,744,478,540,634,555,457,387
1239,1069,1083,1034,1016,981,837,886,1030,805,491,525,670,627,453,383
1163,981,1074,948,1047,1021,888,883,954,782,467,575,663,569,464,404
1140,940,1066,923,996,1007,821,811,928,763,450,513,637,515,414,373
1175,933,1122,938,998,1051,797,818,939,887,470,509,661,528,414,384
1178,928,1123,937,1012,1053,819,850,897,853,476,514,655,507,413,385
1087,909,1054,911,965,999,774,760,850,770,469,483,615,482,386,344
1076,904,1069,921,1000,1038,777,777,860,836,463,495,624,526,384,333
1095,929,1066,926,1007,1011,801,776,853,787,449,501,605,528,370,325
1144,963,1060,943,1008,1031,819,763,872,757,471,500,593,551,364,327
1125,942,1035,936,996,991,847,772,859,714,470,521,592,544,374,332
1042,903,999,906,919,919,877,758,765,596,491,472,543,533,352,349
1102,956,1051,951,958,945,882,803,814,643,510,484,551,597,375,360
1117,929,1055,935,996,935,929,853,811,621,511,503,547,579,382,360
1066,879,983,907,961,883,881,825,778,552,480,491,525,532,377,345
1054,909,992,903,959,898,846,815,797,582,485,495,537,553,391,351
1157,986,1086,965,1011,967,896,871,914,663,505,531,569,640,414,381
1156,932,1033,935,1030,950,941,894,882,659,488,583,559,638,424,397
1108,877,975,903,977,911,906,831,863,591,472,550,540,573,399,386
1158,896,1018,933,967,950,920,830,886,634,487,539,569,600,405,384
1158,924,1017,951,995,967,946,840,881,656,490,550,605,602,426,407
1164,938,1029,953,981,962,936,820,905,661,489,542,618,575,421,404
1185,963,1059,956,1001,989,937,868,909,739,501,542,666,573,435,413
1145,958,1045,932,983,967,936,880,887,732,495,532,671,542,420,410
1086,972,1014,910,938,931,909,836,884,722,513,504,634,532,399,375
1103,969,1042,914,994,981,953,888,892,797,504,534,676,554,431,406
1092,952,1059,905,1016,1000,955,888,883,783,495,534,669,556,420,389
1064,959,1048,914,984,931,892,817,905,739,509,516,600,549,388,374
1047,955,1036,897,1002,934,921,859,892,732,512,542,593,548,388,384
1063,939,1050,907,1026,943,924,898,916,742,516,559,595,558,391,394
1070,957,1054,929,1001,936,910,878,929,723,525,555,591,559,384,386
1065,950,1056,908,1004,949,945,920,915,708,521,568,599,561,393,402
1095,947,1077,913,1004,967,956,917,920,712,518,570,606,577,396,392
1065,930,1038,891,994,954,969,901,884,670,504,559,584,566,381,389
1078,926,1074,918,989,981,951,880,920,682,515,553,608,577,387,389
1094,933,1081,920,986,1001,976,893,937,693,506,568,613,591,396,404
1081,918,1043,908,965,975,943,865,920,665,493,557,604,579,377,380
1054,912,1039,903,953,970,921,831,928,673,486,544,599,559,371,375
1063,921,1040,900,952,974,906,832,922,715,484,545,614,541,374,373
1091,934,1049,926,937,969,904,811,958,727,480,542,634,550,381,367
1094,906,1018,954,926,951,904,805,976,742,476,538,636,543,379,360
1042,874,966,927,930,920,915,824,930,694,463,533,624,504,375,358
1039,879,975,945,951,937,903,853,919,727,464,538,652,524,391,369
1036,888,982,953,943,928,902,855,915,745,462,526,644,529,382,370
1032,896,975,962,928,917,887,831,915,732,468,521,632,521,380,368
1034,898,997,984,948,944,901,883,910,767,467,533,650,536,393,390
1044,917,1009,995,937,936,902,860,915,788,471,521,654,550,386,384
1045,916,1004,994,945,927,901,862,902,792,469,523,652,537,389,378
1032,919,1003,976,954,929,913,861,888,764,466,527,655,535,394,387
1054,922,1023,961,974,940,907,874,895,802,464,528,664,540,402,387
1074,941,1036,962,983,936,913,856,911,827,467,519,678,559,400,387
1062,944,1011,958,979,922,915,863,895,783,467,517,666,531,392,377
1081,962,1055,958,998,938,938,884,911,831,468,525,684,536,402,389
1070,949,1031,960,989,936,951,887,906,810,464,520,664,514,397,381
1067,962,1023,945,993,920,948,880,900,799,467,513,661,514,387,366
1077,979,1047,978,1003,931,952,887,934,817,468,522,682,518,394,368
1085,969,1032,965,996,921,954,882,916,792,466,523,662,505,392,362
1095,985,1054,966,1007,931,971,897,933,812,470,522,679,519,393,362
1091,959,1025,960,1005,911,960,883,915,782,468,524,650,493,383,357
1093,967,1026,963,1009,914,951,870,922,792,472,517,645,504,385,357
1085,957,1023,969,1004,898,951,868,916,781,470,515,639,501,385,352
1090,960,1025,972,1004,895,950,864,925,759,466,519,633,498,384,349
1107,971,1048,981,1026,914,959,875,940,774,471,524,636,507,393,353
1106,967,1034,976,1013,902,949,868,920,752,467,518,621,494,386,352
1124,977,1047,989,1027,912,948,876,930,780,470,514,634,507,393,354
1132,982,1052,991,1026,906,940,875,938,772,475,519,631,512,389,354
1135,977,1055,987,1026,909,946,886,931,768,475,523,632,513,391,354
1138,982,1055,994,1026,911,938,882,944,779,478,519,634,517,394,353
1124,969,1056,997,1026,902,939,889,934,764,475,522,626,514,392,354
1127,968,1052,997,1032,905,935,882,939,755,472,526,627,512,392,357
1146,976,1067,1013,1040,915,943,882,956,765,473,522,626,527,396,357
1147,976,1063,1015,1032,913,945,876,954,757,475,520,621,520,392,357
1149,979,1074,1014,1042,924,952,894,957,766,475,522,631,522,402,361
1146,985,1069,1010,1043,920,946,889,949,761,473,519,622,518,398,361
1156,995,1072,1013,1045,924,941,892,959,769,479,519,624,528,398,361
1157,992,1070,1008,1044,922,948,902,957,769,473,521,625,522,398,357
1154,991,1070,1014,1043,926,944,901,965,782,476,516,627,528,400,362
1152,987,1064,1013,1042,925,941,902,961,776,474,518,627,526,400,359
1150,990,1062,1012,1041,922,940,901,960,777,476,514,625,523,402,356
1151,994,1059,1014,1044,925,940,904,960,770,476,519,626,523,402,358
1152,995,1057,1015,1041,925,943,912,962,774,475,516,626,520,402,360
1146,986,1055,1018,1038,930,947,906,963,767,477,517,627,524,402,357
1146,985,1056,1019,1041,930,950,911,965,772,476,516,629,521,403,360
1143,978,1051,1010,1037,927,941,895,952,769,469,512,627,510,398,355
1140,977,1046,1007,1033,925,931,884,949,764,470,508,621,507,396,351
1142,973,1042,1006,1032,925,927,884,948,767,468,506,622,506,393,350
1137,971,1041,1003,1031,924,926,877,944,766,466,505,624,503,394,348
1138,970,1040,1004,1030,922,921,874,947,765,464,506,625,500,392,344
1136,969,1039,1000,1026,922,916,876,943,762,463,503,622,500,388,347
1079,815,1005,878,1024,916,917,871,833,743,384,502,618,443,391,345
627,489,646,449,663,609,571,474,392,362,241,375,336,218,229,191
277,291,344,321,406,358,332,278,283,252,196,204,207,167,139,96
626,623,609,503,522,518,335,317,488,325,297,214,270,234,157,98
983,834,878,838,836,787,552,574,774,653,388,373,519,386,287,223
914,755,830,751,875,780,699,674,698,611,349,446,518,337,309,272
920,767,829,762,845,769,626,616,710,606,354,413,504,338,291,246
882,744,791,721,813,747,624,602,681,566,342,413,481,312,282,237
897,752,809,740,830,761,620,608,695,589,347,412,490,325,288,238
886,748,793,723,811,745,612,594,685,571,344,409,478,315,278,230
882,738,795,713,816,747,617,601,678,570,340,409,480,311,283,234
881,743,790,715,800,740,599,582,680,568,342,403,477,312,275,226
872,734,787,697,806,738,610,594,672,565,336,405,478,308,283,234
857,724,772,674,784,725,586,577,658,549,332,397,463,297,268,222
843,711,760,655,767,711,572,557,642,539,321,386,453,290,260,217
822,700,750,637,752,703,554,540,635,529,319,380,446,287,257,209
785,675,731,598,734,691,539,520,600,510,301,376,431,273,250,203
742,645,693,557,690,654,499,471,560,468,292,349,406,254,228,176
719,628,670,534,652,631,468,433,535,445,288,329,387,249,218,163
690,596,652,508,628,615,456,414,496,420,278,316,366,235,211,148
636,561,624,474,590,578,431,380,443,372,264,292,327,221,200,136
612,531,609,461,568,551,415,352,406,347,255,272,303,207,186,127
607,554,606,462,550,532,409,342,407,335,257,254,292,206,176,113
639,586,620,506,575,562,408,361,445,367,263,265,312,220,186,124
682,616,646,539,601,607,441,381,510,415,278,289,345,238,197,128
700,630,655,545,623,627,481,405,520,428,279,314,370,242,208,147
695,647,658,548,633,629,470,425,532,425,283,313,378,248,207,145
728,664,684,588,647,653,494,444,585,460,293,322,403,273,216,160
701,639,684,542,658,680,503,469,553,470,280,356,424,260,228,174
627,551,622,473,607,612,448,402,432,379,250,316,350,222,201,147
564,507,555,439,524,498,384,335,361,296,225,248,264,189,152,108
524,479,534,422,500,468,350,310,347,275,219,227,245,178,138,97
541,492,534,429,496,470,346,307,377,276,234,224,251,187,135,92
608,572,587,487,531,529,374,331,480,316,270,244,286,216,153,104
744,653,697,583,617,667,453,429,623,440,303,332,415,265,212,155
750,635,731,569,677,750,514,503,630,509,294,392,460,272,247,205
628,522,626,455,595,627,465,420,447,347,250,349,339,218,204,153
501,426,524,401,500,466,370,320,332,263,191,249,239,168,139,106
336,225,355,289,380,340,278,239,220,203,120,180,170,121,99,77
169,175,195,183,207,203,185,147,156,146,102,115,121,96,73,60
204,241,234,239,224,233,179,146,205,166,137,109,132,110,77,57
570,545,541,436,461,442,271,262,389,257,267,173,213,188,111,75
849,763,828,610,688,743,453,471,718,533,376,331,401,327,223,166
838,686,888,562,832,822,611,651,661,598,344,445,481,311,285,272
628,493,634,425,629,602,455,460,374,336,238,335,308,201,197,152
340,287,418,284,435,398,306,271,234,223,139,200,171,129,105,78
450,460,446,387,353,372,226,205,291,229,208,137,167,148,89,62
679,637,610,496,517,528,347,309,458,311,294,208,259,214,142,91
804,713,736,609,672,663,517,451,590,420,334,310,382,280,219,165
805,687,722,581,672,656,592,478,551,386,309,347,389,265,231,185
733,606,655,511,616,600,536,419,445,324,278,311,329,240,209,157
637,551,582,451,526,492,465,336,355,266,245,252,255,205,168,119
641,573,575,461,509,472,414,317,357,259,250,230,240,202,145,100
780,684,649,563,551,548,447,353,545,311,307,249,289,275,173,115
928,752,831,668,762,740,572,539,624,457,344,390,403,363,261,208
787,608,721,507,691,670,556,520,452,359,266,384,339,261,230,183
627,503,580,416,526,517,398,339,339,266,219,252,240,193,148,109
601,500,544,406,481,456,326,284,321,244,212,200,212,179,124,85
735,669,624,519,517,527,351,305,429,292,305,218,248,232,145,95
947,835,912,723,744,846,587,476,635,555,354,333,447,354,239,220
826,648,778,515,732,793,638,509,475,437,262,384,397,264,237,241
641,568,595,425,521,547,383,310,354,280,227,245,252,194,149,107
870,723,783,603,663,715,445,403,586,436,294,314,374,241,203,139
940,754,822,644,746,747,483,481,620,457,298,363,425,280,227,170
862,701,734,545,699,671,460,451,543,388,273,346,364,250,217,164
771,690,664,551,597,591,398,389,508,341,285,292,313,236,191,136
879,763,795,700,728,692,475,510,616,452,342,355,409,345,241,189
897,778,870,733,776,768,582,583,640,500,359,398,434,388,273,237
841,723,795,661,740,698,613,545,586,445,333,393,413,346,250,232
780,687,676,569,617,608,550,437,535,379,317,337,342,293,205,171
855,744,695,600,656,648,558,466,584,403,342,344,367,315,210,181
853,679,709,590,720,711,603,550,580,413,325,380,405,317,225,197
750,658,657,556,649,634,525,453,553,361,316,326,335,252,195,156
819,703,744,679,718,722,573,529,606,429,349,357,371,286,213,162
804,704,738,653,770,736,640,558,594,402,339,374,380,280,219,173
814,697,755,685,756,699,642,547,604,433,341,361,371,287,220,167
693,628,637,526,637,598,561,431,466,363,290,315,312,227,189,134
717,649,645,587,653,644,512,427,525,404,299,289,342,245,198,137
735,692,659,673,638,667,519,425,614,399,333,306,360,284,212,144
869,744,785,784,791,856,634,545,732,507,382,386,426,434,274,230
842,696,797,689,893,957,755,678,643,578,356,444,454,424,308,271
719,580,715,548,769,788,577,591,501,452,284,382,397,289,248,212
572,487,565,417,557,546,414,346,375,318,222,263,263,189,168,112
720,668,634,555,581,620,371,335,546,389,285,245,315,236,178,107
1002,875,843,899,854,831,561,529,807,542,414,353,433,430,251,172
945,773,865,847,1026,943,683,790,724,595,371,478,496,402,342,291
644,513,617,477,693,615,523,508,406,347,236,358,321,229,206,163
409,341,480,358,489,446,319,298,318,270,181,229,231,165,142,99
605,615,530,512,479,462,259,270,427,301,278,192,250,204,137,80
971,828,1024,844,826,876,609,553,825,688,409,360,475,421,258,195
907,682,971,638,968,1056,792,783,641,656,317,482,532,348,323,299
520,388,528,386,543,512,436,361,337,288,199,290,262,194,168,131
287,239,358,224,364,372,256,234,230,236,122,187,201,132,124,85
499,485,485,397,390,453,200,210,363,289,225,157,235,176,133,81
939,797,827,725,686,758,395,387,722,581,359,264,410,309,206,140
1053,737,1046,690,1082,1086,727,693,718,773,320,461,664,368,363,340
667,523,662,451,638,630,463,430,391,357,226,349,330,216,204,160
483,426,500,380,474,452,312,281,327,263,208,227,235,170,139,102
740,673,632,523,517,547,320,302,513,340,297,229,286,227,157,101
951,831,971,814,812,859,520,542,771,665,404,376,469,385,263,189
897,678,820,621,841,816,670,625,599,521,304,436,427,303,267,235
648,506,600,437,581,582,457,392,380,342,232,290,282,200,177,122
553,488,518,405,490,482,339,296,373,294,229,218,240,179,143,91
857,777,741,645,646,734,404,377,633,442,330,256,339,270,184,104
924,728,866,685,902,960,646,609,649,591,314,372,466,300,251,183
655,518,645,458,698,700,509,453,432,372,234,323,337,204,201,135
589,518,564,442,544,575,381,332,411,331,237,248,283,200,172,102
887,731,758,670,670,729,401,389,647,440,315,274,365,308,193,118
860,732,785,693,818,782,526,528,620,459,320,392,438,297,234,187
865,666,724,601,754,698,508,492,564,426,301,364,386,261,218,172
887,698,707,673,729,723,495,470,601,488,311,346,378,281,221,165
776,632,666,552,666,688,502,447,545,445,297,338,362,249,206,162
743,588,670,496,634,676,470,410,544,425,283,311,358,238,205,150
771,606,700,492,691,728,457,429,550,463,276,325,389,243,217,152
746,649,667,531,652,711,435,422,592,435,301,315,353,254,196,143
856,713,788,678,789,855,493,530,678,591,351,374,435,311,223,179
886,661,860,645,913,938,601,611,658,637,331,399,503,300,282,208
674,551,617,493,660,647,494,445,496,415,265,329,356,221,202,143
682,607,606,526,605,614,426,365,550,405,284,271,332,223,182,119
999,808,854,819,820,882,508,551,875,626,391,366,525,435,261,198
861,617,780,635,890,847,664,660,654,495,319,473,488,348,291,256
562,463,552,440,575,543,450,393,408,303,260,314,290,218,183,133
631,604,592,533,558,575,394,355,484,337,307,261,297,224,180,116
959,789,873,860,800,859,636,577,767,700,428,369,506,442,269,196
822,595,729,597,852,855,800,603,565,523,300,447,473,296,278,256
560,455,534,411,518,494,455,332,332,272,223,262,247,186,160,113
534,440,523,397,476,466,361,286,326,263,221,206,229,173,132,87
783,714,665,618,536,624,356,312,600,414,349,222,314,264,174,103
1001,754,980,804,955,990,633,653,704,718,377,434,588,394,354,269
675,477,662,460,707,671,560,498,415,392,241,394,386,225,253,201
494,421,500,384,479,440,350,292,306,247,198,226,227,170,135,95
542,471,515,403,466,448,296,267,374,263,244,191,226,185,125,81
1047,823,951,802,835,926,574,561,726,709,413,409,574,408,322,237
774,586,703,513,735,765,595,532,485,418,284,432,443,263,260,217
659,535,600,445,551,560,394,345,397,298,264,276,300,222,178,110
807,719,674,603,579,624,377,353,613,381,366,273,340,289,188,112
1005,784,901,767,944,865,602,620,677,585,412,456,479,419,313,262
851,623,744,566,802,760,595,610,525,454,307,429,421,284,253,229
616,526,558,443,534,505,422,347,351,274,256,264,257,198,154,111
771,672,667,604,565,630,386,332,558,400,334,250,325,247,177,109
1062,788,981,758,884,960,638,562,705,714,354,392,562,373,285,217
749,576,675,476,687,664,581,465,481,362,263,387,373,239,210,151
635,539,581,428,558,529,389,340,383,277,251,265,273,197,153,94
913,835,757,798,684,724,390,401,737,512,401,289,399,326,192,107
909,723,840,753,906,893,655,635,656,600,355,479,516,345,276,233
708,563,673,492,663,678,526,487,410,367,274,351,333,220,191,129
648,565,589,459,522,531,378,315,377,285,266,229,236,186,128,83
887,723,769,652,650,736,456,394,620,486,355,274,354,257,172,100
1001,796,879,754,864,920,617,565,707,664,387,389,483,309,237,164
889,698,759,622,826,853,633,563,613,472,323,387,421,238,211,147
834,699,740,593,696,772,507,445,610,422,309,321,354,232,192,115
815,673,731,613,746,757,488,460,589,414,292,343,350,226,192,119
883,702,796,700,789,783,476,480,628,444,323,326,350,254,191,119
882,731,763,728,818,765,523,517,625,412,342,340,341,259,185,119
886,717,789,731,853,817,594,600,607,440,322,360,365,261,198,140
788,657,668,618,704,671,487,470,496,346,292,309,299,215,160,108
958,754,786,813,799,809,536,499,603,439,341,310,345,266,187,118
909,731,768,743,834,821,640,550,578,420,324,344,352,246,196,145
838,645,741,675,795,767,637,527,500,375,278,330,340,222,190,133
801,645,706,631,659,687,499,396,481,342,277,267,301,210,169,106
944,735,823,766,791,764,544,446,591,427,314,287,350,242,180,118
895,688,776,700,798,736,595,495,532,414,286,319,356,237,190,135
841,623,712,587,710,686,533,429,443,368,263,296,328,214,185,120
760,624,632,520,574,580,425,336,389,301,245,251,261,192,155,96
851,737,722,653,615,651,411,352,509,395,293,257,307,217,174,103
961,722,878,736,776,820,526,488,549,543,290,356,443,259,215,149
843,671,706,605,619,668,446,373,481,391,266,295,333,208,176,109
930,754,812,690,708,784,479,414,599,514,298,319,443,244,209,123
846,755,733,611,686,731,485,424,557,432,280,338,393,221,207,120
847,746,734,604,686,716,466,422,570,435,284,341,402,222,219,122
923,803,757,656,717,743,459,431,633,481,303,348,424,254,235,125
801,656,681,516,677,673,450,428,514,408,263,357,372,224,222,124
778,641,652,493,616,626,376,363,494,372,264,293,323,221,195,108
910,771,735,632,695,735,403,413,625,468,324,323,414,281,230,128
911,692,759,577,808,804,490,524,589,491,290,398,457,279,274,172
775,664,636,489,621,628,381,387,475,359,262,326,332,227,201,115
919,757,729,625,694,739,396,430,610,468,324,342,419,282,236,133
935,777,779,677,783,815,487,524,633,513,343,389,463,330,275,180
820,670,695,568,721,734,485,489,540,417,295,385,402,278,251,169
808,698,664,592,653,695,409,411,564,393,315,331,367,283,213,134
945,807,779,773,785,846,495,508,664,511,404,374,465,411,267,177
965,738,817,732,888,925,641,610,638,538,369,445,516,414,327,253
763,616,661,535,702,702,511,468,498,368,294,377,366,263,225,156
805,713,680,646,663,676,405,390,610,380,352,304,362,310,198,124
946,738,839,736,883,878,588,575,685,521,374,425,494,431,293,229
765,605,693,535,761,711,543,506,540,384,291,401,398,288,237,177
690,614,618,502,616,615,399,365,523,328,287,305,312,243,183,113
879,719,765,680,790,761,454,468,656,445,361,367,425,381,236,156
840,666,773,635,851,788,566,535,635,438,329,422,441,364,257,204
702,576,649,495,710,662,468,449,495,339,270,379,346,255,208,147
711,625,635,528,615,618,374,364,541,329,294,294,312,258,179,109
816,690,732,637,760,729,455,462,633,416,339,367,391,348,218,149
754,608,692,538,770,698,506,488,559,377,291,396,382,292,219,162
665,559,610,464,621,596,397,380,452,308,260,320,303,237,177,109
721,621,645,527,636,624,372,370,554,335,301,293,328,266,181,109
769,626,697,556,740,694,448,458,580,372,307,364,375,300,209,140
674,552,625,465,654,612,418,408,454,309,256,334,315,237,188,117
658,566,601,472,582,556,347,343,443,288,269,268,276,226,159,95
730,624,653,545,649,623,390,387,542,328,300,299,325,266,183,111
700,580,639,503,673,615,426,419,483,317,278,334,318,248,183,120
696,601,620,507,621,581,389,373,488,302,285,298,302,247,173,105
752,643,676,595,689,638,426,430,565,337,315,328,336,296,188,117
780,666,693,613,713,641,454,456,567,343,330,336,350,300,202,134
772,653,688,595,734,646,487,488,551,340,324,364,351,289,207,145
787,666,700,615,734,652,475,482,567,349,332,354,354,304,209,144
778,663,695,612,736,647,484,486,562,342,328,361,352,296,210,145
781,665,697,611,738,651,480,486,564,348,329,360,355,300,207,143
780,665,696,612,736,654,480,485,562,345,332,359,352,297,209,143
778,661,697,611,735,650,479,485,565,345,329,359,355,300,210,144
780,662,696,609,737,649,479,483,562,344,329,361,353,301,210,143
780,662,698,609,740,652,479,486,565,345,331,361,356,302,209,143
778,662,695,612,734,647,479,483,562,344,330,357,353,299,209,140
778,663,696,610,736,649,478,484,564,346,331,360,352,299,207,142
780,663,696,610,736,651,479,485,565,342,331,361,352,299,209,146
782,663,698,611,738,651,476,482,565,345,331,358,353,298,209,141
770,669,695,605,736,649,481,486,561,342,335,358,352,293,206,141
934,799,846,824,835,767,534,555,701,452,434,387,432,457,254,184
915,758,843,788,899,788,658,656,664,442,405,454,451,430,289,247
931,785,848,814,873,779,614,610,683,447,425,421,439,453,273,223
931,791,851,821,882,781,648,630,688,444,432,438,442,456,280,237
933,796,851,828,892,783,660,643,689,440,435,443,443,463,281,240
938,795,861,829,901,792,675,656,690,447,433,451,449,467,286,246
939,798,862,835,899,784,669,654,695,448,437,447,448,475,283,243
939,799,862,836,902,785,678,656,693,441,436,451,447,470,289,246
940,800,864,838,905,786,678,660,695,445,436,451,449,475,284,247
941,801,869,841,907,786,681,662,697,447,439,453,451,474,288,249
945,805,868,845,910,787,684,661,699,446,444,452,451,477,287,249
946,807,869,849,912,790,691,668,698,445,443,451,453,480,288,250
948,810,874,855,914,790,695,667,702,445,447,455,451,487,292,252
950,810,876,855,919,791,699,674,704,447,446,459,451,490,293,252
951,816,876,860,919,790,701,677,708,446,448,457,452,493,294,253
954,819,880,868,926,790,711,685,709,445,452,459,452,498,295,259
957,822,883,876,931,789,720,690,713,445,457,467,453,505,299,259
962,828,886,885,937,791,722,694,719,446,460,469,456,512,300,261
964,830,886,890,937,786,729,695,717,440,461,469,452,517,298,261
962,834,885,897,940,785,736,700,716,434,467,471,447,522,300,262
970,838,891,907,952,789,749,712,721,432,468,476,451,530,305,268
972,844,893,917,954,783,749,712,722,426,473,474,453,539,301,269
970,848,888,926,957,778,764,722,718,417,478,485,448,548,305,273
971,848,882,938,956,770,770,722,717,411,483,481,446,558,300,269
967,846,875,946,961,761,786,727,711,398,488,488,439,562,303,273
960,843,859,943,956,746,793,733,706,383,482,484,432,561,297,271
964,852,860,962,957,744,803,735,715,381,492,488,432,573,295,269
964,857,861,974,961,745,816,745,712,380,496,490,435,580,298,269
957,854,846,980,959,737,821,744,704,371,494,484,432,581,296,268
960,857,849,987,961,736,828,748,702,368,496,483,434,594,296,272
974,870,852,1001,961,739,828,746,713,371,500,483,431,616,294,268
971,884,853,1001,960,735,835,748,711,361,506,489,430,617,290,267
971,878,865,991,966,734,845,762,717,364,500,503,433,609,293,271
990,896,906,1029,1011,784,859,783,753,394,516,514,455,649,316,290
1011,913,927,1047,1035,802,876,801,768,422,516,530,476,667,332,301
1022,918,952,1035,1049,825,878,815,789,449,521,551,500,671,339,303
1035,923,985,1046,1081,861,900,840,834,480,526,562,531,697,362,319
1055,904,988,1036,1088,876,901,844,826,497,523,561,546,693,376,326
1061,907,997,1042,1091,898,913,855,871,532,525,586,576,702,387,340
1099,922,988,1028,1077,915,896,837,897,572,530,578,595,713,394,340
1093,929,1001,1007,1079,971,898,853,921,595,534,597,632,695,415,365
1119,917,1011,995,1065,1001,896,845,892,617,517,581,646,638,423,368
1129,897,993,995,1050,1051,847,817,872,701,517,557,662,611,444,352
1161,898,1028,1003,1069,1103,828,829,875,784,499,565,705,622,466,363
1170,915,1020,982,1017,1093,780,800,939,833,496,543,720,611,451,336
1198,913,1049,952,1022,1090,792,840,912,860,469,547,731,591,469,347
1195,939,1020,930,983,1054,752,766,915,789,476,528,686,564,424,317
1206,915,1063,947,1058,1113,792,821,920,837,480,575,727,540,468,357
1150,889,1060,905,1053,1100,780,775,891,800,464,575,698,463,463,342
1207,922,1111,925,1047,1133,772,765,948,869,471,564,721,493,468,340
1144,947,1097,908,1016,1082,766,737,917,863,464,545,706,458,437,311
1156,977,1105,963,1015,1104,771,747,938,887,470,532,732,473,416,305
1103,888,1048,941,968,1071,781,703,844,802,430,509,686,436,376,286
1185,939,1117,1065,968,1106,752,706,896,890,474,487,710,517,383,286
1150,903,1162,1009,956,1033,822,736,831,831,446,509,659,457,355,308
1174,894,1136,978,1001,1025,798,780,802,838,444,511,663,446,353,328
1184,901,1051,960,1044,1170,874,850,888,802,469,516,616,457,358,306
1221,903,1065,1011,1121,1205,849,856,911,875,479,524,670,479,375,327
1242,953,1144,1015,1101,1196,857,897,1037,942,498,543,690,530,383,340
1195,920,1098,959,1063,1138,857,904,1015,899,504,544,665,501,373,319
1182,879,1076,924,1123,1195,825,900,988,870,480,547,664,461,368,313
1200,941,1151,993,1136,1154,825,905,1082,1058,493,565,717,501,409,322
1213,957,1130,991,1101,1199,844,901,1108,1030,494,588,731,502,417,339
1234,903,1119,925,1074,1232,812,862,1050,1077,484,573,753,486,402,308
1226,878,1089,884,1036,1152,778,793,1006,1045,501,540,718,478,382,288
1234,894,1168,961,1074,1169,810,848,1021,1091,515,592,766,542,386,319
1071,838,1084,893,1027,1187,783,846,896,1027,466,583,740,502,386,319
1128,962,1093,986,972,1141,704,759,1018,1045,498,517,717,592,368,302
1103,895,1000,903,1047,1067,817,833,899,890,458,634,715,495,425,373
1143,891,1078,910,1036,1081,752,777,912,912,439,543,737,506,412,320
1235,965,1159,946,1029,1148,745,744,966,1012,479,522,786,581,404,300
1190,944,1131,974,1036,1137,868,785,946,978,504,563,740,556,411,349
1130,873,1101,957,1050,1128,918,844,855,883,477,561,684,516,418,372
1216,918,1136,985,1005,1129,780,791,919,904,497,492,705,644,391,329
1190,924,1081,980,1039,1086,819,828,945,876,515,546,644,635,383,360
1120,874,1070,908,1073,1028,816,819,928,791,490,609,633,568,434,405
1219,923,1156,943,1082,1227,811,867,1004,944,484,589,785,684,505,408
1261,939,1137,990,1030,1275,787,789,1008,998,493,567,814,701,491,379
1160,918,1060,928,998,1108,753,750,902,876,490,560,704,567,445,381
1245,949,1188,962,1080,1238,843,879,934,1017,506,572,825,654,553,414
1205,908,1151,909,1070,1189,804,818,929,955,478,554,775,648,501,402
1144,894,1137,878,966,1084,706,754,904,849,480,519,675,597,417,353
1133,869,1125,858,1035,1197,771,846,918,887,469,595,770,561,517,403
1106,815,1107,880,1031,1156,755,847,906,910,461,568,778,562,524,401
1067,904,1070,944,950,1109,695,744,938,908,492,513,733,597,433,345
1067,879,946,881,925,961,771,733,851,818,460,528,656,542,405,357
1139,843,996,933,1009,991,812,748,840,821,472,540,686,517,420,381
1206,890,1199,1006,1110,1139,815,865,942,950,498,555,757,657,504,384
1102,862,982,872,999,994,817,786,885,746,477,542,663,567,398,350
1064,873,946,892,989,1009,799,766,924,679,495,531,627,530,371,372
1057,854,1002,908,1003,1141,850,882,911,816,482,566,716,586,451,401
1063,873,969,947,982,1088,897,831,859,849,478,561,674,545,415,375
1042,936,988,1005,934,990,860,774,974,830,522,522,652,648,390,327
1020,894,925,957,1013,964,964,916,890,759,519,570,646,579,397,344
1163,910,1064,1005,1116,1070,908,972,1066,875,528,604,712,691,477,403
1223,890,1130,1021,1134,1162,923,987,1098,893,499,619,760,740,493,409
1084,859,984,942,1013,1037,830,861,990,867,459,578,704,578,425,390
1094,959,1035,959,1033,1086,798,839,1041,971,480,539,727,570,453,390
1141,863,1074,931,1134,1161,871,930,1024,1039,484,571,780,578,507,407
1052,836,1044,926,1064,1115,837,815,926,897,482,531,671,523,403,354
1092,922,1018,968,1006,1095,800,808,982,916,484,523,653,621,395,342
1065,873,982,867,1020,1064,830,853,897,841,463,579,641,538,397,404
1119,831,1062,890,1063,1078,830,879,913,847,461,549,682,521,429,394
1133,897,1025,949,952,1080,803,758,925,884,478,495,696,606,391,355
1092,885,932,957,920,970,820,759,870,785,464,511,590,518,355,357
1152,890,942,923,981,918,819,800,866,717,480,526,601,488,375,369
1197,939,1088,980,1108,1091,861,913,961,870,488,551,737,598,445,393
1085,903,1024,941,1026,994,811,794,907,737,438,523,638,546,368,354
1066,861,954,903,963,996,800,724,874,684,422,512,585,480,358,333
1151,933,1062,987,1106,1122,893,850,964,879,463,526,713,540,438,370
1043,862,972,892,1027,1016,902,824,859,706,428,498,608,458,383,325
999,897,912,874,928,941,813,739,857,620,463,450,517,454,318,265
1079,881,998,922,1006,1042,914,876,917,670,479,491,549,526,353,319
1086,894,1052,939,979,1040,893,825,950,722,482,494,568,600,371,333
1071,937,952,953,923,900,834,793,918,672,487,492,511,559,330,304
1037,889,1024,920,986,925,913,869,872,679,480,548,578,542,383,358
1135,945,1106,957,1011,1008,844,827,964,781,488,509,641,604,411,350
1215,993,1115,980,995,960,836,833,1035,796,498,525,606,603,380,344
1088,856,1109,902,1006,960,910,864,865,706,426,607,597,477,411,388
1147,898,1084,936,985,1040,812,774,927,801,450,508,664,553,382,342
1096,888,1005,943,991,940,883,748,876,719,458,492,596,483,364,351
1092,902,1067,945,1047,1031,944,884,888,815,469,521,610,506,398,396
1087,899,964,898,955,944,844,767,853,665,467,466,539,486,343,310
1035,885,1021,887,1010,973,906,835,874,707,468,504,551,506,350,339
1080,888,1073,903,985,1018,875,848,899,729,491,510,588,568,360,336
1021,879,1044,946,946,995,929,819,935,707,501,511,588,577,363,339
1153,949,1096,1021,1110,1138,952,930,967,855,474,575,652,644,463,396
1068,888,1069,1024,1042,1100,910,795,1037,924,504,542,633,648,430,371
954,854,1035,939,1054,1118,926,882,861,812,485,534,647,580,428,382
1043,891,1060,976,1026,1158,864,1004,968,933,514,527,667,737,467,407
1014,839,956,970,1056,1150,971,981,952,783,473,578,616,654,473,418
942,839,902,958,924,983,886,789,925,682,465,520,581,557,418,376
953,868,857,952,906,934,841,827,842,695,473,492,590,566,411,352
1022,890,986,969,1026,959,967,877,874,905,482,519,643,557,423,352
980,932,969,954,1009,914,918,839,931,715,495,502,578,539,389,328
1004,868,959,920,1022,997,969,932,874,664,477,536,592,552,403,359
968,844,929,925,966,937,913,829,866,650,481,505,568,512,357,331
998,846,986,937,997,970,957,868,920,726,493,528,598,533,394,356
1046,861,957,934,986,954,947,878,897,674,487,523,592,586,390,344
1064,909,927,935,967,924,896,844,914,673,508,512,594,622,367,347
1047,915,967,944,997,936,936,870,912,743,505,530,598,640,388,381
1018,885,983,969,948,896,943,825,891,653,499,509,566,632,381,370
1015,904,1004,932,966,919,918,859,844,672,475,541,592,605,412,380
1053,952,1007,975,928,906,857,820,888,706,498,521,590,598,406,358
1122,961,1005,960,1006,932,883,914,904,710,488,566,621,582,450,395
1163,1003,1020,952,995,913,879,902,894,688,475,543,608,554,434,383
1190,1006,1090,977,1042,1016,907,889,940,771,479,561,670,601,459,393
1156,942,1040,952,992,988,861,815,910,727,466,514,621,533,400,369
1162,927,1060,951,961,973,819,805,898,770,487,495,598,504,379,359
1087,902,1050,917,963,967,807,790,836,715,469,490,602,481,379,351
1100,914,1067,950,982,1005,765,768,863,802,479,478,613,549,377,322
1107,932,1019,925,984,978,825,764,846,708,452,503,575,535,358,322
1140,948,1035,942,989,985,832,755,842,680,474,501,556,545,359,323
1096,943,992,933,981,971,883,767,811,663,465,516,570,543,373,345
1007,892,926,878,916,906,858,718,734,585,436,474,531,502,344,340
1019,922,966,913,911,919,867,744,754,609,464,464,544,534,352,345
1026,915,979,903,914,907,907,750,738,577,468,468,534,520,352,364
1049,915,1002,940,925,891,881,757,771,577,499,465,527,554,348,347
1086,927,1007,939,945,876,923,815,785,567,512,484,513,568,356,351
1071,883,991,913,961,858,935,828,756,532,492,497,504,550,362,344
1058,925,981,942,936,849,854,795,795,545,504,484,512,574,363,339
1144,963,1034,947,988,916,924,874,858,601,499,541,540,618,401,375
1109,891,990,910,978,909,943,872,826,589,473,557,530,587,400,379
1135,901,979,939,921,885,907,794,861,572,491,520,524,592,370,354
1159,925,987,959,956,927,950,836,868,604,495,551,555,595,407,390
1170,952,999,957,969,930,961,833,870,602,496,539,595,563,402,399
1130,943,993,945,961,915,959,845,864,650,496,529,616,548,405,405
1092,947,995,932,949,911,947,855,863,665,507,507,617,542,399,385
1068,973,995,926,952,921,956,852,864,705,514,502,619,549,393,385
1045,950,996,901,977,901,984,863,823,660,498,526,591,538,395,378
1048,932,1025,920,995,905,924,848,853,694,509,523,586,546,387,387
1060,934,1041,929,988,910,927,861,897,681,519,525,577,562,380,379
1048,937,1014,935,977,891,923,868,902,661,532,540,557,567,371,376
1054,930,1009,930,976,891,951,907,902,619,523,561,561,557,373,390
1078,921,1011,914,981,903,978,917,886,632,511,558,572,557,373,391
1061,926,1022,925,947,907,948,861,894,622,514,533,560,568,362,372
1076,912,1020,920,949,921,976,866,888,606,505,549,566,572,366,382
1072,898,1006,916,952,941,966,868,886,616,490,554,579,574,369,374
1055,915,1012,920,936,934,931,828,904,639,489,539,579,567,360,362
1058,927,1009,916,933,930,923,820,896,647,484,536,587,541,359,364
1076,924,1004,933,926,923,927,813,919,641,477,541,603,542,367,355
1076,887,974,947,927,913,938,830,912,672,474,545,618,530,371,357
1038,872,953,943,929,890,931,843,890,654,463,540,617,507,368,358
1032,895,974,980,923,905,903,831,901,683,470,528,623,542,366,348
1017,884,947,952,923,885,908,855,871,665,463,526,607,517,372,361
1019,889,963,975,931,898,887,852,872,706,466,521,629,535,378,376
1029,902,976,982,931,899,903,850,873,729,466,513,634,531,380,370
1037,916,989,999,941,904,913,862,885,739,476,518,645,548,387,379
1023,911,976,991,950,896,925,865,870,706,471,520,633,541,385,377
1046,941,986,985,947,899,925,855,878,726,472,517,642,541,380,380
1061,942,1010,985,977,919,946,895,882,745,471,532,655,552,398,389
1056,940,994,961,972,895,939,867,876,738,466,521,652,537,386,381
1062,933,1007,964,977,912,946,874,876,752,467,522,666,544,388,381
1065,948,1032,966,975,910,945,875,882,779,469,518,656,536,388,377
1065,944,1010,958,983,915,963,874,883,766,466,516,654,521,392,378
1058,956,998,960,981,879,945,865,883,735,470,509,639,513,376,361
1090,968,1023,979,1001,916,991,912,901,759,467,530,655,515,396,370
1081,977,1005,970,982,882,967,879,901,722,471,512,635,509,372,351
1093,980,1018,976,997,897,988,906,910,757,474,525,652,517,384,357
1091,952,1015,968,1005,902,980,899,899,757,467,520,643,503,381,358
1087,948,1009,966,998,896,967,883,900,746,466,508,634,501,379,352
1096,960,1016,967,997,898,967,877,906,752,473,511,632,507,378,349
1090,958,1009,964,1001,895,982,886,898,745,469,517,631,502,381,352
1090,958,1009,965,997,891,973,875,900,740,471,514,625,501,376,352
1090,959,1010,965,996,891,975,879,902,743,472,513,627,502,379,352
1087,959,1007,964,998,891,977,877,898,739,470,515,625,500,375,350
1091,959,1009,966,996,888,973,878,899,738,470,510,620,501,376,349
1089,959,1007,967,993,889,975,872,897,741,478,509,620,504,376,349
1090,959,1008,967,996,889,978,873,899,742,471,512,622,502,377,350
1091,958,1008,966,996,890,976,875,896,743,469,511,622,502,377,349
1091,957,1010,965,994,891,971,870,897,743,469,509,622,499,375,348
1089,956,1007,963,996,891,972,872,897,742,467,508,623,498,375,348
1090,955,1005,962,996,889,968,866,892,739,466,511,622,496,372,348
1090,957,1005,962,996,890,969,870,895,741,476,507,619,495,373,347
1092,957,1007,962,996,892,971,868,896,743,471,509,625,496,376,347
1091,955,1004,961,996,890,969,867,893,742,467,508,621,493,373,348
1001,830,927,838,959,852,951,823,787,673,403,499,585,410,352,330
783,640,743,589,791,743,763,649,579,499,310,427,474,290,272,247
633,545,621,475,589,555,455,395,410,331,266,303,314,223,196,143
681,648,645,543,576,583,433,373,522,363,303,268,322,239,188,122
898,820,825,775,769,766,583,566,718,602,374,378,507,353,267,202
866,747,815,701,817,779,711,675,668,598,340,433,527,325,288,255
