621,400,606,334,689,605,649,459,222,297,98,382,315,152,199,188
77,59,92,67,114,95,107,76,45,69,36,71,67,49,50,51
248,447,193,249,97,129,57,51,191,123,136,40,83,80,50,46
1495,1073,1348,1434,775,983,385,455,1211,863,491,271,492,567,235,179
1461,709,1532,919,988,1694,889,857,794,1073,310,716,710,407,473,559
289,114,414,149,436,385,316,290,100,175,48,289,163,77,128,121
59,48,65,63,67,65,59,49,33,45,28,44,42,41,40,50
470,510,327,325,123,195,51,58,235,141,153,41,85,97,48,52
1784,1474,1030,892,883,858,388,521,1114,791,574,364,776,590,308,180
1185,659,973,552,1261,915,800,1086,552,584,274,540,1036,381,421,423
193,79,285,100,425,312,258,235,56,125,35,206,138,65,99,91
47,55,43,50,42,32,41,39,19,25,27,24,45,37,33,43
635,627,492,493,238,347,57,85,438,271,284,43,193,179,71,55
1120,1047,1117,942,1020,971,635,545,902,1443,445,454,705,557,316,281
848,690,753,509,939,777,1079,569,586,600,274,562,563,300,303,300
528,365,478,302,449,409,354,262,244,234,103,251,225,134,137,93
499,461,450,311,309,359,149,147,303,215,167,126,171,129,87,60
1215,802,787,750,687,725,324,427,807,554,426,302,505,344,218,131
1474,792,1125,699,966,1027,610,879,720,1087,382,511,824,383,392,355
792,537,755,439,684,657,474,553,454,447,243,394,397,220,253,210
713,563,613,426,567,529,300,343,463,320,294,264,307,221,185,114
875,872,854,606,865,752,513,511,706,630,424,338,508,420,236,172
972,926,994,665,1066,981,1233,643,761,809,375,461,716,559,311,338
738,598,601,441,680,627,724,491,427,315,202,381,388,222,207,173
664,614,526,447,452,430,274,252,418,248,255,234,234,193,125,90
1353,940,909,873,803,1148,525,583,865,851,418,384,604,412,298,200
991,831,818,667,885,1124,647,882,673,890,333,486,545,318,374,268
759,614,645,592,568,720,350,334,564,400,288,277,340,228,178,127
1203,1010,960,867,868,1218,468,590,957,1084,470,378,643,402,362,215
917,687,905,701,1102,974,693,669,644,758,275,440,704,291,317,294
695,599,638,497,625,586,409,337,426,348,220,283,341,189,184,134
843,659,858,617,711,698,396,419,660,592,296,303,434,290,206,136
987,877,1259,955,805,954,473,578,783,1015,337,381,528,329,243,206
950,1169,1184,834,873,1170,632,659,742,821,320,419,537,333,276,253
741,900,745,555,694,780,526,474,487,420,274,388,363,249,221,177
932,955,759,808,686,747,378,384,628,471,374,279,344,251,185,128
1389,884,1011,959,1051,1196,653,634,810,796,399,395,605,380,287,200
1168,660,872,686,900,1035,659,862,606,549,302,409,477,295,277,201
774,659,744,627,643,661,404,567,515,359,254,310,337,218,193,124
762,776,759,736,792,683,382,443,618,402,303,328,367,276,190,125
1149,1137,1332,1167,1449,1131,738,624,1270,1020,444,426,717,693,290,246
782,618,849,834,886,841,804,593,602,406,239,436,390,244,223,209
666,618,590,507,540,469,328,316,350,262,204,252,225,165,130,103
924,925,813,797,702,745,373,481,680,475,339,283,360,258,198,141
1045,1008,1031,837,1010,1067,594,709,778,815,343,390,479,320,303,264
837,694,841,639,882,792,628,530,560,505,276,390,413,315,243,208
732,618,672,578,690,611,500,361,481,343,207,288,338,231,190,132
1042,814,863,1007,763,789,412,402,761,533,292,288,399,315,224,172
1193,975,1026,888,887,1109,657,608,731,827,308,495,510,363,324,310
1029,871,773,725,830,811,674,583,646,478,283,387,423,277,274,254
901,798,676,617,673,622,409,463,674,365,293,352,383,261,226,166
1128,784,797,740,805,797,434,513,692,495,337,384,610,380,246,229
1359,790,1009,1067,937,1075,641,771,685,692,355,430,608,423,293,279
920,698,789,922,796,889,558,567,569,441,289,474,399,303,253,225
836,721,725,634,870,745,543,524,521,377,297,419,367,316,221,217
989,880,754,756,818,714,731,482,643,408,355,350,388,315,216,188
1357,843,831,811,865,881,723,543,665,487,382,417,488,324,251,234
1059,830,726,782,730,730,518,592,581,433,329,374,435,289,220,184
919,843,707,821,786,820,498,731,593,486,295,372,444,272,290,209
850,838,749,852,929,841,472,532,645,604,364,384,481,321,265,223
895,844,908,801,1185,950,819,578,722,704,336,410,682,386,260,261
784,672,654,696,722,699,689,448,587,346,270,369,378,232,196,163
882,684,657,648,710,655,436,460,572,356,268,362,376,246,193,150
993,1103,820,821,782,855,425,567,699,486,368,352,458,308,253,196
988,997,909,811,1033,983,540,829,667,723,400,423,503,315,323,283
794,675,690,645,841,713,523,506,493,420,275,378,405,214,212,193
891,733,740,736,741,739,587,434,619,462,289,321,470,241,218,170
1081,834,902,978,800,804,591,474,740,603,339,416,460,313,250,216
954,944,986,826,973,1039,670,658,731,557,342,758,498,357,370,320
829,969,725,691,872,804,690,651,664,390,297,466,399,309,373,282
860,801,681,696,737,672,446,504,580,388,334,384,417,307,263,257
980,764,740,765,763,793,499,546,617,506,352,372,569,330,294,276
966,668,808,656,810,847,650,650,569,785,280,417,512,310,351,308
782,710,732,625,726,658,408,387,536,563,269,326,391,257,226,195
798,904,715,587,716,738,558,410,624,500,309,344,439,310,278,223
1042,984,832,728,747,944,625,484,917,606,416,396,564,422,337,317
1027,713,777,740,772,1080,574,513,615,503,317,422,589,313,334,348
1014,787,696,632,667,806,432,424,633,464,334,353,465,304,357,198
905,736,729,619,891,824,480,592,604,605,373,443,470,347,366,268
918,844,814,760,949,826,551,536,674,643,377,410,569,457,286,267
893,796,815,700,823,774,690,518,622,518,355,408,467,403,269,283
943,794,886,936,794,833,570,532,655,576,371,400,467,380,258,272
900,755,800,858,769,933,624,529,633,495,314,391,499,296,314,270
813,777,685,659,698,789,457,494,655,418,347,360,402,284,265,181
895,815,737,741,799,771,455,513,663,531,391,366,463,332,236,200
1026,794,1001,826,1132,937,639,611,740,749,380,401,710,410,275,291
877,693,1011,661,897,893,718,600,652,476,320,425,499,312,270,261
849,713,906,738,725,741,567,508,591,393,319,358,358,269,209,177
896,1028,897,765,771,814,601,493,724,422,356,366,388,277,229,194
931,1018,825,721,878,860,651,530,708,427,346,410,413,276,265,276
904,821,758,811,799,756,549,487,616,394,343,376,363,295,223,230
977,761,856,789,819,824,567,560,580,483,322,370,377,305,224,221
992,787,893,912,794,794,554,557,589,485,317,336,369,276,214,201
942,753,960,916,832,925,622,544,571,494,293,398,406,261,227,210
946,829,849,764,727,849,642,475,600,431,319,385,381,269,211,193
1026,829,759,736,739,772,741,488,577,382,311,366,352,247,208,202
1588,906,833,883,762,823,549,486,685,447,321,357,401,284,214,228
1093,782,761,840,709,670,614,455,652,415,309,356,365,274,209,210
1120,1054,909,822,777,903,573,568,721,505,367,415,472,319,243,274
1050,1014,851,748,838,1028,610,837,662,505,335,416,515,290,317,298
731,762,620,542,694,656,474,561,437,317,222,361,342,193,202,193
775,774,616,624,565,557,305,334,551,329,298,244,316,211,164,144
1075,811,1026,837,1027,806,643,608,681,574,353,400,601,382,255,283
1174,742,1035,818,980,894,799,717,610,626,292,466,526,344,282,299
707,619,629,523,615,529,461,396,373,303,216,347,266,196,167,163
886,1192,748,812,631,706,361,359,692,396,369,244,340,264,183,134
1065,1240,901,814,958,1116,908,732,852,616,369,444,579,327,336,307
764,727,671,497,687,701,573,469,447,350,271,363,383,214,219,201
779,674,625,550,552,607,338,302,492,300,279,230,292,199,164,125
1261,817,1110,819,802,961,537,479,704,587,381,348,547,386,258,194
1190,717,1136,757,989,965,704,683,598,595,302,497,510,324,299,284
669,561,613,452,630,471,405,398,312,232,184,318,237,165,163,137
751,824,686,583,571,528,309,298,523,287,288,220,252,210,149,117
1034,1401,1046,933,910,960,612,585,976,614,456,403,487,499,280,280
975,931,798,688,862,815,687,590,649,380,338,426,370,306,260,338
754,689,585,580,542,467,436,349,349,227,241,271,213,188,147,182
1390,927,812,874,785,789,465,492,604,389,353,293,411,308,214,228
1396,896,1131,857,947,1036,613,849,610,532,339,396,490,336,280,304
764,663,704,520,674,627,535,496,346,300,234,372,299,215,205,210
723,667,604,541,536,528,342,290,379,277,255,217,230,214,149,142
865,907,873,866,951,737,491,473,711,496,393,324,390,476,206,204
850,686,915,728,1226,805,894,571,602,484,280,454,447,380,242,292
704,576,667,561,682,585,532,398,400,289,193,298,252,194,158,173
917,814,786,879,640,647,353,326,659,342,317,220,285,237,161,141
1540,912,1206,976,904,1347,633,674,765,716,348,414,527,343,286,301
913,724,727,605,775,873,530,562,491,352,240,328,333,208,223,211
728,720,608,514,547,650,379,326,349,269,185,233,221,169,155,152
905,1077,732,727,710,840,341,384,603,461,344,251,343,245,191,194
980,892,850,749,1192,955,550,567,594,710,332,362,570,294,261,307
786,641,676,547,1066,698,516,434,386,345,187,306,344,214,201,272
904,706,694,645,784,633,367,315,501,318,248,221,286,239,163,184
1316,758,1112,947,1000,894,576,541,664,519,322,350,469,380,229,265
1023,720,1086,917,932,924,644,647,577,462,276,407,420,298,229,281
759,646,722,593,718,614,441,425,378,297,199,313,282,197,184,185
890,929,910,870,809,747,364,405,616,408,308,276,381,305,216,180
921,1102,914,851,917,917,608,535,661,446,302,426,428,340,287,272
754,830,659,593,721,645,435,451,430,317,213,371,326,229,241,217
830,1022,657,675,618,607,336,336,579,358,288,261,300,242,201,196
1226,1081,795,759,852,798,505,489,666,543,339,365,426,321,275,323
913,727,693,642,763,668,526,464,483,434,259,354,377,252,230,317
925,699,680,664,681,632,424,368,455,413,258,268,351,240,207,248
1020,715,755,690,721,680,463,383,511,485,274,275,415,261,223,254
1106,713,801,707,744,732,517,443,528,556,261,316,473,265,249,273
1005,692,732,612,690,678,446,390,479,457,236,301,377,238,233,228
955,728,704,693,645,665,368,336,527,436,269,269,346,245,220,187
994,740,836,837,757,860,469,456,614,575,291,372,444,288,258,243
852,723,764,722,740,812,475,437,551,447,277,367,391,277,233,217
834,763,799,692,811,799,472,427,583,466,277,342,389,293,236,206
855,855,845,651,847,835,525,440,627,507,271,336,423,319,243,229
865,881,808,616,829,806,537,455,600,479,261,345,418,305,246,247
928,988,785,647,728,748,460,424,645,455,281,339,407,290,237,235
1051,955,801,628,781,822,460,484,658,475,273,370,462,290,254,284
1016,855,737,554,704,731,404,445,613,424,264,357,433,257,230,253
1058,836,724,558,694,725,372,450,659,428,290,352,434,267,227,233
1148,827,747,591,729,763,412,499,669,458,298,387,487,285,249,241
1027,747,719,551,708,732,421,509,605,432,282,387,465,271,242,236
968,733,693,560,692,695,399,514,574,416,278,366,456,270,233,219
998,761,717,614,710,722,393,551,599,443,296,360,474,286,249,200
1003,737,737,629,732,749,418,667,585,480,296,381,501,289,273,223
935,709,708,596,718,708,414,704,561,449,286,368,455,273,265,210
1047,752,791,691,756,755,420,734,594,569,317,369,490,313,297,213
918,723,727,635,721,685,427,670,557,443,291,382,431,280,284,194
973,783,788,760,754,737,415,612,603,513,323,386,478,320,295,197
942,760,798,780,823,777,520,631,593,535,304,431,513,320,300,212
879,749,737,784,781,703,487,514,580,475,306,406,474,314,263,192
906,795,788,842,871,773,544,524,632,579,339,436,540,395,275,199
849,727,736,753,898,740,621,543,572,497,302,448,508,355,265,199
839,751,745,632,856,708,641,506,612,482,298,381,474,346,231,173
859,764,761,658,857,718,629,508,630,502,305,377,484,361,233,178
855,763,754,654,847,713,639,505,621,496,304,379,478,351,231,177
859,751,758,638,842,720,651,509,617,497,303,377,471,344,233,175
835,745,735,634,799,694,621,488,614,465,300,374,443,329,224,170
887,777,758,709,792,723,659,502,661,494,320,378,462,346,228,177
885,757,747,703,787,719,688,510,641,470,313,391,449,322,229,180
920,752,748,719,749,717,642,493,659,467,320,392,453,323,223,179
885,721,718,687,727,704,629,492,623,434,306,401,440,297,224,177
895,727,712,696,707,696,569,479,631,427,309,390,431,292,218,171
896,729,703,703,698,692,562,471,626,424,310,392,427,288,213,170
890,709,705,693,713,708,578,480,613,424,302,396,432,282,217,175
860,697,677,670,683,681,536,455,596,400,295,385,409,273,207,164
890,720,689,704,677,689,511,444,631,412,307,378,411,281,203,162
907,705,688,707,685,702,537,470,619,413,302,394,420,278,209,169
910,694,677,698,681,698,525,462,618,400,296,392,418,275,210,166
900,709,655,700,657,663,490,441,624,379,307,387,403,270,200,163
1013,746,700,780,697,735,541,480,681,420,334,411,433,295,219,184
1039,709,699,765,710,754,578,498,653,411,319,434,441,289,223,194
980,699,642,704,650,679,514,462,631,354,315,406,399,265,201,169
1184,726,705,806,712,792,566,503,700,422,340,433,459,305,228,196
1050,681,656,700,680,730,558,493,616,360,306,439,427,271,214,189
1145,712,684,765,679,752,504,487,660,379,337,434,431,293,212,178
1164,700,691,739,711,804,553,524,647,385,327,472,449,289,224,198
1099,683,664,697,689,760,516,506,626,364,321,450,434,275,211,177
1161,694,689,726,707,806,516,518,650,389,327,454,450,295,219,185
1166,699,688,724,704,801,509,513,651,386,329,454,447,287,217,186
1138,676,683,690,708,806,522,521,630,379,316,455,448,283,224,189
1162,695,689,719,699,802,497,511,650,384,329,442,445,291,219,181
1149,692,687,703,700,801,511,519,639,382,327,456,443,281,219,186
1140,684,681,691,697,800,510,516,635,382,322,453,442,280,219,189
1173,685,698,708,710,824,514,525,649,393,325,457,456,290,228,192
1152,682,685,694,696,806,501,517,640,385,322,453,448,284,221,185
1161,684,690,700,703,813,510,523,644,389,323,459,452,284,223,188
1170,685,694,702,702,818,504,519,645,390,325,460,453,287,223,191
1150,680,688,696,699,810,502,518,642,385,323,457,449,285,221,184
1146,678,686,688,695,806,498,514,637,382,320,454,447,281,218,182
1154,680,689,693,698,811,496,516,638,386,323,454,452,285,220,186
1150,678,687,694,697,810,495,515,641,385,324,454,448,285,222,183
1144,676,687,690,697,806,500,516,639,384,321,456,448,283,219,183
1145,676,686,689,699,810,496,517,637,384,320,454,446,283,220,183
1145,678,687,688,697,805,493,514,637,383,322,453,444,283,217,180
1142,675,686,687,696,807,495,517,636,380,321,458,446,282,220,185
1141,676,686,685,696,806,496,517,637,382,318,456,445,283,219,184
1139,674,683,680,694,807,494,515,633,380,318,456,445,278,220,183
1586,860,839,989,740,945,511,544,954,507,437,462,536,430,249,203
1590,804,910,942,826,1128,675,774,887,530,407,651,620,417,326,312
1548,810,867,938,783,1029,591,651,878,501,410,563,564,400,291,257
1565,824,896,954,804,1075,616,690,911,522,415,590,592,411,306,280
1571,829,903,965,807,1084,627,699,923,529,420,600,597,416,305,286
1577,830,915,971,816,1098,639,718,931,529,421,617,607,423,313,296
1580,833,914,972,811,1094,632,707,934,527,419,608,603,420,312,288
1576,834,911,976,811,1090,639,712,936,526,419,614,604,419,310,295
1581,834,916,980,814,1097,637,712,941,530,422,607,607,424,312,292
1582,837,920,980,817,1099,641,714,942,529,421,607,607,423,318,296
1581,836,920,981,812,1097,641,714,940,530,419,612,607,421,313,297
1580,838,919,983,814,1095,640,714,944,530,419,615,605,422,311,294
1583,842,924,987,817,1101,644,717,950,533,420,614,609,426,313,298
1585,842,926,989,815,1103,644,719,953,533,422,618,608,425,314,303
1588,844,927,989,816,1102,649,718,951,536,422,616,608,426,314,302
1590,842,928,992,816,1105,647,719,959,536,423,612,610,427,313,298
1591,844,930,998,816,1107,647,724,959,536,423,614,611,430,315,300
1594,844,932,996,818,1110,651,728,962,537,423,611,613,430,315,303
1597,847,936,1000,820,1110,653,727,964,539,423,614,616,430,316,302
1600,850,939,1004,820,1112,656,729,973,543,426,622,615,433,317,302
1606,849,941,1007,823,1116,658,733,977,541,425,620,619,438,318,305
1607,851,944,1009,823,1114,662,736,976,545,427,629,618,435,319,306
1612,850,945,1015,824,1118,661,733,983,546,427,624,620,439,320,309
1619,856,950,1020,825,1121,666,736,989,550,429,626,621,444,319,307
1624,857,953,1027,825,1122,666,738,995,548,433,629,621,445,321,311
1646,880,973,1085,836,1122,703,758,1026,552,443,646,630,475,330,327
1648,882,970,1095,837,1114,711,760,1032,545,446,653,628,478,329,332
1661,890,980,1115,840,1123,725,776,1051,546,450,655,635,492,338,338
1669,898,984,1130,845,1118,738,778,1059,544,455,656,633,498,338,344
1664,901,978,1136,846,1096,749,778,1059,532,457,661,628,496,338,346
1670,912,975,1157,844,1083,760,774,1084,533,462,662,623,501,335,348
1687,929,988,1188,851,1098,779,780,1121,541,471,671,632,524,344,356
1673,940,970,1194,844,1065,795,772,1121,527,470,673,618,514,338,362
1700,955,996,1228,855,1097,814,782,1156,553,477,681,640,538,351,367
1679,954,989,1226,846,1080,815,778,1156,546,476,682,630,538,343,366
1680,960,1003,1242,855,1091,824,785,1186,567,479,681,641,558,348,366
1662,966,1003,1257,857,1079,843,791,1204,569,479,686,640,562,350,371
1656,977,1015,1275,870,1083,870,801,1236,582,478,693,651,583,362,382
1650,1012,1021,1279,867,1075,865,774,1301,604,483,673,658,594,362,382
1643,1009,1047,1287,887,1093,923,804,1332,636,484,695,680,634,376,400
1613,1023,1045,1295,892,1089,921,798,1355,655,485,687,681,651,375,398
1560,1025,1047,1287,904,1083,947,789,1388,677,486,671,690,668,375,391
1541,1024,1082,1297,942,1109,974,804,1431,714,488,681,727,708,390,406
1494,1023,1090,1279,949,1101,1003,795,1439,728,483,678,741,712,394,406
1464,1058,1094,1302,973,1085,1022,793,1461,761,496,667,745,763,394,395
1402,1043,1091,1256,1018,1088,1106,797,1427,783,489,677,783,749,401,396
1298,1061,1077,1220,1022,1053,1080,761,1377,824,496,641,803,752,391,371
1146,1034,1077,1186,1117,1027,1142,755,1263,864,480,648,889,715,391,345
1084,987,1107,1092,1287,1005,1179,787,1155,1012,470,666,1024,707,403,328
1051,964,1111,1014,1304,986,1107,792,1045,1207,452,639,1052,632,405,301
1082,1027,1182,996,1303,1007,1034,814,1008,1428,466,620,1038,620,411,284
1126,1009,1182,965,1279,1039,1033,920,948,1471,453,630,965,566,443,285
1215,1029,1208,937,1202,1100,877,967,913,1491,444,585,899,549,449,287
1392,1081,1242,956,1143,1220,795,1056,926,1503,466,562,882,573,461,288
1453,1045,1214,949,1098,1263,792,1108,901,1434,451,564,818,554,458,296
1550,1051,1203,942,1082,1341,747,1159,910,1410,458,545,833,559,452,304
1615,1033,1167,958,1069,1401,737,1198,905,1355,458,558,817,555,464,317
1700,1032,1132,981,1071,1472,725,1219,921,1302,452,556,818,555,465,339
1785,1054,1135,1047,1052,1537,720,1263,971,1214,463,575,820,561,473,360
1818,1023,1102,1057,1035,1490,736,1289,1020,1023,462,591,782,548,445,387
1835,1058,1106,1084,1038,1475,747,1134,1167,966,477,614,796,543,432,417
1688,1134,1083,1065,1030,1363,734,943,1446,907,482,606,764,548,394,423
1341,1101,1055,983,1026,1272,793,861,1544,844,456,600,717,555,393,433
1163,1099,1068,928,1084,1253,866,834,1572,932,428,559,793,592,413,407
1050,1000,1082,898,1120,1185,885,767,1295,1005,399,513,797,537,395,358
1062,1022,1271,959,1302,1225,943,780,1118,1285,435,516,853,580,402,344
1068,979,1178,939,1205,1165,834,756,932,1429,446,501,744,493,373,314
1256,995,1273,933,1163,1260,831,957,875,1682,450,515,758,509,467,331
1502,1011,1196,987,983,1265,731,960,858,1664,448,475,697,511,456,318
1771,1057,1250,1077,1012,1401,738,1110,851,1490,448,486,751,538,490,350
1790,1038,1166,1158,989,1382,690,900,852,1259,448,460,741,473,428,364
1618,1040,1116,1235,1027,1366,719,845,893,1108,470,485,753,479,419,450
1618,1158,1098,1315,1060,1272,758,888,1054,1029,492,507,752,503,426,535
1555,1214,1065,1271,1093,1099,787,854,1187,974,497,501,688,511,428,573
1321,1245,1072,1221,1076,1113,854,800,1251,936,487,482,634,562,433,529
1138,1219,1077,1137,1091,1225,927,781,1239,920,460,499,606,567,440,445
1088,1074,1181,1211,1222,1401,925,781,1078,1092,422,586,653,586,453,389
1114,1014,1416,1256,1097,1422,826,720,986,1379,420,580,661,521,395,336
1267,963,1645,1049,1116,1335,759,833,933,1429,426,535,691,549,397,330
1597,903,1581,1034,1130,1398,765,1055,919,1342,435,530,768,575,408,375
1657,943,1223,968,1146,1399,746,893,888,1122,465,516,819,504,379,420
1552,1090,1116,935,1319,1343,803,876,873,1045,482,524,880,485,397,529
1288,1516,1084,945,1271,1286,770,823,1027,982,517,475,761,465,418,507
1306,1388,1086,1040,1106,1505,804,876,1114,934,500,502,677,471,483,498
1268,1076,1176,1162,1019,1623,730,857,987,919,451,563,626,461,474,456
1316,961,1411,1227,961,1658,825,856,956,1134,449,572,678,486,445,437
1395,918,1524,1117,974,1360,736,824,1043,1175,450,520,675,555,387,415
1498,975,1486,1100,1131,1244,756,838,1072,1108,470,516,796,742,394,403
1340,945,1254,963,1441,1130,782,810,914,1058,465,545,851,651,382,430
1259,1061,1219,941,1607,1168,799,869,954,1287,499,579,934,587,433,463
1355,1076,1205,939,1283,1320,722,863,981,1219,510,556,770,510,442,418
1555,1138,1307,1064,1111,1584,751,973,1030,1214,495,554,820,527,582,443
1503,1067,1214,1157,1026,1523,682,915,976,978,452,610,826,480,536,472
1501,1096,1376,1367,994,1560,703,832,1191,1033,484,595,918,614,463,584
1296,1092,1370,1099,1009,1262,770,824,1182,1004,499,529,755,677,400,581
1507,1127,1177,1030,1044,1434,724,850,1028,1056,585,619,1022,524,456,496
1232,1298,1155,951,1039,1295,823,826,1148,1045,551,577,912,584,430,495
1121,1194,1176,1045,1007,1254,853,778,1108,1093,488,534,797,565,410,394
1214,1003,1462,1044,1069,1247,988,909,996,1299,466,674,788,578,413,410
1395,900,1627,1014,1035,1216,899,992,931,1349,437,789,761,553,412,389
1547,908,1384,949,1054,1177,912,993,906,1113,469,598,908,549,434,424
1520,1296,1318,1005,1192,1152,940,944,1217,1089,640,539,1157,588,455,441
1500,1456,1169,930,1163,1145,925,1022,1212,1051,621,553,1013,475,499,474
1429,1393,1145,1007,1024,1276,820,1066,1137,1059,502,509,769,481,533,450
1556,1052,1291,1036,1006,1333,828,1064,1095,1107,470,590,733,522,443,485
1525,958,1441,1290,1047,1392,834,911,1155,1172,445,833,771,645,413,551
1227,999,1426,1025,1113,1151,998,823,1186,1162,493,649,845,766,390,483
1125,1070,1329,968,1488,1097,1110,881,1033,1245,468,639,1038,593,438,500
1241,1189,1198,984,1177,1100,883,905,975,1283,494,577,864,460,449,475
1654,1081,1210,990,1135,1242,828,1201,957,1336,453,572,844,466,619,487
1942,1121,1208,1139,1009,1173,733,1062,1099,1006,467,526,795,472,412,424
1762,1209,1178,1182,1064,1277,808,862,1396,894,468,574,747,509,378,489
1232,1238,1186,1120,1152,1212,964,804,1241,972,499,528,778,692,380,470
1072,1042,1323,988,1222,1201,1173,854,938,973,484,599,685,549,391,400
1302,996,1498,1054,1098,1319,904,954,915,1273,492,632,740,569,422,358
1545,1064,1378,1138,1101,1336,761,1000,937,1283,502,551,779,606,385,366
1549,1181,1215,1231,1166,1310,765,1037,1141,983,588,540,699,608,408,459
1418,1158,1116,1100,1173,1218,865,904,1244,895,536,578,727,590,429,565
1203,1104,1174,1118,1158,1335,1004,818,1235,985,501,575,746,678,438,488
1126,1009,1453,1187,1170,1345,948,838,1058,1093,493,645,743,571,426,402
1245,880,1575,1077,1137,1366,955,1035,973,1078,495,668,751,657,449,385
1417,934,1343,1063,1145,1373,825,1110,1011,1184,563,589,1004,699,469,382
1299,1178,1177,1022,1237,1268,847,1067,999,1069,610,598,981,695,413,484
1215,1311,1139,954,1209,1297,959,1031,1004,973,557,594,826,678,487,550
1248,1077,1168,1320,1026,1489,917,915,1111,1000,492,603,748,689,622,437
1196,966,1334,1514,1018,1360,866,864,1050,1117,495,817,770,717,503,459
1312,994,1295,1204,1032,1181,874,919,1036,1141,564,631,763,940,435,424
1308,920,1181,942,1431,1110,999,1045,925,1195,549,687,938,858,504,473
1341,1129,1108,937,1457,1147,813,934,936,1264,585,599,914,710,536,455
1460,1083,1156,1040,1071,1484,759,1040,977,1013,518,631,768,617,657,493
1529,1024,1226,1290,956,1595,740,854,1138,973,542,710,829,646,630,495
1214,942,1065,1188,961,1270,856,864,1126,942,517,694,827,686,494,620
1162,1058,1133,1000,1037,1120,1089,836,1077,1076,476,603,898,768,506,541
1093,956,1164,994,1087,1044,1051,832,901,1227,517,560,873,595,442,464
1296,962,1377,1054,1130,1129,912,1095,890,1268,498,618,755,564,521,474
1480,979,1081,1177,988,1182,818,1115,879,788,555,579,736,537,480,445
1415,1278,1064,1043,1035,1287,810,979,1124,867,660,579,814,590,444,613
1238,1461,1057,1058,1094,1123,932,909,1260,863,542,563,700,644,414,530
1214,1129,1231,1143,1333,1135,1100,918,1075,1082,486,628,728,631,437,450
1261,935,1304,1159,1144,1187,983,871,1014,1221,451,812,727,535,452,467
1415,941,1403,1051,1054,1290,919,929,936,1139,495,618,904,676,451,442
1533,1250,1253,991,1245,1141,1020,921,1090,1121,631,545,1142,691,418,425
1256,1252,1067,963,1190,1104,1010,989,1038,959,566,563,780,517,465,439
1297,1084,1103,1105,1097,1256,859,1051,954,886,488,530,691,533,503,411
1456,934,1123,1252,1024,1298,811,927,1134,755,479,631,641,565,383,411
1209,965,1208,1266,1046,1208,885,825,1304,878,506,610,683,723,373,445
1016,969,1116,996,1268,1068,1223,819,995,859,522,605,769,675,403,424
1071,1118,1113,1011,1390,1117,1084,942,923,1042,545,615,795,536,463,425
1310,1133,1054,1090,1046,1126,829,978,866,1044,498,526,642,518,438,372
1801,1078,1110,1208,1041,1412,821,1204,949,849,553,534,664,573,430,412
1602,1101,1040,1104,1084,1283,868,925,1029,679,530,585,642,575,372,439
1154,1115,1073,1143,1169,1120,1070,842,1086,752,535,556,668,758,413,450
1053,1024,1180,1154,1367,1189,1274,889,957,849,508,623,699,711,435,420
1268,980,1386,1285,1322,1266,1200,1038,907,1077,494,706,724,681,466,408
1503,925,1190,1068,1060,1124,864,972,870,913,510,565,658,696,419,386
1648,1136,1074,1116,1097,1092,831,1114,1145,784,557,570,755,622,413,443
1494,1292,1039,1047,1203,1151,920,944,1245,787,505,576,741,654,451,498
1371,1242,1049,1226,1180,1200,1022,883,1162,900,490,537,715,690,475,451
1275,1009,1272,1231,1109,1452,1095,898,946,831,446,714,658,592,492,421
1437,965,1566,1388,1048,1246,955,871,954,916,472,634,727,735,427,396
1395,963,1448,1065,1177,1168,940,881,914,996,494,558,757,806,409,394
1397,1150,1232,1001,1319,1136,940,919,1037,1040,606,547,704,663,420,381
1392,1331,1174,1030,1237,1173,994,972,1033,910,552,549,641,544,458,390
1395,1189,1105,1298,1127,1309,1004,1036,954,719,508,551,613,537,448,382
1411,1109,1277,1542,1085,1519,967,967,1023,724,534,677,656,559,418,379
1703,1227,1153,1150,1119,1321,873,1069,1120,882,633,623,740,547,419,438
1469,1526,1141,1083,1154,1221,1009,1009,1398,986,632,622,728,620,418,480
1234,1394,1142,1054,1129,1306,1022,997,1145,976,524,622,706,579,425,414
1294,1108,1381,1214,1154,1397,1078,998,1015,1330,482,625,780,616,417,406
1219,941,1353,1093,1100,1194,1017,1014,992,1315,466,738,738,589,404,393
1395,947,1506,1092,1116,1313,928,985,1071,1177,523,624,869,746,443,403
1182,1012,1240,1076,1258,1176,984,1024,999,1046,563,577,936,591,438,435
1177,1206,1068,1017,1156,1100,951,919,1096,1065,592,526,763,535,463,412
1126,1263,999,1095,1012,1163,1032,979,1068,967,532,513,675,543,514,371
1175,1093,1149,1307,1039,1316,1022,919,991,959,504,565,634,552,429,404
1266,977,1311,1388,1025,1251,950,954,1121,940,498,665,622,616,396,451
1237,921,1394,1197,1065,1100,1033,942,1132,900,515,616,629,743,398,404
1179,939,1124,1020,1167,1082,1002,900,1052,916,571,578,700,762,394,383
1087,1037,1116,964,1221,1094,1045,1013,960,1059,584,590,793,693,413,407
1155,1073,1090,943,1215,1136,1051,1059,886,1148,572,561,732,636,460,405
1401,1007,1033,1018,1082,1280,923,1109,920,926,535,555,667,578,472,382
1634,1054,1074,1218,1069,1484,919,1049,1005,927,520,680,684,605,495,430
1503,977,1097,1182,1010,1339,907,925,1040,805,509,726,643,641,433,461
1325,1015,1252,1162,1018,1159,1069,923,1203,904,528,651,742,913,426,496
1115,985,1176,968,1101,1052,1230,884,1063,901,547,589,708,943,403,430
1058,965,1139,946,1277,1020,1299,925,923,963,582,612,663,690,420,408
1128,1024,1161,939,1211,983,999,988,872,1024,575,586,656,561,472,391
1341,1004,1086,892,1005,938,866,1111,824,903,517,561,626,537,536,377
1597,932,974,953,961,1014,820,1193,881,791,515,538,653,568,498,374
1665,915,902,1045,927,1042,832,982,987,725,531,588,650,561,412,410
1415,976,925,1038,936,980,861,836,1140,718,542,615,624,609,405,446
1160,1009,955,1005,952,914,1025,814,1030,690,545,579,627,698,412,430
1080,1002,959,1032,982,919,1113,800,906,681,520,578,655,728,392,398
1122,1012,1105,1245,1053,978,1170,813,901,882,534,659,686,682,405,389
1133,981,1217,1104,893,928,1107,812,829,929,491,690,638,630,382,376
1231,928,1198,1028,867,883,989,979,786,907,485,611,604,651,387,360
1570,958,1178,1100,1036,1014,885,1217,831,883,547,565,703,749,430,371
1549,1026,1027,1014,1136,1021,904,1121,831,710,582,574,663,638,424,395
1543,1208,1026,1015,1182,976,892,955,977,688,596,540,672,608,418,403
1372,1464,1042,987,1191,984,921,978,1036,693,579,563,664,617,444,424
1353,1487,1053,1014,1114,1054,961,1004,1025,640,526,562,639,616,436,416
1356,1341,1149,1157,1079,1236,1002,989,1035,638,503,590,661,640,487,425
1308,1054,1246,1193,1022,1279,1081,901,981,654,500,630,651,630,447,431
1281,1015,1269,1160,973,1136,1084,909,952,745,500,656,636,632,400,461
1193,996,1161,1246,988,1058,1110,911,961,850,530,597,639,652,384,440
1183,1000,1199,1109,1036,1062,1134,863,959,877,547,540,663,728,383,395
1157,1119,1227,1019,1170,1053,1153,883,936,886,579,549,694,808,392,384
1057,1130,1175,975,1270,1013,1154,932,913,900,588,604,677,734,391,377
1054,1137,1192,965,1291,1008,1041,971,929,945,608,679,662,633,417,378
1133,1141,1254,947,1239,1045,941,1041,926,961,621,688,645,578,480,383
1294,1201,1323,961,1126,1056,890,1053,946,961,569,610,644,578,534,382
1427,1164,1275,1012,1051,1071,852,1044,951,784,521,600,634,539,520,403
1519,1098,1180,1077,1003,1080,836,999,963,730,541,620,628,537,473,433
1542,1085,1165,1173,1009,1165,861,974,1069,800,587,671,691,557,462,486
1555,1147,1129,1171,1013,1243,916,939,1196,885,607,719,784,585,462,533
1379,1165,1062,1164,992,1140,982,907,1181,873,567,707,777,600,450,495
1277,1212,1074,1242,1043,1122,1057,910,1204,901,575,676,801,638,450,472
1157,1204,1061,1166,1099,1067,1088,928,1092,875,547,631,812,609,433,448
1112,1216,1107,1158,1168,1059,1130,924,1048,928,541,600,837,641,414,423
1093,1139,1211,1122,1347,1079,1179,931,1032,1018,563,651,882,701,414,430
1089,1041,1211,1060,1432,1050,1155,946,981,1036,553,725,865,635,405,427
1109,1017,1214,1038,1433,1056,1080,973,961,1045,556,743,826,579,390,416
1131,984,1217,985,1406,1093,966,1078,931,1026,523,784,779,538,403,420
1259,1001,1267,972,1263,1135,819,1118,944,1076,498,685,759,564,418,397
1445,1010,1318,984,1173,1221,795,1162,946,1033,492,625,787,568,436,396
1602,1040,1269,1000,1150,1191,803,1161,940,962,507,590,851,563,443,409
1726,1019,1237,1029,1170,1179,823,1149,947,892,518,585,937,562,458,450
1775,1015,1149,1055,1125,1138,824,1017,949,823,532,563,1009,565,450,457
1738,1044,1086,1045,1097,1120,832,978,965,777,534,564,1000,550,418,484
1651,1111,1060,1087,1069,1115,843,923,1072,778,559,555,853,549,397,483
1572,1124,1035,1131,1049,1110,888,898,1121,763,570,557,786,567,397,494
1483,1141,1039,1173,1046,1130,936,900,1137,781,568,561,760,593,410,508
1445,1177,1048,1205,1039,1142,972,899,1186,839,582,546,759,646,421,489
1400,1180,1051,1208,1047,1146,1017,887,1221,864,591,555,738,671,423,480
1347,1181,1046,1184,1035,1155,1066,882,1233,863,588,570,731,681,425,470
1071,1094,1190,1003,1133,1200,1072,854,951,1042,526,653,679,616,389,396
1070,1045,1272,987,1162,1121,1020,874,895,1129,518,680,656,561,387,396
1098,1036,1374,992,1117,1079,924,904,891,1224,522,668,650,577,403,393
1111,1041,1405,1005,1067,1032,878,914,897,1197,526,656,635,576,403,390
1131,1041,1448,1008,1072,1050,887,954,897,1242,531,670,650,585,425,402
1135,1040,1466,1008,1075,1057,883,978,896,1270,530,673,653,589,434,402
1148,1048,1483,1015,1068,1057,876,980,903,1287,534,668,660,598,434,401
1154,1036,1491,1003,1067,1061,879,1009,891,1299,532,676,659,580,443,405
1179,1045,1518,1009,1065,1050,859,1020,907,1300,525,642,660,595,440,400
1224,1025,1528,1006,1060,1049,856,1055,891,1291,517,630,668,578,453,400
1275,1023,1497,1000,1029,1023,816,1044,900,1242,513,584,663,569,448,391
1329,1027,1497,981,1069,1050,813,1094,892,1253,504,592,685,556,468,402
1421,1029,1489,995,1042,1056,777,1052,906,1176,501,559,691,570,459,392
1495,1029,1449,991,1052,1091,780,1069,911,1088,493,558,713,562,466,405
1556,1045,1444,1046,1066,1103,779,1049,922,1063,493,553,728,560,458,401
1612,1044,1419,1057,1078,1126,795,1027,921,1031,493,571,776,560,468,420
1660,1055,1411,1080,1084,1131,789,954,926,988,502,556,783,569,464,426
1673,1057,1392,1096,1092,1135,797,957,930,976,503,567,782,568,462,436
1683,1056,1384,1098,1095,1136,799,962,928,966,503,564,777,564,461,438
1699,1058,1383,1107,1102,1138,803,962,928,973,503,563,779,567,466,438
1723,1063,1373,1125,1105,1136,804,961,936,979,506,563,779,571,463,441
1724,1060,1338,1121,1106,1136,809,954,933,970,505,568,782,560,469,445
1754,1068,1323,1147,1109,1140,806,948,946,988,509,569,804,569,475,449
1752,1059,1291,1141,1110,1140,809,952,935,976,507,564,812,559,478,460
1781,1077,1289,1167,1107,1140,805,933,958,978,516,557,818,570,477,453
1781,1078,1266,1158,1104,1139,811,923,958,948,519,554,814,559,472,460
1772,1074,1248,1152,1114,1150,813,909,940,916,517,554,798,547,463,460
1794,1087,1238,1180,1115,1165,806,900,966,936,530,549,810,556,463,459
1796,1095,1214,1182,1107,1160,801,901,979,917,535,544,803,546,463,465
1808,1100,1204,1177,1111,1160,806,905,968,909,534,546,806,546,462,465
1825,1111,1200,1191,1108,1165,807,894,975,904,540,537,808,551,458,463
1823,1109,1194,1188,1108,1167,811,898,967,894,536,544,812,549,458,466
1823,1109,1190,1187,1111,1164,807,897,962,886,537,538,807,549,457,466
1829,1119,1189,1197,1107,1166,806,893,964,894,541,535,810,554,456,459
1826,1121,1186,1197,1105,1165,807,893,966,885,543,536,805,551,451,467
1827,1121,1180,1198,1105,1165,811,895,964,872,542,535,803,547,452,470
1831,1123,1182,1200,1107,1167,811,896,965,875,544,539,805,549,451,470
1831,1124,1180,1203,1107,1167,810,894,968,876,544,541,807,552,453,470
1831,1123,1180,1206,1105,1166,807,894,966,871,543,538,805,552,450,468
1834,1127,1177,1207,1104,1165,808,894,969,868,544,543,801,552,451,468
1835,1128,1179,1205,1108,1164,812,897,966,869,544,540,804,551,453,471
1838,1128,1179,1208,1107,1167,810,899,970,870,545,541,805,553,452,475
1838,1130,1176,1208,1100,1165,809,895,970,867,544,536,802,554,449,469
1840,1132,1176,1208,1102,1167,809,896,967,867,546,538,800,552,450,474
1849,1129,1179,1207,1105,1171,808,898,966,873,541,535,809,550,450,473
1853,1129,1180,1202,1104,1177,803,893,968,872,541,532,809,549,450,471
1855,1128,1179,1199,1101,1177,797,888,967,871,538,531,807,547,449,465
1854,1126,1175,1199,1099,1174,799,890,964,868,539,538,808,543,446,465
1860,1125,1176,1195,1099,1175,801,887,964,872,541,531,808,544,448,469
1859,1126,1178,1197,1099,1175,795,887,967,871,540,532,809,544,448,464
1848,1059,1175,1133,1099,1176,795,882,925,864,497,529,807,524,448,466
1180,674,841,655,895,860,660,666,519,497,311,462,561,307,348,359
765,584,637,490,557,518,365,346,345,301,266,265,296,224,194,181
1341,879,828,870,663,727,382,415,670,457,427,280,456,368,251,200
1761,906,1223,985,980,1140,651,901,773,844,429,491,892,479,405,382
1452,843,955,866,822,886,561,705,672,567,386,445,637,374,321,302
1473,827,980,858,832,908,551,709,671,583,378,436,656,379,326,304
1463,839,961,865,805,876,524,669,671,568,383,428,630,375,312,281
1443,825,951,853,810,877,534,682,660,563,379,429,632,374,315,289
1463,831,963,860,813,888,531,683,663,572,378,423,636,377,315,291
1454,829,955,855,807,876,528,676,663,563,375,426,630,372,314,288
1442,825,951,848,803,870,526,673,656,558,375,426,626,372,310,287
1441,826,949,850,807,875,527,678,661,563,374,425,628,375,311,288
1433,819,946,843,801,869,524,674,653,558,370,433,621,368,310,285
1412,808,933,832,792,854,515,664,644,545,367,419,609,361,307,279
1387,799,920,820,784,844,508,655,639,536,363,420,599,358,303,270
1360,782,904,807,777,832,500,646,630,525,355,410,591,350,303,271
1267,740,860,741,753,799,485,626,598,488,332,406,546,330,291,260
1243,755,855,752,726,774,457,584,601,475,343,387,511,333,285,247
1245,773,872,773,743,784,483,614,613,498,347,395,529,347,291,260
910,663,742,586,642,656,413,475,477,404,287,348,396,276,246,218
900,679,740,615,624,652,392,435,506,400,298,314,385,280,244,213
976,735,814,767,689,710,428,508,588,465,339,349,431,335,261,234
1008,750,892,817,801,779,510,643,604,541,343,420,464,355,287,277
920,704,787,722,772,741,494,591,543,450,314,413,427,316,267,263
859,694,716,681,685,673,440,460,496,396,305,344,384,293,233,228
905,780,783,811,736,744,492,488,587,453,337,353,415,352,247,261
887,725,768,712,775,774,573,540,541,439,302,412,428,329,258,284
774,642,651,542,599,632,473,392,397,342,253,314,332,263,216,223
748,647,619,514,518,550,393,318,372,310,253,257,301,249,184,187
760,694,629,543,525,582,418,331,401,321,262,259,316,266,197,193
778,769,633,590,526,597,464,334,474,336,299,276,328,297,203,196
861,909,697,660,605,692,578,425,653,398,373,340,402,365,241,231
957,949,756,715,705,825,644,527,811,501,423,390,473,414,279,270
884,802,689,602,684,751,628,519,629,427,364,387,454,316,249,261
758,695,602,523,592,625,478,407,487,336,339,321,365,261,207,210
907,751,616,647,634,650,480,423,620,360,413,316,411,321,213,196
1193,785,774,729,844,941,588,599,714,531,424,406,656,416,274,270
911,628,674,573,809,819,562,641,568,407,342,408,564,320,259,265
680,509,535,462,571,506,434,429,342,260,249,313,306,225,177,175
687,589,545,504,506,445,316,318,364,248,265,226,256,224,144,140
836,703,712,704,663,614,380,466,587,360,355,299,375,310,201,182
968,773,965,855,898,821,559,707,683,721,386,435,509,393,269,274
869,712,853,669,868,781,627,624,543,541,300,477,486,306,258,281
743,669,656,506,572,613,499,377,418,332,283,319,356,242,193,184
743,812,658,607,588,609,496,403,544,342,370,310,338,254,187,164
998,1154,864,1037,785,853,723,537,971,614,505,397,552,405,248,267
943,723,792,913,853,858,791,578,625,492,403,455,586,297,263,376
645,474,536,464,521,454,392,323,280,243,206,272,243,170,136,160
675,598,522,483,440,410,265,234,312,224,247,167,197,169,109,103
1477,934,827,856,686,783,416,487,738,459,430,315,436,368,221,176
1193,775,961,690,930,1055,606,1024,643,667,373,554,535,333,335,352
704,522,583,447,557,520,454,422,276,260,227,331,243,180,151,149
781,680,620,525,467,460,328,271,381,258,298,191,213,206,120,102
1064,1047,976,901,716,773,619,548,773,610,468,378,481,620,246,208
1120,859,1249,885,1022,1070,905,669,697,871,395,482,725,538,335,337
747,573,754,533,614,631,626,460,340,333,237,380,310,221,195,206
813,664,660,601,545,507,356,308,512,303,277,216,286,220,152,118
1201,1198,962,844,785,784,455,583,903,452,403,372,454,380,281,211
1255,1024,920,725,1012,893,613,899,797,490,375,468,510,333,383,280
895,738,687,677,733,617,535,606,546,340,290,388,408,284,261,178
743,658,617,557,633,516,434,449,434,294,283,334,328,252,190,122
1091,783,743,1025,744,648,475,487,658,546,375,316,408,336,234,160
1114,774,1038,1068,976,869,734,694,647,1122,338,533,603,398,332,303
673,565,590,490,702,557,577,425,341,345,222,360,338,201,191,153
642,584,533,433,467,439,317,254,456,279,240,214,248,177,142,90
1153,792,781,762,675,702,374,425,944,498,446,351,464,346,224,148
1405,733,1025,757,954,1012,631,797,747,838,383,515,771,363,368,381
846,626,774,536,716,684,500,577,536,448,276,391,400,236,269,216
743,609,651,493,637,579,349,388,511,330,312,307,326,226,205,132
891,909,818,636,915,731,559,506,711,549,392,352,548,434,235,174
1151,890,922,797,1042,968,1162,646,891,641,362,432,715,466,327,326
767,609,577,486,619,593,503,460,417,308,249,406,344,236,213,170
864,789,667,646,682,730,438,463,635,488,314,315,419,280,226,156
1007,1048,837,776,912,965,541,629,798,863,494,396,523,414,331,226
922,669,839,647,1211,881,796,674,612,669,354,475,505,422,281,273
680,599,622,507,653,547,544,348,317,334,191,261,268,206,162,144
775,674,646,725,544,617,316,287,535,393,299,220,297,242,151,117
1037,878,847,870,818,1160,531,582,723,740,381,409,489,326,273,210
1066,864,935,804,1029,1147,666,719,720,932,347,441,685,322,352,282
751,575,683,514,751,694,557,470,458,394,244,366,415,217,224,175
845,658,878,661,698,701,390,436,596,505,279,284,373,254,203,131
915,1058,1181,914,772,870,461,518,711,610,340,333,451,323,232,172
971,1254,1062,765,1015,1131,652,670,684,785,379,511,509,408,292,254
862,756,697,741,719,723,539,476,537,410,281,358,338,237,201,152
1326,786,755,768,682,786,425,491,619,427,330,343,383,295,205,127
1044,851,1026,978,877,1079,574,911,680,719,343,392,483,316,285,197
817,684,818,774,1015,858,622,636,627,518,295,452,436,298,247,194
885,760,872,938,904,745,584,507,813,430,339,364,402,311,209,135
1011,838,935,1069,860,873,704,600,709,511,334,427,382,310,228,201
1138,954,806,764,883,839,611,607,795,490,359,374,469,324,318,234
1027,734,721,711,799,716,483,526,620,390,302,379,506,326,245,227
998,751,737,960,780,788,547,609,603,402,317,386,428,306,253,218
964,998,1033,893,985,959,662,681,715,734,372,486,493,453,293,257
845,769,714,639,924,685,1022,515,562,365,299,403,394,259,232,207
778,647,627,539,617,569,431,402,410,306,240,331,307,210,185,137
1112,1029,736,898,710,819,395,416,667,492,401,265,392,285,214,136
891,865,887,884,1162,1037,646,652,680,874,389,443,618,335,300,268
784,713,724,690,976,795,865,499,607,422,291,377,479,257,224,198
789,670,642,577,644,597,443,393,544,350,265,328,353,229,188,141
797,1068,670,664,667,647,404,445,600,370,313,318,382,231,203,156
1085,1018,957,911,1080,987,524,573,762,919,482,397,561,355,305,248
975,737,880,723,962,851,774,563,601,541,290,409,663,255,249,267
633,541,602,458,639,556,492,382,362,289,193,354,320,192,197,167
785,1205,693,667,649,639,325,344,707,381,345,249,355,284,201,146
1489,1224,931,911,1171,1141,708,710,1051,832,481,484,810,503,377,430
775,508,607,421,694,695,583,544,310,323,180,378,407,224,243,246
375,261,391,205,376,347,203,192,168,183,93,142,168,105,108,105
736,684,601,462,422,505,174,201,518,333,302,136,267,301,142,107
1403,888,1026,1007,926,1156,681,538,1046,811,480,422,790,588,344,339
1023,603,731,547,807,1060,652,643,497,442,263,475,607,294,385,365
630,442,565,349,465,468,289,302,276,246,152,247,246,176,178,143
660,607,533,438,410,430,177,210,430,250,268,166,214,211,131,111
1300,916,1396,1376,990,1036,609,537,1050,848,464,377,674,737,286,260
1069,629,1055,824,914,1390,800,668,573,571,276,540,657,335,385,367
203,94,288,118,400,354,286,254,70,131,42,228,138,77,110,107
40,51,36,50,39,35,50,39,33,29,32,38,38,48,43,46
835,782,683,798,400,581,78,141,677,445,374,72,250,264,108,63
1145,822,1929,1069,1235,1731,868,973,878,1548,349,745,808,437,448,369
563,269,563,278,567,562,427,379,211,254,82,397,267,151,195,166
35,24,51,34,67,53,84,58,25,35,26,68,40,47,44,57
410,469,309,280,88,179,35,38,225,155,144,40,70,86,46,49
1625,954,1838,1085,944,1386,385,628,915,1525,428,342,683,547,270,192
795,558,892,452,932,904,908,707,380,558,145,601,425,232,243,246
30,10,60,16,159,94,165,124,8,40,13,127,45,42,54,61
4,12,5,4,2,-8,22,8,7,10,11,17,9,31,25,33
847,786,586,549,275,478,35,73,598,394,292,40,192,169,78,54
1287,879,1535,797,1450,1458,644,1040,828,1887,362,521,1090,390,601,403
589,342,607,297,675,582,532,367,244,339,86,330,327,133,183,176
13,13,29,14,48,20,79,48,13,27,17,54,31,32,39,51
533,652,423,377,112,244,34,37,309,201,195,27,103,109,52,45
1796,1351,1144,898,1082,1803,462,735,1048,1425,469,417,974,411,494,375
619,380,605,337,677,646,519,455,236,306,104,373,334,141,214,212
13,9,24,8,58,28,86,57,9,17,18,65,40,30,44,52
156,328,115,146,30,53,17,15,138,72,87,9,35,40,17,16
1246,1743,1372,1127,719,1041,269,344,1288,1192,506,226,525,520,246,141
795,509,812,484,1017,1020,948,648,422,551,195,703,558,256,374,335
12,0,32,7,132,66,171,112,-1,22,11,116,34,15,41,48
-10,-11,-15,-9,-8,-25,9,-1,-12,-9,4,-3,-6,6,3,9
486,633,353,357,44,165,9,6,339,167,218,-1,63,100,16,10
1160,1197,2103,923,1374,1594,555,749,1005,1884,430,583,798,680,556,319
604,317,681,320,775,700,639,492,219,312,85,502,317,168,217,215
-1,-1,9,-4,22,1,58,26,-10,4,6,36,4,14,10,19
20,132,13,41,-5,-13,8,0,40,8,39,3,-4,22,1,6
1971,1129,975,983,670,1079,165,289,834,805,460,151,404,405,198,145
1129,664,1044,633,1319,1382,701,1161,584,1062,242,587,659,318,428,397
76,16,187,25,364,306,236,197,17,104,13,166,102,36,83,110
-4,-6,-5,-6,-1,-15,8,9,-8,0,5,5,0,11,4,12
517,634,333,414,52,135,6,15,290,167,215,6,59,112,22,19
2056,1067,2070,1538,980,2040,586,677,1079,1270,420,463,706,518,388,337
724,415,676,348,650,998,452,478,233,312,92,445,283,137,230,219
13,3,23,9,59,41,73,61,0,15,5,66,15,14,26,45
21,76,13,37,-3,2,2,4,33,9,26,6,0,17,8,19
1306,929,831,782,465,759,76,172,814,563,408,100,342,356,153,123
1422,620,1327,586,1389,1181,721,936,577,962,222,517,913,381,343,509
203,72,361,91,391,352,224,212,56,140,26,191,121,60,90,120
133,207,124,117,56,78,31,31,86,57,55,21,31,44,19,29
1000,1291,902,961,597,905,143,248,895,538,389,144,331,350,178,121
983,729,908,586,1129,1467,913,664,587,600,207,614,475,282,412,378
283,123,386,113,396,361,266,207,88,157,31,176,112,55,105,127
905,877,1083,789,523,740,125,217,832,1041,308,139,434,343,192,104
892,690,1351,612,1154,1255,707,591,745,1355,202,515,673,363,384,315
472,265,531,206,465,504,260,254,213,267,68,260,221,112,165,120
600,594,525,332,321,435,97,128,475,290,180,99,196,147,100,57
1355,1069,956,726,837,1107,333,488,1334,830,362,374,659,450,322,283
895,539,747,426,823,909,472,546,583,489,169,420,548,242,294,325
308,241,370,160,346,360,160,185,170,183,65,167,172,80,120,112
720,664,599,490,469,589,117,182,585,377,224,127,311,217,159,96
1412,804,1004,783,940,1319,369,679,767,1008,287,398,796,391,415,358
750,556,683,416,761,876,339,552,452,470,157,382,479,214,321,255
626,567,534,373,452,483,163,225,364,288,177,191,241,149,145,99
1190,877,945,810,751,929,241,390,736,948,366,313,549,365,310,153
981,718,936,608,1059,1050,602,608,611,996,296,474,706,303,448,237
666,547,601,416,617,572,322,330,390,406,198,298,348,177,194,115
841,815,813,724,841,747,319,398,757,892,396,284,619,365,234,125
855,742,913,635,1211,906,817,634,720,1065,322,473,815,392,340,225
720,620,701,491,904,704,609,473,560,558,236,381,577,279,243,154
790,780,718,612,730,680,427,377,732,573,312,334,536,340,222,134
857,767,834,627,949,864,718,525,775,752,287,429,692,376,285,202
778,704,716,539,766,738,509,446,703,537,266,393,508,309,238,163
814,731,726,572,722,748,417,443,786,549,278,389,502,326,236,165
860,745,745,607,733,781,429,448,786,566,288,407,501,330,238,179
804,678,694,540,688,734,418,444,745,478,270,413,466,286,233,172
862,720,741,602,686,774,363,443,882,515,295,407,478,318,231,177
895,706,751,613,701,813,393,461,840,515,296,433,481,317,239,194
835,656,692,548,679,755,386,446,775,461,273,438,458,276,229,188
891,697,727,620,682,780,357,445,873,480,302,430,463,308,231,180
910,676,752,617,710,838,410,482,831,479,295,469,483,299,239,208
900,656,711,601,687,805,389,474,766,460,291,456,461,287,231,195
911,661,706,624,687,812,383,477,751,450,298,447,453,292,221,185
912,668,726,635,712,864,412,504,752,455,305,460,474,295,236,202
916,666,735,641,716,890,429,514,716,455,300,458,477,291,241,206
958,677,747,666,717,904,428,523,727,469,310,456,485,298,238,202
906,648,719,607,717,888,444,532,670,442,287,455,475,278,244,207
925,662,734,633,714,893,408,516,688,451,299,430,478,287,238,197
920,655,733,622,718,896,428,526,682,450,293,442,478,282,242,200
917,657,728,615,712,891,421,521,679,442,294,439,475,280,240,195
907,654,722,608,711,884,419,521,670,434,293,438,467,275,237,194
909,655,723,612,712,886,420,520,674,440,295,435,468,279,236,195
898,648,714,591,711,875,421,523,657,424,288,435,463,275,236,195
904,660,718,610,709,882,412,515,668,433,297,426,462,279,236,195
917,661,734,618,727,913,438,535,673,445,296,438,479,281,245,205
890,653,704,588,705,860,419,516,641,413,290,427,451,269,234,187
912,669,722,618,715,893,413,524,658,433,298,420,465,279,238,191
895,664,712,606,713,880,422,523,647,417,294,421,457,275,238,188
906,680,718,626,713,884,425,522,655,420,306,422,456,276,239,189
908,669,727,607,731,923,454,547,642,427,297,439,470,275,249,202
924,688,729,627,717,894,424,525,654,425,309,414,461,279,243,190
917,674,731,610,729,918,456,552,644,424,297,425,465,275,251,204
895,658,714,586,705,870,424,524,625,402,292,406,443,271,234,186
897,666,715,597,707,873,413,516,629,405,297,395,442,270,235,182
882,660,701,579,701,857,419,518,617,390,293,401,434,266,229,180
885,663,706,584,709,872,425,526,620,398,292,407,438,266,235,185
889,663,704,585,705,866,420,523,622,397,294,402,435,265,233,183
888,665,706,588,705,866,423,522,625,400,297,399,433,266,234,185
885,662,703,587,701,861,424,515,622,396,296,402,432,267,231,180
880,657,698,572,700,859,421,516,611,390,288,400,431,260,232,177
1150,896,816,898,722,948,404,522,862,495,425,395,483,365,243,185
1369,855,1040,943,882,1436,669,954,891,670,405,670,702,427,417,353
1260,840,910,892,797,1158,563,705,837,553,396,519,570,374,312,256
1270,852,941,917,821,1225,590,761,863,574,403,556,603,395,340,287
1275,850,943,909,826,1226,602,774,855,572,402,563,603,386,341,289
1295,856,972,927,838,1273,612,802,878,595,406,578,625,403,362,307
1305,864,966,933,836,1256,608,791,880,586,410,575,614,400,349,297
1301,864,965,933,837,1255,616,801,883,584,410,584,617,402,354,301
1300,864,967,934,836,1258,618,802,884,585,413,582,619,403,354,303
1310,866,980,938,842,1275,622,812,890,595,413,590,625,407,360,304
1313,867,975,942,837,1268,619,804,891,588,415,586,623,405,357,304
1313,866,976,943,840,1267,619,809,890,587,413,590,624,404,359,308
1320,871,981,948,840,1271,624,812,900,594,418,589,625,409,360,307
1359,892,1006,978,851,1290,637,835,928,601,429,611,635,429,366,322
1374,899,1018,999,856,1301,649,850,941,610,436,624,644,439,373,328
1383,906,1023,1012,858,1303,660,862,942,605,438,631,644,446,375,335
1400,909,1029,1028,861,1305,663,869,948,604,442,638,643,452,376,336
1394,910,1026,1034,862,1295,682,881,948,590,447,645,640,459,378,343
1398,913,1028,1044,864,1299,684,878,955,593,446,649,638,460,377,345
1419,924,1057,1078,865,1329,686,882,979,606,454,654,651,473,383,346
1425,922,1061,1080,868,1330,701,896,980,600,452,679,652,475,386,347
1430,922,1066,1094,866,1332,699,889,1001,606,456,667,653,478,388,351
1448,919,1096,1124,873,1365,711,907,1018,620,457,689,673,486,403,363
1455,909,1093,1129,873,1360,712,898,1014,615,453,690,668,488,397,366
1487,920,1119,1156,876,1381,717,895,1036,635,457,687,686,495,403,372
1518,929,1139,1189,881,1402,729,907,1074,651,456,726,700,504,413,386
1523,941,1156,1219,875,1404,724,889,1115,662,463,737,704,518,411,386
1511,936,1149,1209,874,1391,728,877,1143,655,463,755,698,521,409,387
1535,930,1172,1257,878,1391,746,886,1184,677,458,764,709,540,414,409
1524,945,1188,1267,880,1389,757,860,1232,682,462,766,723,550,418,412
1555,962,1226,1300,887,1415,764,866,1293,712,466,783,742,593,425,423
1533,959,1196,1317,893,1368,793,858,1340,709,473,788,727,610,423,428
1486,955,1224,1360,907,1328,844,869,1407,743,468,784,747,678,429,436
1445,936,1221,1311,923,1265,856,842,1441,775,463,744,752,716,420,408
1401,952,1207,1269,989,1222,874,854,1436,830,476,715,793,791,427,396
1281,941,1174,1203,1036,1148,922,846,1356,889,475,704,841,815,420,377
1144,957,1178,1150,1140,1093,923,824,1238,1005,483,672,923,835,419,337
1109,1004,1175,1067,1307,1052,957,826,1147,1158,496,668,1041,833,424,310
1080,1024,1149,996,1392,1031,997,820,1033,1302,486,648,1054,655,415,280
1156,1106,1189,983,1500,1091,990,922,1028,1524,497,646,1072,615,482,279
1268,1087,1133,962,1251,1112,879,906,978,1462,476,585,896,528,464,264
1524,1147,1176,988,1197,1315,841,1099,971,1408,471,594,902,545,572,286
1608,1157,1128,1024,1069,1366,736,1050,966,1239,462,530,821,534,512,285
1701,1091,1142,1155,1039,1425,742,1157,1004,1154,465,540,842,543,549,335
1648,1044,1136,1205,1017,1373,727,1231,1008,1015,455,545,792,521,498,407
1804,1095,1175,1326,1006,1371,705,1078,1168,993,452,549,770,565,454,450
1649,1102,1157,1119,1005,1272,744,907,1300,1000,450,548,721,628,444,444
1331,1094,1155,1012,1041,1210,803,843,1408,1008,441,554,754,663,460,408
1099,945,1165,911,1100,1101,973,798,1136,995,391,556,783,564,448,371
1094,1031,1343,963,1217,1157,837,762,1046,1341,438,540,865,628,430,330
1172,979,1303,967,1177,1171,906,841,903,1514,440,520,763,519,402,314
1553,943,1341,978,990,1287,712,965,828,1581,453,458,668,535,433,310
1927,969,1271,1058,1006,1444,736,1159,809,1261,428,491,716,532,441,342
1897,1026,1150,1175,970,1343,648,883,842,1016,451,478,705,458,384,372
1643,1149,1149,1277,1073,1167,767,880,1086,960,477,514,704,506,416,540
1234,1124,1102,1083,1047,1112,822,798,1137,908,448,479,602,527,412,502
1100,1161,1154,1189,1095,1347,841,756,1164,984,463,496,607,602,424,393
1055,1017,1275,1193,1138,1389,959,768,933,1122,403,641,607,512,406,358
1248,988,1636,1136,1119,1367,783,817,926,1414,432,597,675,560,402,330
1625,960,1550,1032,1106,1396,770,1052,900,1353,436,536,733,642,411,365
1812,1051,1243,977,1081,1412,702,855,999,1107,482,509,740,547,390,416
1416,1213,1089,940,1197,1334,805,858,1018,918,489,528,732,474,389,553
1325,1428,1108,1040,1168,1431,864,861,1122,969,493,493,718,543,437,519
1341,1049,1243,1282,1109,1577,924,855,976,847,447,561,616,479,434,441
1353,909,1678,1273,1051,1472,812,853,901,1084,441,736,639,521,399,393
1456,959,1412,1037,1000,1136,725,781,1030,1091,501,511,648,735,362,364
1409,1085,1226,932,1347,1056,833,885,965,1051,510,583,742,633,388,444
1271,1079,1183,895,1319,1242,768,914,824,1035,469,541,713,478,438,440
1738,1119,1274,1223,1058,1733,764,927,1050,1111,481,530,812,558,553,447
1494,1048,1370,1307,980,1567,690,797,1082,987,464,623,750,569,419,461
1230,1049,1395,1029,1033,1209,809,820,926,1016,486,623,722,657,395,525
1195,1053,1461,973,1287,1162,999,837,1037,1278,521,591,823,781,448,432
1334,1056,1536,972,1247,1246,799,854,1046,1392,520,647,786,607,508,369
1470,915,1356,898,1056,1259,708,954,886,1030,464,618,710,469,487,342
1569,1057,1300,1034,1058,1521,740,1017,1084,994,518,668,797,514,501,435
1264,1128,1166,1013,1000,1317,778,769,1138,993,552,613,898,646,426,433
1094,1144,1233,1040,1001,1182,900,775,1036,1060,477,595,808,624,405,381
1236,937,1535,1004,1023,1222,948,923,934,1265,449,795,785,576,455,405
1647,881,1679,979,1075,1319,838,1144,980,1342,450,646,916,592,434,402
1747,1345,1254,974,1101,1190,821,933,1098,1050,630,518,1121,513,425,413
1339,1454,1123,924,1118,1191,924,1026,1070,949,564,563,884,490,538,532
1301,999,1276,1047,1030,1347,889,1049,1017,1067,453,608,755,475,485,503
1513,941,1568,1211,1015,1331,782,859,1398,1319,470,592,760,713,408,450
1110,1039,1411,985,1294,1286,1243,911,940,1091,501,696,726,574,413,410
1446,999,1421,1094,1064,1295,816,944,931,1251,503,601,739,575,402,339
1568,1208,1258,1256,1112,1311,743,928,1180,1027,601,525,697,642,396,411
1395,1162,1119,1105,1150,1207,856,861,1253,928,532,561,718,662,430,541
1106,1047,1257,1165,1092,1214,1045,762,1056,1029,491,568,718,565,414,421
1253,895,1602,1065,1191,1411,1001,1027,963,1158,487,695,774,653,478,399
1460,981,1266,1042,1111,1324,792,1043,1070,1185,584,572,1012,697,444,364
1322,1409,1119,1046,1224,1265,840,979,1188,1040,602,595,921,757,422,485
1248,1033,1119,1153,1043,1325,1097,913,1005,841,485,627,746,665,476,468
1201,916,1589,1320,992,1297,915,832,976,988,485,773,757,720,498,424
1433,1019,1351,1029,1128,1194,859,917,1071,1287,618,599,933,1160,474,394
1309,1105,1173,897,1278,1093,896,959,984,1055,566,659,750,659,522,456
1407,968,1094,997,1038,1501,802,1079,935,858,496,616,744,578,651,500
1347,914,1378,1272,980,1593,782,885,1095,974,516,780,905,710,580,589
1150,1067,1143,1001,1001,1087,966,790,1078,1033,506,580,797,877,432,479
1100,921,1134,890,1024,1026,1118,871,828,1038,483,651,793,532,459,474
1647,917,1301,1110,1062,1261,847,1306,826,989,491,581,788,554,581,477
1484,1312,1059,1104,1018,1323,781,980,1141,895,667,583,809,636,443,492
1168,1389,1045,1076,1058,1064,933,887,1200,803,517,564,648,624,398,492
1229,946,1364,1117,1365,1172,1121,945,998,1136,473,717,720,563,456,469
1424,923,1320,1041,1069,1322,929,903,915,1191,486,709,807,551,468,452
1448,1379,1166,974,1167,1152,915,839,1108,1019,630,505,966,574,388,392
1218,1329,1091,1038,1135,1174,952,987,981,900,523,548,704,525,518,439
1323,911,1125,1190,1028,1229,872,1009,1031,699,475,606,647,546,414,416
1139,969,1210,1133,1043,1178,864,807,1228,889,519,591,700,753,381,424
1012,1166,1088,1001,1370,1044,1212,801,969,881,573,558,738,610,393,400
1210,1098,1026,1051,1095,1110,914,1031,849,927,495,578,679,505,482,409
1745,1088,1173,1359,1040,1306,822,1066,1100,847,568,494,691,621,436,395
1227,1142,1113,1097,1033,1021,894,778,1241,640,537,546,562,597,348,445
1012,1016,1149,1066,1299,1121,1229,859,971,797,550,580,661,681,401,420
1453,961,1359,1276,1343,1382,1112,1113,921,1115,500,676,764,712,522,421
1610,1021,1059,1120,1064,1189,805,866,1007,697,570,515,661,652,417,384
1528,1310,1061,1067,1168,1085,884,946,1149,680,510,567,687,604,447,507
1278,1183,1141,1237,1232,1159,995,877,1092,1003,488,557,737,688,460,445
1235,926,1277,1189,1194,1289,1079,933,902,1107,447,682,668,566,478,437
1337,973,1410,1061,1162,1145,911,848,902,976,521,540,788,764,419,387
1420,1236,1186,977,1430,1111,915,894,1053,943,602,551,664,590,425,378
1316,1252,1163,1157,1226,1200,1002,952,996,766,507,537,623,518,497,386
1335,1074,1252,1555,1089,1351,960,998,1022,890,524,620,645,555,425,387
1145,1043,1352,1155,1100,1131,1004,869,1066,724,536,666,618,683,382,360
1072,1049,1248,1030,1322,1054,1216,950,977,883,534,613,824,673,395,389
1296,990,1260,1060,1180,1127,925,1024,1014,1002,554,531,621,563,397,346
1784,1108,1223,1192,1095,1470,884,1228,975,845,571,576,660,540,430,357
1517,1305,1171,1150,1108,1305,919,1013,1195,860,635,651,741,577,417,441
1208,1318,1157,1062,1133,1339,1037,965,1186,985,523,589,707,613,407,415
1236,1029,1439,1211,1087,1303,1028,957,1058,1287,498,653,718,635,404,398
1214,912,1264,1000,1073,1119,951,1103,905,1087,476,668,676,516,395,391
1482,990,1323,1040,1212,1240,931,1102,965,1004,571,590,960,597,461,446
1203,1144,1091,1073,1152,1112,942,974,1077,1029,585,532,800,561,456,435
1130,1137,1003,1120,982,1174,1059,1006,980,857,502,517,633,528,479,372
1127,965,1206,1245,959,1167,1052,890,991,886,495,585,601,531,383,416
1280,924,1358,1148,1063,1108,1055,957,1105,894,532,658,643,742,394,435
1301,1015,1131,973,1126,1100,1005,891,985,926,613,561,684,705,379,367
1152,1117,1054,944,1162,1120,1031,1013,896,1107,567,559,700,618,419,391
1372,1082,988,1029,1075,1228,965,1094,867,874,520,544,640,580,493,391
1554,984,1058,1241,1057,1383,1002,1066,976,790,507,675,704,646,493,430
1265,974,1094,1113,982,1096,1024,877,982,717,521,678,647,776,407,437
1161,954,1176,968,1174,1036,1248,940,966,852,550,603,765,759,423,443
1092,953,1141,927,1340,1010,1215,970,904,988,609,590,683,610,440,411
1289,1029,1108,914,1051,936,907,1027,830,882,542,552,617,516,537,379
1552,925,938,955,931,941,809,1106,837,663,529,511,617,539,527,355
1530,937,872,964,886,917,830,903,1058,630,557,566,608,540,385,380
1155,1006,918,968,945,914,1007,858,1164,656,517,623,633,655,428,457
1042,950,947,1026,1014,905,1166,772,889,655,538,536,654,699,403,380
1082,994,1125,1241,1187,946,1160,817,865,806,541,631,681,653,409,389
1178,948,1226,1082,1010,871,1056,888,805,747,492,640,634,619,418,375
1531,968,1122,1095,894,865,897,1012,803,761,549,540,656,718,383,352
1612,1072,1009,990,1072,887,895,1131,842,667,607,561,678,620,408,388
1436,1206,992,1029,1177,925,920,950,971,631,563,555,625,587,440,403
1332,1423,1030,1033,1111,988,930,945,1071,627,532,547,637,637,454,401
1236,1125,1128,950,1220,996,1013,970,871,820,642,567,640,627,388,362
1188,1210,1206,962,1234,1040,966,1069,904,842,612,619,604,562,438,376
1301,1214,1251,985,1085,1102,897,1050,938,748,557,601,611,519,488,385
1434,1126,1201,1214,1004,1184,880,984,952,688,546,573,694,523,494,416
1420,1106,1131,1310,1003,1155,853,947,1027,728,597,583,689,537,438,465
1410,1106,1207,1417,1010,1140,916,928,1156,800,640,619,688,584,430,500
1324,1150,1244,1278,1012,1095,1012,919,1216,850,612,608,722,622,422,468
1157,1119,1091,1172,1024,1001,1105,891,1139,816,535,601,750,630,407,431
1107,1138,1095,1118,1146,985,1103,893,1062,903,542,577,794,651,400,406
1080,1073,1215,1094,1378,1040,1153,943,1004,1081,564,660,877,674,408,416
1079,987,1221,1041,1419,1038,1088,962,933,1090,562,707,809,590,388,403
1121,972,1224,1004,1369,1024,963,1028,905,1044,542,694,708,538,371,392
1244,963,1138,979,1223,1125,849,1151,911,957,517,640,707,550,395,397
1541,979,1252,1025,1173,1282,807,1202,928,966,510,611,781,574,432,394
1670,1007,1181,1048,1109,1150,816,1162,942,828,526,562,832,567,426,403
1751,1005,1091,1075,1120,1113,835,1088,940,733,523,556,937,563,425,447
1713,1038,1047,1074,1075,1100,838,971,956,705,524,538,883,558,403,473
1547,1075,1049,1067,1032,1095,868,892,1043,719,542,536,769,586,387,475
1450,1124,1049,1117,1012,1115,929,880,1126,721,546,541,700,610,383,475
1389,1153,1044,1175,1012,1107,998,886,1140,724,563,541,681,640,387,472
1334,1159,1045,1163,1041,1155,1039,902,1151,739,558,556,680,661,393,471
1254,1195,1052,1161,1021,1152,1037,885,1146,746,558,544,667,689,385,436
1199,1168,1058,1094,1059,1193,1111,898,1106,791,537,565,677,706,389,435
1141,1061,1083,1050,1067,1211,1133,874,1068,832,534,567,667,715,384,414
1081,1042,1094,985,1080,1160,1095,828,955,829,523,576,649,645,372,393
1064,1053,1170,980,1118,1137,1013,842,911,939,530,628,653,608,372,386
1067,1015,1298,976,1214,1119,997,888,887,1057,520,672,664,565,391,398
1091,1033,1345,983,1204,1034,877,895,879,1098,527,650,641,563,383,380
1113,1024,1366,985,1190,1020,868,949,870,1133,522,665,638,562,401,379
1137,1031,1392,987,1135,1009,843,979,869,1124,529,643,627,555,398,375
1175,1035,1450,994,1156,1030,852,1046,873,1217,525,652,641,572,423,382
1193,1042,1448,995,1144,1009,840,1027,874,1189,526,632,636,560,418,371
1221,1045,1460,1004,1136,1025,841,1069,875,1203,523,638,646,562,432,375
1245,1026,1476,998,1111,1019,837,1077,865,1202,520,620,644,565,433,379
1297,1030,1485,1005,1073,1010,824,1083,872,1190,516,596,648,561,434,373
1335,1036,1512,995,1077,1020,823,1135,866,1161,509,589,658,557,440,375
1399,1035,1511,993,1063,1033,815,1144,868,1135,501,570,657,556,448,377
1439,1041,1484,989,1056,1004,800,1161,867,1081,493,556,662,543,443,376
1495,1040,1428,996,1064,1018,790,1153,857,1026,492,545,683,540,456,389
1563,1054,1386,1041,1080,1010,772,1102,875,1010,493,535,704,550,461,391
1581,1069,1359,1059,1071,1022,779,1097,879,950,502,537,712,548,461,408
1593,1070,1363,1068,1075,1032,789,1115,879,930,501,545,714,548,465,422
1598,1072,1358,1077,1073,1037,787,1109,879,917,502,541,718,551,467,423
1602,1073,1354,1080,1073,1033,787,1108,881,911,503,541,713,553,465,423
1607,1077,1355,1090,1075,1036,789,1109,883,913,505,545,719,555,471,426
1618,1079,1359,1096,1080,1045,791,1119,886,915,504,551,721,559,473,432
1623,1078,1355,1101,1077,1044,791,1116,883,911,503,547,719,558,477,432
1626,1074,1352,1104,1079,1040,790,1121,882,912,503,544,720,552,474,436
1637,1076,1345,1113,1080,1034,788,1117,889,913,504,544,717,556,473,433
1645,1076,1345,1114,1084,1040,789,1123,888,914,502,553,725,555,477,434
1645,1073,1339,1110,1083,1036,790,1110,886,908,500,550,726,554,475,436
1655,1077,1333,1116,1083,1037,789,1097,888,905,502,547,726,553,470,440
1659,1075,1329,1115,1083,1039,790,1097,890,907,502,548,727,552,471,439
1662,1077,1327,1118,1083,1043,791,1092,889,911,505,551,729,552,471,440
1664,1077,1325,1120,1081,1043,792,1088,889,905,507,548,724,554,471,441
1672,1079,1324,1117,1083,1041,791,1087,891,904,506,546,727,548,471,437
1679,1076,1326,1114,1084,1049,789,1082,890,914,503,547,731,548,472,439
1690,1075,1334,1112,1082,1054,782,1083,890,923,500,546,740,542,475,440
1690,1072,1330,1106,1079,1049,779,1079,889,917,498,542,738,537,472,437
1688,1068,1325,1102,1076,1043,774,1075,880,912,495,536,734,534,467,430
1692,1069,1326,1103,1074,1041,771,1068,884,912,499,535,736,535,471,430
1697,1068,1331,1105,1075,1048,769,1072,885,918,496,537,737,533,472,434
1644,982,1304,1005,1075,1043,766,1071,821,898,441,536,734,496,471,435
1204,745,962,725,865,816,610,797,641,600,356,450,541,362,363,324
770,607,706,496,619,600,436,462,400,378,269,319,333,244,241,211
1033,849,867,715,628,666,375,411,662,505,380,275,385,343,241,189
