871,723,759,740,781,737,567,525,595,400,316,381,392,300,220,172
695,580,637,519,668,617,508,448,447,335,264,336,328,232,194,139
690,612,595,516,557,547,414,355,444,309,278,265,286,228,171,110
890,748,699,696,661,631,476,422,585,384,344,302,348,271,195,138
1040,800,812,821,822,750,631,583,665,498,388,390,415,339,252,210
875,639,694,599,802,719,652,580,530,467,297,416,388,268,242,223
655,548,584,473,578,583,458,375,423,347,260,289,291,221,178,123
702,617,600,518,570,587,420,356,473,364,289,265,308,225,177,114
896,725,715,688,668,729,492,436,640,482,363,312,407,304,218,147
871,633,720,589,751,760,610,538,595,457,313,378,427,274,247,193
678,519,624,450,604,612,481,404,439,347,264,308,328,214,192,130
647,544,591,445,553,579,404,341,445,336,260,257,301,206,172,109
775,661,668,552,624,660,429,383,593,412,306,286,351,247,185,123
917,774,793,715,830,856,544,570,695,550,349,390,444,345,238,213
786,633,711,549,804,794,591,586,571,455,297,401,417,272,231,205
770,671,681,644,714,700,511,457,604,466,314,317,398,258,214,152
898,756,755,764,798,789,563,518,708,553,358,365,454,312,250,184
881,687,747,716,849,808,635,598,674,532,329,403,461,309,273,234
720,599,644,559,707,666,521,503,579,389,294,369,395,254,212,172
722,599,629,560,656,632,472,440,578,378,299,333,360,260,203,144
811,665,688,673,718,691,483,478,649,417,340,352,402,304,219,158
834,684,724,696,777,730,563,547,668,424,357,383,416,332,243,187
833,698,710,676,766,694,584,573,637,418,365,391,392,309,236,185
851,718,728,705,826,724,627,609,631,438,367,389,405,323,239,197
805,715,690,715,759,685,602,579,610,411,363,375,395,307,231,172
816,721,714,738,774,719,674,616,622,441,373,384,413,327,239,187
789,656,700,662,746,703,677,578,586,423,339,384,395,299,240,183
721,617,635,574,628,625,592,435,491,372,315,320,336,254,204,154
754,648,656,630,636,661,570,426,538,398,325,310,346,266,207,152
779,637,692,608,714,725,626,478,553,411,326,347,397,277,222,175
738,607,653,535,645,669,575,431,484,377,292,323,352,254,210,161
751,631,652,555,623,670,502,400,532,382,303,293,340,261,204,152
772,634,677,554,671,709,526,456,550,390,306,331,358,263,214,169
806,633,705,576,705,738,515,462,559,410,315,343,390,273,226,175
763,610,676,535,681,691,511,440,523,390,299,331,370,259,217,173
800,642,702,568,691,694,484,450,551,420,304,329,394,278,223,174
735,602,652,513,640,627,476,416,492,377,285,323,351,241,213,162
845,668,729,638,680,680,481,439,581,425,324,329,389,277,236,170
829,632,722,582,728,705,541,495,536,430,292,369,401,263,247,203
794,656,678,591,649,663,479,432,546,414,301,335,374,264,222,172
846,692,726,680,709,731,533,470,598,489,324,365,428,328,250,201
821,649,714,616,681,727,511,464,571,463,310,365,409,312,244,191
705,579,632,488,595,635,445,396,461,354,284,312,339,251,211,159
790,647,710,592,626,700,430,401,581,416,322,302,392,294,223,159
753,608,692,533,653,721,469,444,535,401,296,359,401,267,233,173
705,568,644,478,596,645,417,396,476,361,279,306,341,247,207,151
813,677,715,575,624,694,418,396,583,404,319,304,380,282,214,147
869,674,805,601,759,802,518,521,593,453,327,390,447,313,268,203
829,638,767,540,734,751,513,505,550,411,305,381,419,289,244,190
809,657,688,525,605,630,436,407,526,360,304,317,345,262,203,148
955,760,845,714,784,793,512,540,632,503,359,376,460,353,271,208
886,713,795,634,791,755,567,544,584,468,328,399,447,307,264,210
849,667,739,584,707,696,507,473,556,421,312,369,422,283,237,174
785,646,677,547,637,642,458,420,518,382,306,340,365,258,219,152
832,688,716,592,661,689,466,429,563,415,322,342,409,277,238,159
881,725,757,663,719,751,527,483,603,476,355,376,438,316,257,182
849,650,735,580,728,756,545,500,545,431,308,392,437,292,256,192
752,623,641,520,596,621,444,390,494,342,298,321,339,261,203,138
881,715,712,647,659,711,445,425,600,405,349,347,416,330,222,153
896,704,744,628,768,777,564,535,590,424,339,405,464,343,266,208
825,658,700,581,723,698,509,487,563,374,328,380,407,293,236,169
824,690,690,614,687,658,478,459,587,366,347,347,371,300,217,152
893,721,783,706,803,742,545,541,622,426,379,389,411,349,255,200
858,674,730,619,780,703,573,530,569,396,344,401,385,316,243,192
774,648,650,559,663,615,476,451,520,337,322,350,329,266,201,150
897,721,727,703,740,705,515,525,600,416,370,362,392,322,227,172
910,709,755,715,767,747,592,574,585,437,371,382,416,333,240,188
832,645,692,596,703,683,546,497,529,378,320,358,371,276,208,166
797,640,669,583,644,654,482,423,505,365,323,309,352,262,197,141
882,704,741,709,702,727,539,458,588,428,357,331,381,292,215,154
855,661,735,619,734,716,611,493,548,404,319,358,384,271,213,160
773,627,658,531,628,616,528,411,500,332,301,308,325,246,190,126
737,602,641,497,608,603,492,390,460,314,291,309,318,235,186,119
839,698,688,584,641,637,486,412,568,350,320,307,351,263,189,119
930,741,808,685,779,734,573,516,635,416,346,369,420,305,223,154
848,676,715,590,740,668,569,513,565,362,304,379,381,256,211,140
834,710,695,636,690,642,478,447,579,348,333,331,349,264,190,119
902,783,757,757,801,748,549,533,651,443,371,380,421,314,222,157
819,698,708,630,795,720,602,551,557,399,320,410,394,268,220,164
710,602,629,525,643,607,493,434,417,302,281,318,292,219,174,117
800,713,689,675,632,651,459,410,565,365,341,277,322,260,170,105
847,695,775,700,779,786,585,574,586,452,345,379,411,287,220,161
711,564,648,492,620,634,523,447,390,306,279,320,281,213,165,113
666,568,589,483,527,513,411,334,378,262,284,234,230,193,126,86
824,665,701,612,632,668,465,408,530,363,338,269,305,242,156,103
923,710,759,670,815,803,641,562,600,424,334,369,389,249,204,147
811,663,670,574,686,690,562,462,510,336,309,319,310,217,170,112
867,758,724,697,704,747,527,456,623,360,349,298,329,244,178,111
894,762,804,751,821,813,634,563,653,415,355,374,366,264,209,143
843,691,751,673,797,738,619,541,597,375,318,372,342,233,196,135
721,611,635,536,671,615,499,431,449,294,267,305,271,182,153,102
831,713,709,678,678,643,438,398,596,331,332,265,287,231,151,98
920,712,831,744,885,816,614,597,625,420,337,375,361,279,204,145
750,616,657,585,730,634,541,485,458,306,276,320,271,211,150,107
754,653,630,611,642,563,445,402,492,288,299,255,248,208,129,86
869,743,723,767,783,706,525,541,594,342,356,310,306,259,164,107
822,665,715,696,813,709,611,599,541,333,307,347,306,237,174,124
731,617,608,577,639,548,481,424,414,271,275,268,242,197,128,90
729,648,600,606,605,531,453,394,415,263,291,248,237,200,127,85
909,746,699,811,762,671,535,503,579,342,351,282,312,250,160,102
854,703,673,775,776,666,640,547,516,320,318,323,296,227,164,117
762,638,612,648,640,550,564,435,395,268,283,272,242,198,136,97
791,684,631,707,634,583,547,405,459,286,309,250,241,206,131,90
871,714,712,754,755,679,624,500,550,329,333,287,305,232,164,107
856,690,709,724,743,672,669,493,520,323,310,300,295,222,166,115
773,628,646,629,655,603,618,433,411,285,274,272,260,196,148,100
825,693,687,737,632,612,534,382,519,303,306,245,276,215,148,90
890,696,763,773,811,702,641,515,547,346,311,319,334,227,186,123
833,661,711,705,721,654,595,455,480,317,289,298,311,211,173,110
797,633,677,633,658,613,538,413,432,293,275,275,291,200,165,107
819,641,687,645,645,609,521,392,446,304,279,265,297,206,167,98
816,645,674,639,650,615,529,397,437,298,276,268,293,204,164,98
789,622,659,590,638,591,521,399,402,288,262,269,278,194,158,97
765,611,637,562,600,567,482,360,389,272,257,246,263,184,149,90
780,635,634,579,596,553,478,358,389,272,263,244,255,187,146,91
792,635,644,575,605,568,502,371,381,275,258,255,259,193,149,95
778,638,622,564,566,541,461,338,376,268,264,236,246,193,137,91
811,675,653,610,573,570,466,346,407,283,277,243,251,200,144,90
822,684,671,640,597,599,491,369,414,308,274,267,270,203,155,101
794,638,656,590,588,587,489,361,382,299,254,257,267,196,152,94
794,653,650,594,548,545,444,324,386,282,260,228,241,190,134,88
869,705,737,674,613,643,481,369,490,351,289,256,307,211,165,97
839,656,733,607,651,675,532,404,456,359,269,299,331,209,178,109
840,671,706,598,609,652,458,362,492,353,280,269,317,205,175,97
912,755,775,709,687,741,499,418,581,430,312,311,397,242,205,112
882,726,752,652,704,734,540,448,550,410,297,348,390,229,219,122
836,711,697,605,653,668,479,400,522,380,303,309,354,218,194,107
912,844,767,689,702,729,482,432,614,432,328,328,400,243,213,117
875,751,754,621,755,737,534,492,552,427,300,364,408,229,233,136
767,653,657,512,624,620,448,390,449,336,272,307,317,203,186,103
811,721,677,560,615,625,411,369,519,358,297,276,334,214,186,96
851,730,720,581,686,691,474,435,533,395,300,329,387,227,209,120
773,648,674,494,632,626,454,392,435,339,272,305,325,203,189,106
735,640,633,484,583,567,395,345,422,301,264,265,287,197,168,92
853,721,691,568,640,648,419,376,533,372,299,284,347,228,189,102
864,694,708,550,694,666,469,431,531,383,289,339,375,227,211,116
766,625,636,486,610,591,422,375,433,307,262,296,302,205,180,97
749,635,623,487,576,555,381,340,419,288,262,255,281,197,165,89
819,667,655,531,617,595,398,369,496,327,280,276,318,221,178,94
775,627,634,493,624,583,415,384,418,298,266,299,307,206,183,101
778,642,621,495,583,551,390,351,430,288,272,266,287,207,173,93
838,668,649,543,614,600,415,377,497,314,293,287,315,221,188,100
854,678,660,559,652,618,444,408,513,320,297,320,325,226,202,109
828,666,641,536,648,607,445,412,467,313,277,323,320,219,195,108
799,655,625,530,597,570,415,361,458,290,280,285,294,216,181,98
856,703,656,599,649,627,421,407,549,329,312,309,336,243,199,105
850,666,657,568,703,660,486,468,522,337,298,359,358,243,218,126
828,678,641,574,653,636,444,426,524,329,305,334,339,244,201,115
876,723,686,666,698,683,477,477,569,362,336,351,366,279,214,129
838,672,667,598,713,679,524,504,532,351,307,370,377,267,226,140
815,682,643,601,653,641,473,436,520,323,314,331,342,260,204,115
890,739,706,722,736,731,520,517,585,383,362,365,411,319,237,139
880,692,704,703,778,750,575,538,565,386,328,387,419,313,249,161
829,662,652,620,683,672,499,459,530,343,322,355,362,276,218,126
874,712,689,694,702,701,498,482,575,368,353,358,397,300,223,128
863,693,698,675,733,710,511,488,564,362,344,367,393,301,225,142
804,648,657,596,694,666,508,464,509,331,318,363,361,261,209,132
816,679,655,638,667,648,463,426,543,330,333,324,351,274,197,116
845,684,680,668,716,688,511,470,557,347,340,364,367,289,213,133
817,669,664,651,703,666,516,472,540,337,328,365,366,282,210,132
814,679,663,672,691,656,504,457,552,332,343,351,360,288,207,124
856,698,705,710,758,702,556,511,581,356,368,374,383,319,223,144
834,688,700,693,779,694,573,520,585,348,352,384,384,316,224,151
791,668,655,638,712,634,538,467,556,314,346,360,341,282,198,129
864,708,724,712,794,705,558,520,605,352,377,379,387,346,223,153
844,678,718,687,805,712,593,532,582,350,358,399,393,331,231,169
774,652,662,625,729,645,531,478,546,316,335,367,358,283,204,134
825,689,700,687,767,685,534,502,585,343,358,368,383,320,219,146
815,676,695,675,774,684,564,517,573,338,348,383,380,310,219,154
814,678,690,677,756,674,544,498,573,333,348,374,376,312,216,142
815,678,687,674,757,673,543,499,572,333,348,375,370,311,214,142
801,668,678,661,750,667,543,498,563,328,344,373,369,302,213,141
811,675,679,667,749,668,536,494,569,329,354,369,366,307,210,139
832,675,691,667,766,681,551,510,577,335,350,378,376,315,219,149
809,665,673,644,736,654,539,490,565,320,343,372,357,298,205,138
815,669,674,650,722,646,529,476,569,321,350,366,355,299,203,135
837,680,704,682,764,684,560,511,585,335,357,383,370,328,216,147
801,669,671,646,727,638,550,479,560,315,344,384,357,297,201,134
825,684,697,673,753,660,554,491,579,329,354,380,367,314,207,139
829,676,707,667,779,678,579,516,574,334,349,392,376,321,215,149
798,665,676,638,740,646,550,487,556,319,344,381,362,295,205,137
813,677,689,657,750,657,547,487,568,323,348,380,367,305,208,138
818,677,693,657,762,665,560,503,570,329,348,389,369,308,213,145
805,668,686,649,753,657,556,498,561,323,343,385,366,302,210,143
799,666,681,643,747,652,551,490,561,319,341,382,365,297,209,141
806,669,687,648,753,661,550,494,561,325,343,383,366,301,209,141
803,667,681,645,750,655,552,488,561,322,342,382,362,297,207,139
801,665,681,644,748,656,549,489,560,326,342,382,365,301,208,139
800,669,680,645,747,655,548,487,561,323,341,380,363,301,205,140
803,666,684,646,750,660,556,491,562,325,340,383,366,302,207,140
800,664,679,641,743,653,550,484,560,322,343,381,362,298,206,137
800,662,682,643,744,656,548,487,560,321,340,379,362,299,205,137
802,667,682,646,748,656,546,485,565,325,342,380,361,301,207,138
803,665,685,644,748,659,551,492,564,321,343,382,364,300,211,138
801,664,683,643,748,656,550,490,562,322,341,379,365,300,207,138
800,663,681,643,745,657,548,488,561,322,341,380,361,299,208,139
800,663,678,640,746,655,548,485,559,321,338,379,362,296,208,138
799,662,681,641,746,657,548,488,560,321,337,379,361,300,208,137
798,660,680,642,744,656,546,486,559,321,337,379,362,296,208,139
798,663,681,640,746,656,544,484,559,321,340,378,362,297,208,138
799,662,677,640,747,656,544,487,560,319,337,380,362,297,206,139
797,662,679,639,744,652,540,485,557,318,339,379,361,297,206,135
797,663,680,640,744,653,541,488,556,323,340,380,360,299,208,136
796,662,676,638,744,652,543,485,557,320,336,381,362,296,207,136
798,663,680,640,743,654,542,487,555,323,338,378,362,298,208,134
800,663,681,641,746,656,543,484,558,322,339,379,361,297,205,137
798,663,680,640,745,655,541,486,558,323,339,382,361,300,207,136
799,662,680,641,746,657,542,486,560,321,337,379,364,302,207,138
799,665,680,643,744,653,540,484,558,322,338,381,361,298,208,137
796,662,679,639,743,654,540,489,558,319,339,379,360,301,206,137
797,662,681,640,746,656,542,487,560,321,339,381,361,298,209,138
795,663,680,641,743,656,543,485,557,320,339,378,362,298,208,137
797,658,677,636,746,653,540,487,556,319,336,380,360,300,209,139
853,762,710,746,745,666,536,484,621,340,401,378,370,349,208,137
944,804,837,830,916,820,706,655,694,448,429,473,491,479,302,247
910,787,782,793,856,749,682,599,658,391,416,458,428,413,260,214
932,792,818,812,897,795,704,645,677,418,424,468,465,455,287,239
940,801,825,820,893,796,699,633,685,419,425,467,461,454,283,235
942,807,825,828,896,798,703,642,688,420,434,469,466,463,287,239
941,804,817,823,897,795,712,654,684,417,431,478,465,456,287,242
941,804,819,826,896,797,711,655,689,414,433,477,464,462,289,244
940,803,814,828,890,792,711,651,689,411,432,472,460,461,286,244
942,806,814,830,892,796,712,653,691,412,436,475,464,468,289,238
942,802,813,832,890,795,716,655,690,408,435,476,458,467,287,243
942,810,816,839,891,798,717,653,695,406,438,475,458,473,285,239
944,811,815,847,895,796,733,665,698,405,442,477,459,478,288,248
945,811,814,848,894,797,737,665,696,398,441,477,458,482,288,244
946,811,811,847,896,793,738,668,695,397,441,477,457,484,289,248
947,812,812,849,895,792,741,667,699,399,443,476,459,486,292,249
945,814,811,852,895,792,742,671,696,393,444,479,456,487,289,250
947,815,813,855,895,790,746,671,699,396,447,478,456,490,291,246
946,816,810,855,896,790,749,675,695,389,444,480,455,490,288,249
946,814,810,855,896,786,753,676,696,391,447,479,455,491,290,251
948,818,809,861,895,786,753,676,700,387,448,478,456,494,290,249
943,815,804,860,894,781,758,677,695,382,448,479,450,491,285,253
947,818,808,863,899,785,760,681,695,384,452,482,454,497,292,253
945,819,805,865,895,781,761,681,696,383,452,481,450,497,290,251
943,818,805,865,898,782,765,681,693,380,451,481,450,496,291,253
950,821,807,870,898,779,768,682,698,381,453,482,451,503,290,255
946,820,804,872,898,777,772,687,694,375,454,481,446,504,290,254
945,819,801,873,895,774,776,687,694,373,456,481,446,502,289,254
943,820,799,875,896,770,777,687,692,367,455,483,442,505,288,254
943,822,798,876,894,767,787,689,690,366,457,484,440,508,288,254
936,820,788,874,891,756,787,689,686,358,454,479,432,502,283,252
940,820,790,880,894,759,793,695,687,354,456,481,434,507,285,255
940,820,789,882,892,754,794,695,686,353,458,482,429,511,285,255
938,823,786,886,890,751,796,694,685,350,458,481,427,512,282,254
938,823,780,887,887,745,802,691,682,344,462,484,423,511,282,253
940,825,785,894,893,744,811,698,683,342,465,483,425,517,286,257
935,823,775,889,886,737,812,698,680,338,463,479,419,510,282,253
937,825,778,893,889,738,814,698,678,337,463,479,421,517,282,255
938,825,775,894,886,735,816,697,679,337,466,475,418,517,280,255
937,827,776,895,891,735,828,700,678,338,465,479,421,520,283,256
936,833,773,900,888,731,825,699,679,335,466,476,419,519,280,256
935,825,775,899,891,731,836,703,674,335,465,477,419,518,287,260
937,829,775,906,886,724,832,694,677,336,469,472,414,520,282,255
935,823,770,904,886,721,836,703,670,331,469,476,415,515,286,257
940,829,780,908,890,724,836,701,672,334,470,472,418,521,287,260
940,825,776,911,889,719,845,704,673,330,471,478,416,519,284,260
940,828,775,918,888,719,846,699,679,332,476,475,416,528,284,258
949,827,781,921,898,721,856,710,684,335,478,480,423,533,290,264
940,829,761,918,884,706,851,697,676,325,479,471,413,516,283,257
943,838,773,925,896,714,863,708,680,330,481,476,423,528,292,262
942,836,771,926,899,717,866,712,679,330,480,477,423,527,291,262
940,838,772,927,897,708,868,709,680,327,485,474,416,521,285,260
948,845,781,930,904,715,873,720,682,332,489,478,423,531,294,264
949,846,786,922,905,725,879,729,683,336,488,483,427,531,298,267
956,853,803,936,911,736,883,733,696,340,501,489,432,549,301,271
952,850,800,936,907,731,892,736,694,334,497,494,428,542,300,270
962,857,805,950,912,734,889,742,704,339,506,494,428,546,300,267
981,853,820,966,926,756,901,763,708,354,507,505,443,562,311,282
990,865,817,981,917,747,886,747,711,356,510,494,437,563,310,275
1001,875,836,1006,941,768,898,770,726,370,514,501,456,579,326,286
999,878,831,1000,948,764,898,776,729,367,514,507,453,577,330,290
994,882,838,999,950,772,894,767,727,368,520,504,455,574,326,292
1002,881,850,1000,970,792,912,787,720,373,514,518,468,577,344,299
996,891,831,1011,945,765,906,769,721,362,528,512,452,579,325,288
1010,882,848,1025,977,799,931,805,727,377,522,532,475,600,349,305
1047,894,860,1040,970,811,908,778,752,392,530,516,482,621,353,297
1047,900,852,1034,976,815,913,777,749,399,533,518,485,609,358,306
1080,893,889,1039,1005,861,916,806,756,437,528,531,517,620,380,318
1101,887,882,1031,998,862,899,802,754,445,525,518,527,602,378,310
1117,893,908,1047,1010,902,882,818,767,472,536,525,551,617,399,321
1143,890,899,1041,1010,893,888,815,769,475,528,528,554,590,388,318
1139,888,905,1040,996,896,860,806,770,486,523,517,555,595,388,312
1152,886,915,1050,1002,928,851,823,771,508,521,530,569,600,395,317
1153,895,913,1025,1004,940,847,822,779,521,511,525,587,593,402,314
1145,896,918,1040,998,953,841,822,793,539,510,521,604,602,400,309
1165,919,925,1030,989,952,836,818,803,582,514,524,603,595,403,304
1163,925,932,1021,992,954,842,826,808,592,508,529,615,589,414,315
1166,929,953,1006,1006,979,841,849,807,609,503,529,631,581,423,322
1173,914,945,961,991,967,831,832,806,615,497,536,623,581,412,319
1195,958,970,991,1014,986,820,841,817,655,500,551,636,581,417,325
1153,925,946,962,1019,962,825,844,792,598,481,560,611,534,401,320
1167,937,970,975,1033,982,808,833,807,640,486,544,624,564,407,319
1142,953,1041,941,1044,987,774,780,870,701,472,550,665,487,423,304
1136,992,1053,921,1030,986,784,784,885,757,470,539,656,477,415,300
1110,1009,1002,895,987,953,782,746,865,691,459,527,634,443,388,281
1124,1006,1034,918,996,1007,798,764,860,761,459,518,668,458,393,278
1119,963,1015,923,994,1020,809,741,846,732,461,520,669,450,381,277
1133,927,1012,964,992,1037,806,727,847,776,460,519,675,453,370,276
1108,889,1020,958,976,1029,811,718,793,739,441,514,673,435,361,282
1135,910,1060,1011,972,1041,799,704,829,806,467,484,671,483,356,275
1053,887,1005,965,961,993,831,739,755,735,434,507,620,428,343,286
1093,932,1111,1035,955,1026,814,727,808,836,461,481,641,487,348,288
1073,930,1103,1022,928,979,830,704,801,767,466,483,609,455,325,280
1153,933,1161,1034,974,1023,847,758,814,857,476,502,646,487,342,307
1160,917,1134,1014,961,988,834,755,803,827,467,508,631,463,335,303
1189,939,1139,1028,986,994,837,779,791,867,475,501,654,482,346,309
1183,943,1061,1031,995,986,832,761,781,830,479,499,632,475,346,317
1190,963,1020,1027,1006,976,821,765,780,809,486,488,622,478,340,310
1245,1006,1048,1036,1035,996,839,794,791,850,491,500,638,517,357,325
1231,968,1030,999,1041,963,849,808,779,795,476,506,613,487,353,322
1241,956,1070,1002,1084,1006,857,829,815,841,478,503,625,508,368,328
1228,954,1070,975,1087,979,842,787,845,822,481,499,609,490,348,304
1202,886,1092,975,1095,987,850,799,817,817,475,526,626,479,361,313
1184,918,1111,1045,1070,994,812,760,869,777,495,500,591,474,344,286
1188,896,1153,999,1107,1083,859,835,872,768,485,533,619,469,363,310
1165,896,1109,950,1057,1079,849,806,858,750,471,508,594,440,352,291
1162,915,1141,953,1060,1138,835,848,873,841,479,494,636,480,362,295
1173,899,1095,971,1064,1141,846,850,891,844,478,510,634,479,367,308
1164,889,1031,987,1102,1138,860,854,860,846,466,519,643,464,364,316
1250,912,1074,1043,1168,1197,858,888,900,884,489,536,683,527,387,333
1229,946,1069,1047,1154,1182,858,890,922,884,490,532,663,511,367,329
1167,974,1076,1035,1112,1169,852,893,940,872,492,550,656,507,356,331
1181,966,1105,1012,1103,1167,885,929,968,896,500,564,678,522,375,352
1159,946,1082,985,1099,1147,878,927,968,922,486,555,675,501,379,340
1139,938,1044,959,1080,1144,830,890,945,900,485,541,666,499,369,318
1198,948,1094,1010,1148,1215,819,941,1010,953,508,565,715,565,400,328
1219,933,1115,1010,1184,1224,842,942,1058,949,509,585,743,563,388,323
1257,942,1112,996,1193,1197,840,910,1032,937,506,593,727,537,379,320
1281,954,1150,995,1255,1195,868,991,1043,1013,497,623,747,560,416,342
1175,956,1121,1009,1156,1130,814,920,1055,1039,493,591,703,522,388,312
1165,966,1119,1011,1106,1162,817,869,1096,1034,507,605,716,533,403,319
1164,936,1081,980,1106,1229,831,901,1037,995,481,619,726,508,407,328
1178,913,1089,949,1085,1250,789,854,1060,1053,482,581,739,511,402,307
1186,876,1085,904,1110,1247,796,863,992,1049,477,580,740,477,393,306
1239,907,1162,981,1149,1238,812,855,1059,1136,503,576,786,563,413,317
1215,868,1101,917,1103,1156,826,847,946,1054,488,587,755,507,378,309
1190,877,1129,935,1098,1171,781,822,999,1089,504,577,760,543,377,312
1161,863,1127,947,1113,1163,785,853,988,1065,503,589,758,555,386,325
1110,873,1080,929,1075,1162,784,850,969,1037,491,579,719,554,383,321
1118,922,1086,958,1090,1203,792,883,997,1064,500,597,747,583,400,338
1095,927,1099,953,1077,1226,801,888,972,1050,498,612,758,586,409,349
1098,912,1094,956,1069,1209,796,870,959,1048,484,620,765,599,415,362
1101,894,1047,949,1060,1156,736,810,970,1005,474,582,722,563,393,344
1113,922,1050,957,1086,1156,750,802,1014,1017,482,587,754,562,419,354
1121,918,1057,910,1092,1131,776,820,969,968,461,603,751,531,433,366
1139,939,1085,937,1064,1141,758,792,998,984,466,576,761,551,430,338
1134,896,1076,888,1058,1121,774,834,932,954,449,581,751,501,425,334
1209,952,1123,936,1121,1175,794,856,973,1031,462,566,817,567,450,341
1151,921,1110,911,1092,1161,803,794,919,1015,458,574,776,538,421,346
1204,953,1163,945,1071,1166,810,782,993,1047,492,563,750,564,416,356
1143,878,1091,925,1082,1181,860,822,926,953,472,567,737,513,428,386
1132,896,1121,952,1038,1181,788,784,926,950,497,521,708,555,412,365
1149,934,1177,1005,1051,1193,796,833,960,950,525,525,725,614,433,365
1100,894,1095,918,1046,1168,826,908,900,881,492,558,706,573,422,372
1146,915,1059,927,1033,1141,788,864,914,880,491,543,681,597,398,362
1183,916,1092,920,1127,1211,831,917,927,947,491,618,703,642,425,413
1142,900,1066,909,1097,1134,786,829,964,889,508,609,672,627,422,401
1133,891,1073,897,1127,1141,796,857,985,912,498,655,696,609,478,433
1122,915,1106,921,1089,1138,762,835,1037,927,503,616,722,630,500,411
1145,906,1107,922,1081,1186,766,837,1067,938,489,609,751,636,495,406
1154,934,1042,905,1022,1180,769,780,1012,900,486,603,768,629,470,378
1169,935,1071,912,1068,1257,805,836,990,995,474,624,831,642,504,409
1143,919,1117,876,1076,1162,781,810,950,954,485,600,778,600,507,412
1118,881,1102,863,1044,1137,735,792,951,919,467,577,757,584,474,392
1157,893,1158,861,1051,1168,735,808,984,967,470,579,758,622,468,403
1160,887,1153,856,1054,1187,755,845,960,939,474,587,750,625,490,407
1117,879,1112,854,1042,1139,744,804,1021,890,479,581,732,585,467,392
1125,844,1118,840,1097,1185,749,820,1009,977,457,599,796,589,507,407
1049,797,1069,831,1017,1108,717,783,962,901,442,557,741,522,464,378
1102,887,1106,891,994,1157,691,751,1030,950,477,532,784,579,462,367
1085,887,1098,896,1022,1136,739,775,1005,934,474,564,801,568,476,379
1036,876,1041,875,996,1128,727,775,968,963,466,558,762,562,451,363
1054,871,1027,873,990,1123,734,755,945,976,457,544,754,575,439,367
1135,916,1038,927,999,1098,739,750,967,1025,480,529,752,623,443,379
1101,839,984,883,1011,1055,796,760,885,875,454,556,726,544,440,404
1215,905,1072,986,1057,1075,767,756,952,953,493,544,746,597,448,392
1095,824,1031,927,1066,1037,822,824,875,837,452,579,680,500,453,389
1084,860,1042,905,1019,1045,750,774,894,838,470,536,670,549,432,352
1098,855,1012,872,1044,1065,787,822,900,867,468,556,734,592,440,363
1113,826,1023,850,1065,1105,801,813,890,853,464,571,749,557,438,391
1095,845,1014,884,1041,1101,776,775,930,846,489,540,706,562,412,383
1121,853,1032,911,1074,1160,824,825,977,846,490,560,734,581,433,412
1074,829,995,880,1006,1136,808,803,928,821,477,538,721,557,444,394
1051,825,966,865,979,1153,814,825,909,846,473,540,733,566,443,385
1057,867,969,897,1005,1173,864,817,929,891,485,548,719,544,427,380
1073,873,985,940,1017,1164,907,869,926,952,485,585,731,555,448,404
1027,884,990,959,1001,1061,910,832,917,918,491,563,698,556,426,374
1034,892,1029,947,1029,1071,902,910,945,949,499,577,742,604,454,370
1010,930,963,967,983,1010,904,914,933,815,502,559,693,580,414,347
1080,912,1012,987,1101,1062,948,1043,928,882,511,612,754,631,453,395
1124,936,1039,978,1120,1094,891,1033,999,932,528,603,746,638,470,395
1116,887,1026,966,1114,1068,886,986,1014,873,507,621,717,638,465,402
1122,876,1041,946,1062,1076,888,962,1021,849,490,605,713,654,445,392
1104,876,1059,965,1077,1169,864,905,1008,903,477,600,749,642,483,401
1146,885,1064,998,1061,1180,846,919,1136,992,482,604,769,667,474,415
1073,876,1009,952,1052,1152,837,898,1048,996,478,604,761,587,472,422
1124,927,1053,990,1051,1191,839,914,1054,1051,487,582,765,592,502,423
1133,924,1105,970,1122,1213,862,955,1046,1106,479,598,809,610,550,446
1073,880,1018,910,1066,1136,822,845,1018,1067,461,546,771,561,480,388
1083,866,1037,934,1060,1144,796,837,1013,1057,473,525,740,547,440,361
1105,869,1094,949,1101,1226,817,855,1045,1058,486,549,743,566,440,376
1030,839,1043,900,1073,1185,826,876,934,982,469,559,692,516,422,368
1067,865,1075,948,1036,1206,807,815,1001,1043,492,541,710,578,428,354
1070,886,1045,950,1048,1216,818,880,971,1040,464,561,709,576,440,382
1052,880,983,882,1023,1176,786,846,944,921,454,559,665,546,405,375
1088,889,1030,880,1056,1189,817,898,972,989,467,583,709,587,438,429
1084,840,1006,853,1031,1108,811,845,937,936,466,568,679,518,421,408
1061,828,998,855,1004,1030,799,801,913,815,469,533,656,482,403,365
1146,857,1113,936,1020,1136,831,824,998,948,485,522,747,580,433,372
1071,871,973,905,956,1091,808,769,894,862,458,505,691,522,385,361
1088,913,965,939,955,1085,795,767,910,926,473,508,663,547,380,360
1131,891,978,943,985,1089,829,832,898,945,459,553,669,543,401,392
1166,931,994,978,1014,1039,808,819,920,915,472,543,656,554,401,396
1149,896,1001,943,1027,1004,817,860,876,861,467,552,648,516,418,403
1262,964,1060,954,1046,1053,809,861,963,909,490,547,716,549,433,391
1187,923,1025,913,1072,1051,807,866,916,849,468,543,691,526,417,377
1089,913,1023,951,1046,1022,767,782,928,817,465,509,668,539,384,354
1141,901,1050,950,1061,1090,788,820,955,896,456,537,702,579,396,377
1125,895,1062,930,1009,1107,783,768,932,863,438,531,682,572,387,366
1175,905,1101,979,1039,1188,811,809,973,935,443,547,687,611,418,383
1122,902,1038,957,1051,1155,837,788,925,916,433,541,673,523,421,372
1102,882,991,956,1028,1061,843,775,880,840,429,512,659,471,404,347
1038,861,955,894,988,1034,824,749,857,784,427,485,623,445,389,325
1065,853,1016,915,1026,1112,840,813,874,850,427,480,649,488,391,318
1051,914,981,914,966,1050,778,750,893,807,462,459,573,504,343,281
1059,903,997,894,1053,1106,868,871,891,819,456,509,595,510,368,327
1045,885,984,881,990,1059,841,805,884,742,455,489,551,494,353,309
1148,922,1069,955,1022,1129,861,864,989,805,485,490,580,592,387,331
1149,885,1060,922,1002,1101,894,859,937,759,478,500,575,578,390,340
1084,901,1000,909,922,1016,832,771,946,709,480,479,540,545,361,325
1079,906,1060,930,997,1064,871,883,949,820,479,520,596,595,397,363
1092,933,1114,939,1014,1079,873,900,993,877,486,531,611,618,396,362
1142,909,1080,927,1049,1030,844,916,946,841,453,566,655,545,416,390
1143,896,1097,939,1005,975,780,791,931,809,453,534,613,515,398,362
1120,896,1164,941,1012,1051,827,816,932,852,448,557,660,520,427,377
1152,942,1172,967,1034,1120,831,824,1012,905,469,536,712,580,419,372
1160,905,1088,950,1010,1088,835,833,953,820,457,522,691,556,398,365
1079,903,1020,935,987,1004,848,781,908,768,450,494,640,522,374,357
1158,932,1118,999,1083,1108,893,821,985,927,461,513,703,575,414,399
1131,883,1113,948,1063,1070,924,818,930,861,452,518,662,508,410,397
1037,899,986,912,983,981,843,770,915,780,462,489,575,455,370,349
1078,906,1068,917,1053,1105,881,861,919,861,465,504,622,498,409,372
1106,903,1041,882,1018,1086,854,775,923,792,477,485,597,503,378,332
1060,882,1042,866,1034,1075,896,852,891,773,461,506,601,501,381,362
1025,894,1058,900,1005,1056,880,831,929,772,483,500,598,524,366,351
1050,907,1090,883,1021,1089,890,854,955,765,489,542,599,543,376,357
1061,875,1049,869,1003,1061,906,882,919,729,478,537,597,546,382,368
1042,892,1085,915,998,1039,925,878,941,785,488,534,618,564,388,362
992,851,1068,923,995,1001,967,830,890,774,477,546,610,532,383,369
974,827,1002,910,960,925,924,810,873,703,461,528,606,527,374,354
1028,894,1064,1011,990,1004,919,891,983,833,497,517,652,622,397,361
1017,899,1023,1015,1011,981,996,970,929,806,492,540,642,604,401,364
1043,890,974,983,1002,917,934,941,875,719,474,526,614,564,382,361
1113,913,1017,1061,1020,951,896,901,981,820,504,512,636,614,392,372
1078,889,1036,1062,1093,999,964,1004,996,835,502,549,663,642,426,413
1054,923,1025,1044,1070,983,921,964,974,804,499,532,619,628,407,390
1111,924,1065,1072,1134,1101,898,990,1022,854,509,548,677,673,462,415
1137,938,1036,1026,1081,1062,846,925,1014,821,498,536,638,658,438,386
1178,972,1094,1051,1111,1124,850,964,1142,947,505,562,671,723,480,394
1158,924,1096,1034,1144,1163,921,998,1052,958,475,602,675,650,498,411
1134,966,1090,982,1091,1145,872,859,1020,895,476,554,670,608,459,384
1135,902,1127,962,1111,1222,930,877,1050,1007,489,584,725,632,501,412
1059,845,1089,948,1081,1238,951,867,997,1010,485,566,725,612,502,404
1004,849,1096,940,1068,1186,900,876,960,926,491,521,709,620,490,396
1042,903,1146,956,1086,1251,898,973,966,1016,516,543,752,696,502,420
1021,885,1065,919,1102,1226,900,1032,937,982,508,561,743,705,502,435
977,838,985,916,1051,1120,886,985,931,931,486,554,661,658,452,418
988,834,976,926,1047,1100,904,889,968,891,487,544,634,676,445,403
974,828,976,947,1037,1072,936,850,966,775,469,554,617,613,457,415
957,865,945,964,978,1014,888,798,1045,742,466,529,624,600,447,401
987,893,961,978,970,1051,876,842,1047,800,478,550,660,616,484,427
992,890,952,969,978,1046,880,866,1007,853,472,546,677,607,489,416
1040,933,935,971,981,1016,893,849,953,868,476,517,669,613,453,379
1065,901,976,948,1008,1026,926,913,919,921,476,545,690,593,464,383
1057,880,1012,937,1046,1006,896,862,923,1011,474,541,690,567,440,379
1000,940,1000,945,1032,950,873,812,982,854,492,507,634,542,410,357
1001,953,1045,946,1045,1021,905,898,1065,812,494,533,650,593,452,374
1003,887,1011,882,1036,1075,918,933,937,749,465,543,635,564,433,383
1016,856,1000,895,987,1060,869,830,921,751,473,508,625,570,388,350
1025,886,1023,952,997,1076,902,825,990,840,499,530,643,581,390,353
1032,863,1065,943,1047,1085,949,911,981,876,489,565,654,567,413,383
1013,826,1004,907,999,1030,931,853,941,805,471,540,628,532,412,368
1076,870,1040,955,989,1054,902,850,989,837,503,520,663,600,427,357
1085,885,999,954,1001,1023,916,872,974,778,500,539,635,612,416,356
1080,893,982,944,999,994,911,884,967,754,497,541,634,606,406,365
1095,898,988,932,1014,1008,906,902,959,799,506,547,650,624,400,374
1107,947,996,945,1022,1011,946,903,1001,842,527,539,661,707,417,394
1044,919,941,905,998,950,920,856,940,764,506,547,608,607,403,391
1047,898,955,913,993,951,911,839,931,765,496,533,608,627,408,393
1060,895,1023,957,996,989,909,854,980,811,501,532,637,659,429,398
1057,906,1069,969,1010,1033,907,886,988,842,499,551,658,678,459,413
1042,904,1055,934,974,1000,905,848,947,785,479,549,635,636,447,398
1060,941,1076,958,976,980,877,833,969,823,487,543,638,641,440,391
1088,939,1068,963,1000,1011,887,903,959,831,484,570,666,627,480,408
1103,936,1063,961,1025,1006,879,905,951,840,488,581,677,604,504,415
1113,943,1050,944,1025,983,870,895,942,842,474,573,667,574,473,410
1185,962,1070,933,1005,991,854,885,980,814,477,551,683,578,472,405
1247,1025,1108,986,1043,1036,865,925,1066,887,491,552,720,607,477,415
1231,970,1101,968,1030,1060,892,919,1024,840,473,570,727,585,478,425
1143,972,1074,938,998,1023,833,806,962,810,448,542,671,547,426,390
1144,945,1089,922,1000,1067,810,784,970,832,459,529,677,544,434,385
1145,918,1127,943,1019,1095,820,832,962,894,458,524,699,533,437,402
1073,897,1071,929,999,1052,790,778,884,844,471,501,624,528,386,345
1080,917,1058,914,1000,1035,810,771,879,822,464,510,611,545,383,338
1106,920,1060,936,1014,1062,835,777,887,830,461,514,614,566,378,341
1109,908,1038,916,1005,1026,861,756,853,752,454,518,577,528,373,340
1074,907,1015,909,1013,1007,856,768,843,697,454,524,570,516,375,348
1062,909,1000,889,989,982,842,736,822,667,456,506,558,517,372,352
1019,911,990,880,961,953,846,730,785,629,445,489,558,512,370,352
1042,954,1007,903,977,983,846,743,810,684,459,476,580,553,372,365
1070,953,1032,939,987,1022,881,769,829,739,468,483,612,588,378,386
1042,931,993,917,965,990,892,777,799,676,459,485,596,542,380,385
1043,944,1007,925,971,999,897,792,811,689,469,489,614,559,384,388
1039,927,1028,910,965,1006,905,800,798,687,471,493,618,561,391,402
1054,938,1048,921,956,968,882,764,804,670,481,484,593,549,376,380
1081,927,1055,920,970,975,887,790,834,674,495,488,593,567,377,381
1081,918,1068,923,979,962,883,811,840,670,499,487,575,571,384,377
1086,894,1057,893,985,946,895,840,815,625,493,497,560,566,381,370
1097,894,1077,913,991,944,878,830,828,644,497,502,569,595,396,363
1064,882,1011,912,974,886,841,816,820,607,488,497,551,559,382,350
1079,932,1034,931,980,926,856,853,841,631,497,517,566,593,405,367
1116,953,1066,944,1008,960,901,884,873,666,505,557,585,615,434,396
1115,933,1042,936,1011,945,922,900,885,644,501,559,573,617,428,397
1122,923,1038,924,1013,939,922,892,899,647,496,566,575,627,422,404
1145,922,1047,935,1016,962,915,888,924,693,493,569,585,652,427,402
1124,893,1009,918,1004,948,907,848,915,652,481,566,577,617,421,405
1121,894,1009,932,990,958,899,848,940,664,490,552,594,604,423,405
1135,915,1030,939,992,969,911,836,969,704,503,548,619,616,435,419
1123,912,1035,938,989,954,929,834,935,672,497,562,631,580,428,427
1132,913,1040,936,994,986,927,850,923,713,491,549,656,573,431,432
1164,939,1075,960,1001,993,921,843,960,782,495,540,686,582,435,431
1143,938,1058,943,987,971,908,851,967,779,501,537,669,568,435,429
1080,931,1015,922,979,958,907,857,919,743,491,531,665,536,434,420
1095,956,1035,919,1000,973,919,874,937,845,508,524,703,549,443,423
1064,975,1029,908,986,983,927,877,909,829,512,522,691,538,429,417
1047,954,1032,898,1006,972,956,876,891,796,502,532,663,541,431,408
1074,965,1076,909,1018,973,953,874,905,805,507,529,652,564,423,403
1080,958,1105,923,1031,975,947,878,914,822,507,545,651,570,423,411
1059,961,1068,927,1014,945,904,859,916,781,515,535,615,569,404,402
1055,952,1066,928,1024,958,928,897,915,763,511,555,611,556,414,411
1074,940,1092,929,1022,966,935,899,942,792,519,552,620,592,415,410
1058,916,1065,908,999,948,910,886,940,765,517,553,601,568,405,405
1057,949,1079,917,995,943,906,888,971,745,534,559,597,577,401,402
1069,944,1087,915,1016,956,940,945,976,734,533,587,603,575,403,423
1086,928,1090,912,997,947,936,922,969,703,522,575,608,582,398,412
1100,932,1074,913,997,957,927,917,955,724,519,569,615,585,397,407
1132,953,1120,940,1017,995,940,920,1010,803,526,564,647,624,410,421
1121,945,1103,932,991,1002,950,902,995,771,523,570,636,638,404,415
1110,933,1091,916,1002,990,955,900,988,752,512,578,628,605,403,420
1109,934,1099,914,998,1026,932,887,985,765,506,565,638,605,401,417
1064,926,1057,902,978,994,916,862,965,727,493,558,640,579,392,402
1059,909,1043,895,979,1025,884,862,961,762,483,559,647,568,396,407
1061,899,1051,892,964,1001,863,820,944,766,471,559,639,555,393,388
1057,930,1035,898,946,962,857,782,972,740,479,542,634,542,380,368
1063,937,1054,925,959,986,878,826,997,781,482,553,662,557,394,387
1049,908,1020,931,949,965,890,815,983,755,474,553,657,529,397,378
1046,908,1041,949,959,982,886,827,986,772,470,549,665,536,401,380
1047,919,1017,965,951,961,878,823,1012,774,480,539,666,541,394,379
1044,919,1016,953,963,966,899,864,1004,781,474,553,680,544,405,387
1054,943,1034,968,966,987,895,861,1026,802,476,545,685,561,402,387
1054,953,1023,961,966,979,896,848,1010,788,474,547,672,555,393,387
1051,923,1003,952,960,971,890,862,995,797,466,549,678,547,399,392
1032,929,1002,957,956,973,887,847,979,832,471,539,684,548,398,386
1013,899,984,951,947,948,889,853,940,805,460,534,660,519,396,388
1015,915,1004,963,965,961,896,862,943,830,461,524,678,533,399,388
1020,943,1012,960,961,951,885,848,933,818,464,523,673,533,399,392
1026,943,1022,955,989,966,914,881,922,833,461,532,694,525,405,399
1058,966,1023,964,971,938,897,835,942,841,469,513,690,540,393,379
1053,949,1026,955,1010,954,930,870,928,843,464,526,706,538,408,392
1061,955,1030,955,1002,948,917,841,936,854,466,518,694,537,402,384
1061,961,1035,964,1018,953,936,863,961,862,470,519,692,534,400,381
1064,953,1023,951,1013,946,958,871,937,835,464,522,680,517,401,385
1095,970,1038,957,1026,940,951,863,938,852,464,515,674,509,397,362
1092,985,1035,971,1006,919,935,858,967,831,474,508,657,517,392,350
1103,978,1040,975,1031,925,959,882,962,840,471,529,664,513,404,359
1106,989,1048,978,1025,919,946,860,975,812,476,523,647,514,395,359
1125,981,1056,981,1046,937,959,882,959,820,470,526,650,507,406,369
1139,994,1063,985,1038,934,937,868,970,827,479,520,648,525,403,362
1115,980,1046,979,1038,926,941,889,955,817,475,531,648,515,408,364
1130,977,1071,999,1048,936,936,893,971,832,471,535,657,526,410,364
1136,992,1062,1008,1038,932,936,875,981,809,474,525,641,523,404,363
1150,1008,1075,1015,1053,946,944,886,990,822,478,533,646,531,412,370
1150,1000,1065,1020,1050,949,943,888,992,833,479,528,653,533,408,367
1135,988,1061,1014,1038,946,939,897,987,814,474,528,650,525,414,363
1153,982,1085,1026,1065,972,947,915,1005,846,479,539,663,546,424,369
1155,978,1085,1026,1055,957,940,902,1012,825,482,530,650,545,416,366
1167,975,1081,1028,1065,972,954,922,1017,832,482,539,656,547,424,371
1154,977,1077,1034,1057,968,953,920,1005,813,477,538,651,537,420,369
1150,973,1082,1045,1056,989,958,941,1013,824,479,540,662,542,425,373
1139,972,1082,1054,1053,995,956,943,1028,854,483,539,661,556,428,372
1133,972,1076,1069,1036,981,950,939,1045,847,490,543,655,558,418,369
1127,955,1091,1074,1050,1003,982,975,1035,854,483,557,661,540,430,379
1126,956,1085,1080,1041,997,963,956,1039,847,484,544,654,541,418,372
1126,952,1099,1095,1048,1008,972,976,1041,868,483,553,671,553,428,380
1119,965,1104,1104,1044,1015,961,975,1065,860,491,545,666,557,422,375
1127,954,1101,1094,1051,1033,978,983,1052,851,491,561,658,553,422,380
1123,959,1100,1091,1041,1032,964,967,1038,843,494,555,656,549,414,378
1130,960,1099,1091,1039,1040,966,973,1053,854,497,561,661,557,413,384
1125,953,1096,1092,1041,1046,972,976,1055,858,501,565,661,565,411,382
1135,948,1103,1094,1042,1041,972,979,1051,860,497,561,665,562,417,388
1134,954,1099,1095,1044,1037,968,986,1059,866,500,560,667,564,418,385
1137,963,1098,1101,1039,1034,968,978,1067,870,499,557,670,571,420,389
1130,963,1094,1096,1037,1026,964,983,1061,853,498,556,660,563,413,387
1126,963,1102,1092,1044,1032,967,985,1053,867,498,557,671,567,417,387
1131,962,1105,1093,1044,1033,958,978,1061,867,500,548,657,570,412,382
1130,961,1107,1095,1048,1037,962,982,1066,873,500,551,662,576,418,386
1133,964,1105,1094,1047,1041,962,981,1062,868,503,551,660,580,412,385
1132,966,1116,1089,1051,1057,964,990,1062,874,502,555,663,579,419,388
1130,962,1108,1085,1047,1054,959,990,1055,866,498,553,665,573,416,386
1132,964,1105,1081,1046,1052,961,989,1054,862,500,549,660,577,413,383
1137,966,1106,1083,1050,1060,964,986,1055,868,501,550,661,584,417,387
1138,965,1106,1083,1049,1060,968,992,1054,860,502,552,660,583,413,387
1138,963,1106,1082,1041,1066,970,988,1050,860,504,551,664,583,413,385
1151,961,1114,1085,1045,1079,966,1001,1050,867,506,550,667,585,417,387
1152,957,1110,1081,1040,1073,962,995,1040,862,505,549,661,578,413,389
1159,963,1110,1083,1038,1069,961,988,1041,857,506,543,656,580,409,385
1159,959,1115,1080,1040,1072,961,997,1037,866,503,548,666,584,412,388
1165,961,1119,1086,1041,1070,960,992,1042,867,508,549,666,584,412,385
1166,961,1115,1082,1039,1071,957,993,1040,870,510,547,669,580,411,387
1159,956,1111,1079,1036,1063,953,994,1034,857,507,545,662,571,405,388
1175,967,1116,1096,1034,1063,949,994,1051,876,516,544,667,586,410,388
1171,962,1113,1085,1036,1063,949,987,1040,864,511,544,664,568,404,386
1169,957,1105,1080,1035,1055,951,986,1033,865,514,544,662,573,404,383
1176,960,1110,1083,1040,1061,956,990,1040,878,515,549,668,578,411,390
1173,961,1108,1080,1038,1054,952,985,1036,867,513,544,663,572,405,384
1172,963,1109,1082,1040,1056,951,986,1034,870,514,544,664,572,404,384
1171,956,1108,1079,1041,1056,954,995,1028,867,510,548,664,572,406,388
1173,959,1107,1080,1036,1056,950,985,1032,870,513,544,663,569,406,387
1171,959,1107,1078,1036,1054,947,985,1027,865,510,543,662,563,404,383
1175,962,1109,1080,1037,1057,949,985,1033,876,510,541,668,569,406,385
1168,956,1105,1075,1036,1052,947,985,1026,863,509,543,661,562,404,385
1168,955,1101,1075,1032,1045,940,976,1020,856,507,540,651,559,398,379
1177,961,1109,1080,1036,1056,940,975,1030,871,511,536,661,563,402,381
1141,865,1099,1006,1038,1055,947,983,946,864,445,544,665,525,404,384
703,524,688,502,730,687,669,586,437,406,257,420,383,236,243,232
360,348,479,408,515,461,354,312,327,274,208,232,227,183,141,119
605,625,597,537,530,530,333,321,498,328,286,224,277,234,165,116
942,845,901,912,809,817,529,563,856,625,417,355,489,406,284,219
938,779,932,849,929,892,775,779,790,677,375,473,555,381,350,308
907,772,860,822,829,812,661,637,759,593,369,416,488,352,294,253
880,731,840,778,837,808,669,651,716,573,347,424,482,332,296,256
885,756,844,807,821,806,618,614,743,585,363,399,482,342,288,245
866,723,821,770,807,788,623,606,703,552,340,403,465,321,278,238
858,723,813,766,799,781,609,597,703,551,343,391,462,322,275,233
857,720,815,764,804,783,616,597,700,553,339,400,468,321,280,236
850,714,808,751,797,777,608,593,692,543,335,393,463,313,278,233
838,702,791,726,784,767,596,580,675,528,328,385,452,304,267,227
835,704,793,726,785,767,586,574,676,532,328,383,455,307,270,224
819,690,772,689,769,753,577,555,652,511,316,379,442,292,263,219
805,675,758,666,748,739,558,525,639,493,312,364,433,285,250,209
773,655,730,626,724,710,536,504,606,472,302,353,422,274,240,194
735,630,697,573,682,672,488,468,564,442,290,337,391,258,228,176
738,644,693,589,661,662,467,443,570,442,293,322,386,255,220,166
745,643,704,594,680,674,488,461,569,448,292,334,392,258,227,170
732,625,680,575,661,650,475,445,541,428,283,324,379,247,221,166
741,642,689,595,667,657,469,445,568,433,298,322,374,256,223,161
763,659,708,632,684,671,511,466,595,470,310,333,394,270,230,170
728,622,681,579,677,657,531,461,526,444,284,340,380,252,224,173
685,596,647,532,619,607,460,415,494,397,275,301,340,241,204,147
684,608,640,536,609,599,452,400,492,389,280,292,334,239,203,144
712,622,653,555,630,625,469,413,526,421,285,307,366,249,212,151
681,600,638,521,617,605,478,413,486,386,275,304,338,233,202,144
659,577,624,506,599,586,445,395,454,369,270,287,318,229,192,133
632,565,608,490,577,568,430,367,433,352,264,271,310,227,182,127
625,571,606,495,568,555,433,360,434,341,265,264,306,222,183,129
653,594,621,510,583,577,443,373,465,365,273,268,317,231,189,130
679,624,636,543,600,600,474,387,486,387,282,287,344,240,196,139
660,601,633,534,605,600,488,393,470,380,270,297,350,237,201,144
609,548,590,478,564,541,465,362,398,323,255,272,303,217,180,132
579,531,564,466,533,494,425,337,380,303,249,244,276,205,159,119
576,517,560,461,529,497,414,333,384,295,249,241,276,203,155,113
584,543,561,466,525,495,397,332,392,292,253,239,272,207,154,112
614,574,585,501,548,536,417,350,432,320,264,254,299,219,170,120
662,616,615,550,590,606,446,392,520,363,286,285,344,240,190,136
672,605,638,550,625,631,485,435,535,382,281,324,381,245,207,154
588,507,577,470,565,554,450,390,405,307,246,303,308,207,183,136
440,405,468,412,492,441,376,323,321,254,213,237,229,179,136,100
345,349,354,352,396,346,312,261,279,219,184,200,190,160,112,85
402,428,404,414,408,371,281,249,324,233,219,177,199,171,113,81
606,578,577,522,509,495,370,319,500,295,284,228,259,226,140,98
773,670,766,625,665,756,496,473,718,511,319,366,451,302,236,187
685,554,710,488,680,730,519,490,581,456,269,395,432,249,229,200
520,412,541,391,527,505,385,342,334,279,179,276,257,166,148,114
285,169,299,252,336,304,249,203,177,180,94,159,148,95,90,69
107,102,138,123,167,160,152,117,114,113,66,93,97,72,62,54
96,109,122,123,135,134,124,93,110,101,71,71,88,71,54,48
206,287,230,254,186,213,141,115,228,167,162,83,119,110,67,50
679,650,623,521,517,531,337,301,558,320,330,209,267,243,141,87
917,757,966,679,823,877,587,627,792,694,397,412,499,369,284,274
705,562,722,468,732,712,556,565,491,451,268,414,387,245,244,243
450,323,520,316,496,471,353,314,266,253,139,240,209,145,127,101
274,278,330,249,311,328,201,183,212,195,119,133,146,103,83,64
575,550,540,427,450,445,228,232,350,254,242,152,195,169,107,70
760,718,699,567,612,639,412,383,592,417,339,261,352,258,196,130
782,674,728,541,744,704,598,542,543,451,301,369,425,266,248,215
616,506,585,435,550,513,470,361,340,280,226,276,266,190,175,132
548,493,521,407,470,435,354,286,310,236,220,192,204,168,119,84
711,652,600,533,511,501,397,307,468,293,300,217,253,217,145,94
934,743,801,705,735,752,597,522,665,477,341,365,432,331,267,220
739,568,670,484,643,658,576,477,430,353,249,386,343,233,237,207
550,426,521,373,478,440,379,300,288,234,158,226,199,148,126,95
552,491,512,397,417,415,246,222,304,225,188,153,181,157,105,70
736,666,622,538,510,533,347,316,502,299,310,220,256,252,143,92
950,768,893,712,772,781,586,562,686,493,377,387,424,403,271,210
811,612,767,513,747,722,589,577,495,402,273,408,395,279,261,214
578,443,548,369,495,465,347,321,298,249,150,249,233,160,142,96
416,403,421,325,360,364,216,201,260,207,138,153,165,124,100,67
630,576,567,442,462,459,248,253,358,256,243,172,218,185,128,77
885,826,797,702,632,716,439,372,617,432,359,268,359,328,205,145
944,759,931,658,836,935,681,588,600,602,318,411,491,347,285,288
624,484,603,395,561,588,494,365,317,287,160,294,263,175,173,141
326,284,370,256,344,344,229,197,197,186,103,145,139,98,82,64
657,592,585,447,473,488,261,250,378,271,245,181,219,172,116,75
956,807,889,724,681,765,389,392,671,529,344,297,415,277,207,128
969,743,924,655,842,846,567,557,666,585,299,396,474,276,260,235
782,633,709,513,665,659,443,432,482,366,249,341,341,214,201,150
747,627,655,478,597,599,367,372,458,326,245,281,306,207,182,123
819,688,681,538,620,622,364,382,525,370,271,283,334,232,199,130
862,751,743,628,670,657,407,453,598,425,322,329,385,286,224,150
905,753,813,675,823,774,524,585,631,502,334,398,457,343,288,238
840,702,758,633,718,686,505,523,576,430,309,384,397,313,249,206
795,690,714,587,643,618,482,460,542,379,304,351,354,296,223,178
824,718,740,621,671,652,537,481,585,411,327,351,387,323,234,195
842,737,726,652,668,655,567,475,604,421,346,367,381,336,229,192
904,765,751,629,755,712,623,553,613,449,346,393,407,349,244,223
782,663,645,526,647,631,571,477,518,366,303,360,351,295,208,188
728,622,621,506,616,599,486,433,502,341,295,316,324,255,191,157
786,689,682,625,675,651,497,471,601,377,345,329,350,282,203,156
918,755,872,768,828,837,639,587,724,562,382,385,436,357,250,195
751,624,714,548,765,733,631,551,559,411,298,393,375,256,229,186
670,588,629,490,603,597,459,408,469,341,282,295,297,219,180,128
773,695,733,620,681,675,480,446,603,425,325,304,357,266,205,139
775,693,738,618,729,671,548,485,586,466,311,338,362,261,218,151
754,670,668,589,685,647,524,459,550,453,300,320,353,247,206,137
703,630,647,531,660,655,502,447,533,410,281,324,361,234,219,144
708,663,645,597,629,660,469,408,594,412,302,304,355,257,217,143
815,712,752,749,747,812,537,524,721,499,352,371,420,374,265,211
831,680,790,682,838,917,693,587,668,592,348,422,444,419,302,261
719,618,690,537,750,763,574,558,547,449,298,383,378,298,242,200
695,610,682,546,686,727,469,481,553,454,300,326,359,282,219,160
726,630,710,544,704,753,477,463,552,462,292,343,374,275,229,167
911,797,827,731,781,840,504,473,736,574,357,348,434,360,248,177
829,698,739,649,842,793,643,534,627,481,307,397,415,297,262,204
883,761,765,740,821,766,529,513,668,480,350,359,403,332,245,173
845,707,741,683,818,760,556,584,629,437,332,393,390,311,242,196
746,643,679,614,759,669,497,521,559,388,296,360,344,267,216,175
752,650,669,599,687,639,478,456,549,382,295,311,330,263,200,156
785,677,684,659,691,655,507,463,567,396,317,314,354,276,208,158
896,786,824,815,810,780,633,565,717,493,378,358,429,359,234,193
813,673,808,713,829,763,739,610,600,466,311,410,425,304,253,231
685,593,650,527,631,610,539,440,455,347,276,328,322,241,195,150
664,576,617,482,578,575,468,373,428,332,262,277,295,235,181,131
725,675,652,541,559,592,426,358,536,353,314,267,300,247,178,122
881,730,826,664,790,808,573,548,629,491,338,360,392,300,222,182
779,619,710,521,752,721,596,510,497,412,277,353,356,233,212,167
679,572,624,476,574,588,445,362,425,337,259,267,290,213,179,122
725,638,641,516,576,606,431,360,496,363,280,264,308,229,183,125
993,773,882,730,827,804,533,509,697,531,340,336,461,335,237,189
849,658,753,588,780,740,583,532,552,422,287,380,403,270,228,209
758,621,693,536,630,636,456,402,506,386,273,312,344,240,198,146
885,726,747,624,652,649,433,415,605,410,323,302,357,277,199,159
1025,833,897,760,842,808,579,575,711,512,374,396,452,348,253,221
820,664,721,570,728,679,592,539,540,397,299,391,365,270,228,185
649,532,581,453,551,528,426,380,377,306,249,280,271,211,174,123
625,546,560,435,514,501,367,320,371,306,245,236,252,197,152,101
789,741,661,623,557,611,401,340,566,391,333,242,295,244,168,102
960,779,862,754,810,842,648,585,693,488,365,379,398,327,243,192
799,616,697,538,732,727,658,534,503,387,285,367,337,245,214,163
675,579,613,478,566,597,476,370,425,331,267,260,277,215,173,107
754,676,666,571,603,661,454,384,536,373,295,264,309,237,180,115
844,673,751,629,797,778,571,530,588,445,301,330,386,263,226,147
765,662,698,597,696,702,531,449,553,412,291,312,354,238,209,132
736,618,662,537,681,674,512,433,512,382,273,319,338,229,201,133
898,733,763,694,724,745,476,435,628,435,308,321,379,304,213,140
775,641,694,587,721,689,509,467,521,380,283,365,354,262,205,150
685,603,606,510,589,573,436,377,453,331,272,288,306,229,179,120
888,735,700,672,666,641,446,414,585,407,338,298,347,264,196,134
1026,808,787,816,791,754,582,543,674,520,371,378,409,328,235,201
796,655,690,605,764,706,638,555,535,458,302,403,369,266,225,213
638,532,590,458,570,576,468,376,404,330,261,284,293,213,178,127
638,523,585,446,534,562,404,333,426,331,266,250,290,205,172,107
789,655,666,557,582,636,417,359,581,410,308,270,348,249,187,115
883,698,783,689,840,804,599,544,665,520,335,373,441,284,240,176
879,707,754,709,806,771,585,537,650,542,331,371,440,293,245,176
749,645,645,591,703,661,527,459,588,422,301,345,373,247,212,157
845,690,726,688,758,754,517,516,675,468,330,370,429,301,230,177
888,669,748,694,805,772,586,570,677,448,335,400,437,343,244,201
740,590,655,571,715,668,534,516,580,378,299,374,367,267,219,167
702,645,625,572,633,616,469,430,579,366,330,319,335,255,192,137
903,801,759,826,829,762,618,631,667,471,410,382,435,376,246,190
854,716,754,765,842,795,797,728,643,474,375,432,450,352,265,226
676,575,627,541,659,621,652,487,440,345,286,353,321,238,206,155
635,570,598,503,561,556,511,363,424,311,285,265,279,226,173,121
718,632,643,568,597,640,529,384,530,366,311,283,331,256,190,138
899,716,784,726,761,800,612,511,666,464,364,354,423,342,237,197
720,570,655,506,698,684,584,500,464,360,284,376,351,239,220,188
673,583,607,482,579,581,442,366,428,329,273,271,303,225,183,136
773,643,679,575,634,639,466,405,542,395,304,304,369,253,211,156
907,683,777,711,732,706,530,471,605,446,334,361,409,291,246,179
723,582,645,512,637,622,514,449,479,366,272,360,346,237,218,177
771,658,662,580,595,637,439,378,541,399,306,294,343,278,206,146
842,721,750,677,672,746,489,456,618,477,349,345,424,332,243,184
807,647,741,586,686,758,521,490,591,441,319,370,421,296,248,190
660,530,635,454,601,630,446,412,430,333,264,335,332,231,204,153
694,590,627,473,561,595,388,344,467,332,283,259,305,238,181,117
942,738,827,646,708,764,440,431,622,478,348,324,429,336,237,164
973,778,889,708,791,794,559,555,645,502,361,399,465,357,271,203
834,643,745,540,752,710,556,515,524,402,297,394,418,274,241,192
804,654,690,553,632,635,441,390,535,373,306,304,369,256,209,134
835,691,706,573,657,662,465,418,561,397,320,339,396,272,224,147
914,730,757,662,707,730,510,467,613,445,338,370,435,314,244,172
862,674,712,580,701,736,527,477,558,412,317,388,420,289,240,175
879,691,726,609,719,741,486,462,593,405,337,368,418,312,235,161
853,689,707,596,703,694,493,471,575,374,336,370,398,297,227,161
901,728,762,680,771,712,530,518,624,416,379,386,403,337,243,175
891,673,760,624,812,726,588,560,585,412,344,422,404,317,248,206
804,666,657,591,653,624,478,442,540,352,335,335,328,271,193,141
870,706,695,672,683,669,527,474,570,375,359,349,365,300,199,153
903,722,740,723,713,714,562,501,596,402,369,362,382,302,209,163
870,688,739,695,718,714,593,496,580,407,342,358,379,283,214,162
793,635,680,552,676,654,588,450,504,354,301,340,344,243,199,142
776,628,660,516,629,616,509,402,474,322,291,310,326,237,188,123
846,695,680,587,653,635,481,409,573,332,317,303,347,251,188,117
950,769,797,731,796,752,583,530,639,417,344,379,416,292,225,150
865,724,738,679,784,708,581,535,591,385,338,391,386,275,213,148
805,681,688,609,737,669,556,506,537,366,316,371,352,258,197,134
760,662,664,578,664,628,496,429,472,330,311,310,308,236,178,117
856,725,753,700,706,726,532,482,595,403,363,317,344,272,189,126
846,665,745,644,721,710,585,506,541,383,339,350,336,252,188,129
812,637,682,569,648,644,529,438,479,348,313,304,302,227,168,112
835,658,693,607,651,660,499,405,520,366,318,283,310,232,168,110
874,670,705,606,706,704,544,463,529,378,317,310,328,229,175,113
920,720,748,664,754,763,574,497,595,403,333,319,358,246,186,121
902,755,746,709,732,744,567,486,614,376,347,331,347,248,184,115
891,733,765,714,807,777,622,533,625,378,337,366,354,244,199,131
831,658,718,628,770,715,563,506,549,347,288,341,329,224,185,118
746,610,640,540,663,591,471,408,456,292,270,280,267,200,144,93
904,723,729,720,729,672,477,431,602,332,344,274,301,244,155,99
914,743,757,767,836,744,590,561,609,347,350,343,328,260,181,126
870,688,702,696,810,694,592,577,543,331,314,340,304,236,169,123
763,651,631,588,661,600,496,443,427,282,282,280,254,203,140,100
829,707,652,734,685,624,494,435,490,301,320,263,266,217,143,102
969,773,745,841,802,763,617,530,586,364,360,314,320,256,178,127
841,638,670,655,785,696,678,549,446,311,285,334,297,209,175,129
770,634,628,618,624,574,528,389,419,277,281,247,246,190,138,94
878,719,718,752,714,671,577,430,560,323,331,264,304,222,163,99
895,713,760,794,819,721,666,526,561,336,325,324,327,229,181,121
769,599,676,625,714,613,621,467,403,286,268,308,277,194,168,109
778,651,645,629,583,539,476,352,420,270,281,238,247,194,137,87
888,703,734,706,692,644,561,418,506,324,298,279,303,213,173,102
848,648,690,624,659,625,573,421,440,312,276,289,284,198,169,108
786,626,643,575,591,553,509,359,376,278,262,254,247,189,146,92
874,700,718,653,646,666,518,388,487,373,283,287,329,214,176,106
892,742,737,672,644,690,502,396,545,395,304,293,351,229,191,105
881,740,724,653,671,702,525,413,543,395,291,320,366,226,204,110
861,773,693,618,621,633,470,383,543,369,304,299,324,224,187,104
903,800,739,652,697,690,498,431,579,411,315,341,377,243,212,114
825,696,682,561,672,650,496,424,510,374,290,335,341,227,203,114
899,748,730,616,685,683,451,416,572,412,301,317,372,249,214,112
836,677,691,540,671,644,469,420,492,360,279,332,346,227,201,114
800,654,648,513,622,607,425,376,464,332,269,293,310,216,182,97
823,680,655,538,631,615,404,382,510,341,284,292,326,221,192,102
866,697,682,571,666,655,431,410,537,362,291,314,349,239,205,108
835,666,665,530,651,635,427,409,501,338,276,315,326,224,194,108
835,674,650,532,618,599,407,376,491,318,280,289,306,219,185,102
886,717,674,564,675,645,426,428,529,352,298,323,346,235,206,112
888,706,675,579,675,655,444,443,548,358,303,335,348,252,212,118
867,702,661,587,664,643,456,430,542,341,308,329,338,245,199,116
865,713,677,618,691,663,473,459,545,345,312,344,354,264,210,123
854,716,666,642,680,650,467,451,542,338,318,336,342,260,201,120
878,758,690,715,712,695,508,479,578,359,350,358,374,312,215,127
897,730,728,723,786,766,591,538,593,402,350,388,416,340,246,161
776,623,639,561,670,640,522,458,446,311,299,353,331,259,198,126
833,690,637,643,616,612,453,380,548,317,339,284,318,272,182,107
964,785,785,795,808,801,581,540,641,451,410,379,447,402,256,169
862,674,715,659,809,751,629,560,569,373,334,412,409,305,250,186
808,684,670,646,714,652,508,451,572,336,343,349,350,291,201,124
892,730,739,733,802,751,587,529,626,382,378,387,404,360,237,166
825,664,710,650,785,704,611,532,571,352,335,397,381,307,226,167
805,665,691,644,741,678,520,472,576,342,335,361,359,305,210,136
871,693,725,690,786,730,540,514,608,372,358,375,391,339,225,156
853,666,710,658,792,718,584,524,582,357,338,385,380,311,229,158
841,683,704,669,733,678,527,469,596,346,349,361,365,316,207,132
835,671,705,647,761,692,559,508,579,347,337,383,373,307,216,151
820,668,698,640,740,679,532,486,574,341,333,377,370,304,210,139
803,652,696,622,746,680,535,485,567,340,327,375,369,297,215,139
800,662,693,632,732,676,518,471,575,341,331,365,365,299,208,131
794,663,681,624,747,681,537,484,569,342,330,376,364,293,210,139
782,639,668,597,741,671,541,484,551,332,316,374,358,281,206,134
774,644,659,600,682,637,496,432,550,317,323,334,327,275,189,119
781,633,667,588,720,656,517,460,542,321,315,362,340,277,199,130
783,630,675,586,716,656,494,447,541,325,309,350,341,277,196,123
761,642,656,596,669,624,473,416,544,309,319,326,319,270,187,113
800,650,696,640,747,670,513,473,573,333,332,364,352,304,204,133
739,604,651,550,700,627,507,455,499,304,300,356,323,263,188,122
722,619,621,548,621,577,446,390,502,283,305,302,287,251,163,102
767,640,664,594,693,636,489,446,550,315,316,340,333,280,192,120
773,648,667,602,695,629,504,450,555,308,320,346,331,282,187,119
744,628,640,561,674,604,502,440,509,292,309,344,313,256,182,115
786,656,668,608,697,632,496,446,559,314,325,337,333,280,189,119
783,649,671,601,710,638,511,463,555,313,323,358,334,284,193,126
754,629,653,565,694,622,505,450,518,303,312,351,325,262,188,121
775,646,664,592,696,631,491,443,549,311,325,339,330,279,192,117
770,644,664,590,704,630,510,462,542,312,320,357,330,275,190,125
773,645,669,588,707,635,508,458,543,316,322,356,335,275,189,123
773,644,669,593,706,634,501,457,544,314,324,349,332,276,193,122
775,645,667,592,708,634,505,458,548,316,321,349,334,276,191,124
772,643,667,590,705,633,501,454,541,312,319,351,333,274,190,121
774,640,669,592,707,636,500,454,547,317,321,349,336,278,194,120
772,641,666,590,709,636,502,457,543,316,321,354,335,277,189,123
772,645,667,592,705,634,501,455,544,316,319,351,331,278,192,123
774,642,668,588,708,638,502,458,542,315,321,352,335,274,192,123
774,642,666,590,704,633,500,454,546,314,318,350,332,277,191,120
775,644,669,592,707,636,500,454,548,314,322,352,335,279,192,122
774,640,667,588,705,633,502,455,543,313,321,352,333,275,193,120
774,641,668,592,710,636,501,457,544,315,320,351,336,276,193,122
772,641,669,591,712,640,504,460,544,315,320,354,335,277,196,122
772,642,665,589,705,633,500,454,544,311,318,349,333,272,192,120
774,642,669,591,707,633,502,456,543,315,320,350,333,278,192,120
772,639,666,588,703,633,495,453,543,313,320,348,334,276,190,121
926,795,780,806,792,723,529,512,701,392,423,372,404,432,223,143
930,754,820,783,912,792,706,653,675,417,393,482,464,427,285,241
939,793,825,827,901,777,700,642,702,412,417,467,452,461,277,234
943,794,830,830,897,775,697,640,704,417,423,463,454,466,276,231
944,799,828,831,900,778,700,646,707,413,425,466,456,469,283,234
942,798,829,832,903,776,702,648,705,411,424,469,454,468,277,232
943,798,829,833,905,779,704,648,705,413,424,468,456,469,282,235
943,797,831,833,904,781,706,651,708,414,427,467,455,473,282,234
945,802,831,837,907,778,709,654,712,412,428,471,456,475,282,236
945,803,830,837,906,775,713,655,709,409,429,472,454,474,283,238
945,803,832,840,910,778,720,664,709,411,431,474,456,477,285,238
948,803,834,840,916,782,721,665,709,411,432,476,457,484,287,241
949,808,834,846,915,780,724,668,713,408,433,477,458,481,285,243
951,810,834,850,916,780,723,664,715,409,434,475,456,486,285,241
949,810,835,850,916,779,727,668,713,407,433,480,456,486,284,246
950,812,836,856,921,780,733,675,714,409,438,479,457,494,287,247
952,817,835,861,921,776,735,675,717,405,439,480,455,498,287,246
953,818,837,865,922,778,743,679,717,405,440,485,458,503,287,249
952,820,838,867,928,777,749,683,719,401,442,487,454,504,289,251
956,823,838,871,928,774,755,684,718,399,445,487,453,510,289,250
955,823,834,873,930,769,760,695,716,394,449,491,453,510,291,255
955,827,838,879,930,770,765,693,722,392,449,488,452,518,291,255
958,831,840,887,933,771,775,700,725,390,452,490,451,526,289,256
958,835,836,895,936,767,785,704,722,382,454,493,451,525,292,259
955,833,831,895,934,761,789,705,720,376,457,496,446,527,289,259
953,836,828,902,933,752,798,710,718,371,459,496,439,533,287,258
951,836,823,905,931,746,806,711,714,363,462,495,439,536,288,261
947,837,818,907,928,734,815,714,711,355,464,493,432,534,283,260
951,843,823,916,933,739,822,716,718,356,471,497,431,543,286,263
948,839,826,914,937,737,836,728,715,354,470,501,429,542,287,266
945,845,821,917,931,732,835,723,714,351,472,501,422,548,285,267
954,853,832,936,936,738,845,733,723,354,483,503,430,573,287,267
951,842,825,930,936,738,858,742,717,351,478,513,430,571,289,271
960,854,822,939,928,734,853,733,721,348,490,506,426,578,286,266
960,846,825,944,941,742,879,751,719,352,490,521,430,582,295,277
953,840,812,944,934,734,878,747,711,349,487,519,422,571,291,276
958,845,805,947,931,729,874,740,712,345,493,510,420,575,290,274
970,867,813,959,935,731,872,750,727,348,502,514,423,601,290,274
978,856,808,946,948,741,901,774,717,347,494,525,425,598,299,287
990,863,821,951,954,754,908,779,725,358,497,524,437,613,309,286
996,869,835,964,973,766,915,805,732,361,501,533,453,622,320,299
1001,885,846,977,960,769,901,787,743,367,510,524,451,621,318,293
1021,894,853,990,971,790,924,806,766,381,514,529,472,624,332,307
1027,903,866,991,970,797,931,799,776,397,529,524,476,617,336,311
1069,921,898,1030,991,825,942,816,805,419,539,546,508,626,360,324
1049,906,894,1008,1004,842,937,825,779,421,528,544,511,598,369,331
1088,900,914,1037,1013,879,913,817,785,471,527,539,546,613,393,328
1102,891,919,1032,1005,921,890,813,791,516,530,537,574,607,398,325
1097,883,899,1019,1002,922,874,805,785,511,517,528,565,574,392,318
1146,903,955,1041,1035,989,861,857,806,589,514,545,628,626,432,332
1115,904,927,1025,997,947,838,817,812,551,512,517,592,582,402,308
1141,912,955,1006,1015,982,846,856,831,612,502,537,635,583,430,326
1159,928,963,1000,988,982,828,836,863,632,512,530,621,581,421,319
1201,927,985,979,1012,1004,844,872,854,673,497,556,653,574,435,336
1186,933,979,965,1017,983,819,830,845,655,492,542,621,559,411,319
1171,918,989,944,1037,986,811,829,826,643,474,549,625,548,414,319
1164,905,993,926,1033,965,761,788,836,656,466,543,636,523,407,304
1134,901,1001,920,1035,977,771,775,820,682,451,546,656,478,413,300
1126,958,1023,911,1023,985,767,744,870,728,461,529,647,448,407,289
1113,975,1021,892,993,986,783,745,852,757,448,521,651,438,393,276
1068,931,974,900,941,952,777,701,811,662,441,497,616,400,355,257
1135,900,1014,963,981,1055,802,730,833,776,454,509,673,448,364,273
1112,886,1022,985,952,1028,801,703,813,774,440,489,656,437,346,267
1103,931,1051,1023,944,1019,791,701,820,830,463,474,647,489,339,264
1048,887,1045,983,919,979,836,714,749,726,436,488,598,426,331,284
1183,926,1155,1032,970,1010,816,730,806,862,470,478,646,483,329,290
1170,896,1086,998,984,968,826,763,764,813,449,494,629,446,338,306
1197,940,1027,1008,990,964,797,741,775,801,469,469,615,460,330,294
1203,942,1023,983,1004,962,805,751,770,781,465,478,591,468,329,294
1181,923,1056,940,1080,993,839,794,776,787,458,496,609,448,349,317
1216,908,1100,950,1085,1024,821,789,842,845,470,495,635,495,357,302
1178,867,1075,979,1062,1029,820,775,845,780,467,505,621,440,353,296
1161,942,1076,970,1066,1133,845,850,949,894,483,529,652,483,354,308
1207,926,1102,985,1081,1124,843,905,995,980,493,548,704,528,376,322
1197,891,1055,967,1095,1133,819,905,998,893,491,534,670,488,364,305
1238,933,1138,976,1144,1189,809,896,1055,948,498,551,707,506,383,308
1254,961,1169,1011,1165,1151,851,930,1101,1035,495,590,726,538,416,330
1174,919,1096,967,1075,1114,809,857,1063,975,480,560,687,481,381,302
1224,926,1123,938,1092,1230,801,868,1084,1059,484,574,751,496,415,313
1202,885,1085,887,1041,1189,785,811,1005,1072,468,544,721,452,374,283
1279,937,1173,985,1044,1216,756,779,1059,1134,521,524,777,532,388,286
1256,869,1124,926,1091,1181,820,874,975,1068,498,601,766,520,405,319
1230,882,1167,953,1072,1176,791,820,1006,1092,499,556,760,554,381,304
1154,893,1112,954,1019,1176,763,796,973,1054,499,550,709,550,367,302
1096,916,1118,947,1033,1194,765,838,971,1027,497,564,748,556,389,328
1105,882,1070,907,1063,1187,806,860,887,1034,447,606,765,513,417,369
1169,924,1052,945,1015,1112,714,746,981,1019,474,548,732,545,408,323
1167,940,1103,933,1015,1111,765,773,964,993,464,566,760,532,418,332
1147,906,1047,904,1030,1075,765,770,922,913,456,562,726,484,400,312
1184,914,1147,902,1081,1202,815,840,919,1040,452,576,813,550,448,346
1173,944,1143,964,1029,1148,813,765,970,1019,489,544,737,550,403,334
1197,889,1098,945,1053,1150,886,810,914,956,488,557,714,519,415,364
1138,906,1096,974,1003,1116,811,786,910,872,506,515,686,548,398,339
1174,885,1112,924,1026,1154,824,860,900,901,479,551,708,589,408,362
1204,911,1122,965,1060,1146,784,850,987,983,508,548,701,666,408,369
1150,877,1059,897,1063,1045,762,794,957,873,496,592,657,582,422,395
1174,890,1162,912,1103,1149,776,827,1031,957,487,604,739,622,500,420
1175,911,1095,888,1045,1239,759,816,965,952,476,567,777,633,490,377
1238,908,1132,935,1053,1321,777,818,971,1034,471,582,847,664,536,402
1184,923,1079,944,1003,1156,717,730,964,939,494,553,725,592,458,368
1231,938,1176,940,1074,1231,812,859,960,1032,498,584,807,623,553,428
1182,922,1125,914,1068,1186,834,860,895,937,484,583,785,581,533,408
1142,878,1100,867,1055,1180,777,805,897,946,459,575,767,575,499,402
1164,915,1152,880,996,1112,706,747,966,934,485,534,715,635,441,362
1140,862,1155,838,1032,1169,750,829,905,912,480,584,734,590,478,397
1153,890,1164,886,1049,1214,733,790,975,987,485,569,793,608,500,380
1090,807,1080,832,1016,1136,723,790,906,903,436,554,756,509,489,381
1073,875,1083,905,966,1137,651,727,951,937,487,499,771,596,455,343
1030,857,1014,860,964,1077,736,753,883,898,453,538,725,547,423,357
1134,906,1020,900,974,1059,730,741,913,983,470,515,737,598,434,371
1095,843,961,875,994,997,787,736,844,820,460,539,702,505,417,386
1211,874,1189,1015,1117,1138,815,846,954,1007,487,562,773,607,513,407
1052,858,980,889,986,985,758,757,869,759,470,527,630,517,411,343
1091,853,995,857,1035,1054,799,799,882,787,471,556,709,543,424,373
1095,877,999,910,1041,1083,802,792,946,795,490,550,682,561,407,392
1069,830,985,879,1021,1119,840,828,914,784,474,549,713,548,444,405
1044,859,979,900,967,1137,828,805,897,839,477,523,711,545,414,364
1070,878,987,962,977,1118,884,791,870,917,492,542,697,557,422,365
1044,903,1009,1013,978,1047,880,822,965,935,510,539,696,635,418,349
1018,893,945,959,997,1024,966,921,883,767,495,575,682,577,421,345
1149,917,1050,991,1099,1089,924,1029,969,929,528,594,754,678,475,393
1150,910,1076,985,1127,1071,886,967,1060,877,530,602,714,672,477,406
1140,862,1025,955,1083,1080,902,972,1033,811,495,613,714,648,460,398
1167,866,1036,957,1060,1116,854,895,1064,881,476,593,740,640,457,403
1092,875,1009,950,1054,1147,841,905,1015,955,468,584,744,558,472,428
1163,963,1110,1004,1092,1194,823,915,1077,1122,491,566,801,643,519,427
1079,874,999,936,1051,1105,838,859,988,1011,464,545,727,517,447,374
1062,841,1046,917,1053,1130,806,819,977,969,480,523,686,517,401,355
1043,856,1058,939,1034,1162,839,827,947,976,482,546,684,535,413,357
1092,895,1064,956,1048,1207,828,887,954,1030,464,548,711,593,435,378
1077,918,980,903,995,1119,780,821,941,890,469,538,641,559,384,370
1116,856,1044,875,1052,1121,830,902,947,960,471,585,697,540,430,418
1047,833,993,860,964,985,797,779,900,752,468,519,615,466,386,343
1085,852,1008,908,1015,1134,837,855,892,884,458,535,725,530,423,395
1130,943,970,960,921,1049,786,745,955,892,476,496,633,554,369,348
1096,878,930,936,987,956,811,798,865,801,470,548,607,485,384,385
1211,929,1049,952,1039,1024,837,865,939,884,497,557,696,543,431,402
1194,904,1056,937,1076,1052,822,877,931,880,471,542,694,545,424,382
1079,895,1002,943,1000,991,759,759,927,769,450,497,646,539,361,335
1107,871,1032,920,994,1062,791,757,896,802,424,530,646,545,372,357
1157,913,1078,984,1046,1168,812,772,989,920,440,517,694,605,411,358
1133,888,1027,977,1055,1086,864,792,915,881,444,517,680,502,418,349
1047,908,1009,908,936,964,828,814,923,709,474,483,548,559,351,328
1128,962,1076,979,1030,1042,897,894,992,829,484,534,621,624,409,361
1047,909,1000,932,949,912,880,815,923,677,480,527,569,512,375,342
1095,968,1133,948,1029,1080,886,903,1029,869,497,537,689,609,464,382
1118,977,1055,979,993,986,823,830,990,742,496,519,630,577,403,356
1150,879,1090,899,1074,1038,882,977,922,815,440,595,662,522,439,406
1126,893,1130,953,999,983,799,784,929,788,448,540,613,509,409,362
1132,914,1097,947,991,1040,820,780,969,813,461,525,656,536,388,358
1065,868,996,914,985,998,866,782,875,726,430,498,634,495,372,358
1160,899,1134,990,1061,1066,888,800,962,892,466,495,671,547,401,387
1038,897,959,900,986,966,886,795,870,746,457,499,572,449,370,361
1092,880,1016,870,1019,1047,869,841,884,737,463,487,589,483,388,348
1090,880,1038,895,1017,1038,876,827,879,769,468,483,592,522,374,338
1065,949,1086,922,994,1002,874,817,949,745,496,505,566,564,355,337
1051,873,1055,871,986,1031,911,885,888,725,482,535,591,542,371,355
1029,872,1065,926,988,1023,929,861,918,771,483,515,614,565,390,361
992,835,1012,925,956,938,935,827,881,710,464,527,597,535,377,357
1007,908,1010,1012,972,938,910,854,925,764,496,502,611,598,372,341
1063,895,965,1020,1001,931,964,958,872,720,479,525,623,566,383,362
1049,909,997,1079,999,908,904,890,925,728,496,501,608,623,385,352
1054,948,1037,1084,1046,971,948,976,987,740,511,530,615,646,405,390
1050,932,1000,1061,1065,1003,889,924,966,730,496,531,609,648,422,390
1101,957,1075,1094,1092,1076,845,944,1090,874,501,538,655,706,449,390
1116,963,1092,1030,1113,1161,927,951,993,890,469,584,654,642,465,408
1110,903,1106,986,1093,1153,912,810,1018,936,483,551,671,639,458,381
1035,872,1100,973,1097,1217,944,876,999,984,493,559,706,628,508,410
979,889,1059,946,1054,1170,895,885,910,889,496,519,672,615,459,387
1043,878,1080,949,1067,1225,884,1082,945,1001,506,554,735,702,499,431
985,832,948,927,1035,1142,913,964,923,832,470,550,625,648,451,396
963,835,917,944,970,1042,909,789,956,705,475,531,582,577,427,372
962,866,905,966,936,1013,895,802,951,724,472,532,624,563,451,396
995,890,918,959,969,1008,890,840,895,813,469,516,641,585,462,384
1043,895,1012,973,1005,998,908,880,897,959,482,519,681,606,450,363
1011,908,982,952,1014,911,897,798,919,869,486,504,615,531,393,339
1019,946,1050,968,1034,997,915,865,1009,829,498,514,630,587,420,353
1011,897,1005,920,1016,1041,931,888,910,718,476,522,611,562,411,357
1002,861,981,919,988,1015,909,832,894,722,480,514,605,544,379,344
1024,850,1066,942,1041,1065,935,890,948,852,494,534,646,557,401,371
1016,848,988,925,984,983,930,858,939,754,487,527,612,542,397,359
1060,878,974,940,993,1011,931,888,937,734,495,535,619,598,399,356
1089,901,963,942,985,969,899,859,953,761,505,536,624,616,385,357
1070,921,961,930,1003,967,952,878,947,764,514,539,620,641,393,385
1019,880,933,900,957,900,910,803,895,690,487,519,571,599,383,377
1041,903,1041,975,972,964,899,831,964,770,504,515,618,665,420,385
1032,927,1050,954,968,968,911,837,930,756,495,537,622,638,439,392
1037,917,1035,940,950,935,906,860,883,755,479,547,619,591,430,384
1115,966,1065,978,998,985,877,879,946,825,503,555,661,632,483,392
1125,943,1016,933,1008,952,879,911,894,751,473,573,640,564,470,405
1209,1020,1066,961,1019,965,846,907,967,779,489,543,656,583,457,397
1238,1013,1118,1005,1061,1052,902,976,1001,851,467,584,712,617,502,411
1115,950,1041,909,989,976,838,818,923,715,454,527,629,537,422,374
1141,933,1096,937,1012,1068,818,817,962,832,456,514,679,519,435,390
1165,911,1119,935,998,1059,805,819,930,899,481,500,659,510,418,383
1118,909,1080,913,982,1019,789,797,879,812,466,488,639,478,402,373
1095,909,1071,943,971,1026,762,756,872,809,479,479,620,505,389,343
1096,916,1076,932,1000,1049,799,775,873,841,471,499,624,539,385,331
1105,956,1017,945,978,996,811,747,873,772,469,494,577,543,359,322
1140,943,1046,934,1016,1043,876,780,852,737,472,536,576,545,374,339
1089,913,992,899,1000,984,883,768,827,672,451,526,573,517,372,344
1022,931,948,899,930,935,832,705,782,632,437,481,550,507,356,332
1029,929,954,898,928,928,834,711,774,630,459,465,551,527,353,343
1037,943,1021,935,979,1006,913,813,794,702,466,480,609,548,397,388
1023,917,970,907,937,934,906,763,765,632,470,480,572,538,369,377
1027,922,996,907,936,910,888,755,769,599,480,473,553,525,359,369
1067,930,1025,934,972,936,900,814,810,620,509,481,563,559,372,374
1120,913,1073,943,1006,952,930,876,826,643,509,499,566,582,395,383
1067,880,1030,883,965,890,896,811,780,580,490,493,525,557,375,351
1074,900,1007,930,960,877,828,803,815,574,498,488,539,574,373,337
1127,966,1069,954,1008,962,898,898,894,651,510,546,582,619,423,395
1129,917,1026,927,1016,941,918,897,876,629,486,564,568,612,415,394
1121,925,1011,925,976,933,937,857,908,716,494,539,645,544,424,419
1084,925,990,911,972,934,911,868,893,733,500,514,659,534,424,402
1077,959,1036,911,998,987,927,881,895,823,510,519,697,546,438,418
1073,965,1053,918,1014,991,955,876,902,820,510,523,677,576,436,401
1045,944,1049,903,986,917,931,848,876,725,502,519,609,540,399,387
1052,936,1060,902,1011,922,911,870,891,711,506,533,593,546,399,401
1088,940,1091,937,1016,956,904,901,931,777,523,546,615,580,406,405
1076,948,1066,923,1004,936,902,876,953,751,533,548,589,587,394,395
1063,933,1060,914,989,928,922,897,930,689,524,557,578,562,383,400
1086,918,1057,916,994,929,926,902,929,674,519,551,586,574,382,397
1094,943,1060,927,986,931,938,892,940,690,520,554,597,587,380,397
1081,928,1040,920,969,952,966,889,930,674,512,563,589,582,381,404
1084,928,1064,922,986,980,954,890,942,687,502,562,605,577,383,410
1057,910,1037,912,966,972,932,849,933,679,489,555,614,576,383,391
1051,910,1017,909,946,964,889,820,928,677,483,540,605,555,369,376
1044,922,1035,911,958,974,903,821,945,707,486,544,621,545,379,380
1073,924,1051,927,971,995,912,843,956,747,466,559,662,544,398,384
1075,897,998,949,940,941,891,790,954,736,460,527,631,529,377,359
1041,880,971,939,944,909,888,812,953,698,469,526,630,522,375,356
1012,868,965,937,965,923,892,845,914,714,457,544,650,514,386,371
1024,883,966,955,955,924,886,843,920,748,463,523,643,524,382,366
1020,892,971,968,943,927,887,842,913,756,461,524,644,528,383,373
1031,895,998,981,975,952,908,872,910,807,462,534,669,547,403,391
1031,916,985,996,964,930,895,848,915,802,470,518,653,548,394,382
1027,920,1014,990,986,961,907,883,914,805,465,533,672,548,404,391
1060,950,1015,988,976,947,910,855,917,823,469,527,681,551,402,389
1053,940,1023,968,987,954,921,867,908,798,464,528,674,545,403,389
1050,936,1020,953,983,941,918,867,903,802,463,521,677,530,401,383
1056,945,1035,951,979,940,922,870,903,805,465,517,664,532,396,376
1063,938,1040,965,991,945,953,894,911,822,463,520,674,519,399,380
1052,941,1011,962,975,912,939,872,894,776,454,518,656,500,386,356
1094,975,1030,971,994,942,940,881,925,808,464,517,672,522,398,360
1076,955,1003,959,982,918,945,867,910,765,467,519,649,500,387,355
1103,954,1013,954,1001,926,962,879,907,788,466,524,652,503,398,360
1087,958,1003,956,990,912,948,855,904,784,464,511,636,502,388,355
1104,980,1019,978,994,923,941,866,938,795,478,512,638,518,389,350
1095,958,1021,972,1014,927,966,900,915,785,466,528,645,507,401,363
1114,977,1035,993,1011,922,937,872,947,793,477,513,639,518,396,350
1115,987,1039,999,1021,929,959,897,956,796,481,523,646,525,402,362
1130,983,1047,998,1035,933,971,901,947,795,478,525,642,520,411,369
1127,982,1034,990,1029,925,952,887,939,794,479,517,639,524,405,358
1136,977,1053,1006,1039,943,939,901,945,805,481,525,648,532,410,360
1151,991,1060,1018,1028,946,938,892,969,797,480,521,644,536,408,361
1153,994,1059,1018,1035,936,948,884,962,796,478,522,636,535,408,362
1154,996,1056,1020,1048,945,946,902,969,792,480,527,643,536,407,367
1149,997,1053,1023,1045,955,951,923,974,795,479,523,646,535,411,368
1150,995,1059,1030,1044,963,951,922,983,798,484,524,649,544,409,366
1146,992,1051,1030,1039,958,955,915,979,782,487,524,639,539,409,365
1150,995,1061,1043,1048,967,963,928,989,791,488,529,645,545,415,367
1155,984,1071,1048,1061,976,968,931,998,807,486,531,649,551,416,370
1152,987,1067,1041,1054,960,957,924,997,794,485,527,640,544,412,366
1157,980,1069,1041,1060,966,958,940,993,791,483,533,645,542,416,372
1171,982,1071,1048,1064,974,958,938,1004,811,483,532,652,549,418,369
1167,979,1067,1044,1056,968,956,929,1002,799,487,531,643,546,417,367
1168,979,1072,1047,1058,974,969,942,1006,808,486,537,647,554,426,370
1170,982,1068,1050,1053,973,962,934,1010,802,489,533,644,552,422,370
1165,977,1067,1048,1053,973,970,941,1004,799,486,538,647,547,423,369
1163,978,1071,1052,1051,975,970,945,1003,806,484,537,648,547,422,371
1162,983,1071,1053,1052,975,968,949,1006,808,486,538,652,553,422,368
1154,977,1069,1053,1042,974,963,939,1006,801,486,535,647,550,420,370
1156,978,1070,1059,1045,981,970,949,1006,807,484,537,651,550,423,369
1153,977,1068,1058,1044,978,966,948,1007,803,485,537,652,550,420,368
1152,975,1074,1065,1044,983,970,952,1016,810,486,535,652,553,422,369
1152,978,1073,1066,1049,984,973,951,1018,808,486,534,654,552,426,369
1150,973,1071,1066,1047,980,968,952,1017,804,486,536,653,556,423,369
1153,975,1072,1066,1046,981,968,950,1015,806,484,534,650,548,426,369
1152,974,1071,1064,1045,982,965,945,1016,808,484,533,649,541,424,363
1155,971,1071,1063,1046,983,956,948,1015,812,481,533,653,539,422,363
1150,965,1066,1059,1042,983,950,937,1010,805,479,529,648,532,420,361
1149,965,1065,1058,1040,980,949,927,1007,803,478,525,646,532,417,358
448,483,478,442,448,446,303,277,398,288,261,196,242,198,142,92
918,818,786,786,674,725,437,439,745,559,400,298,450,351,239,157
1007,792,918,802,934,871,767,755,770,717,382,462,591,391,352,293
918,756,820,736,819,776,664,630,706,591,368,418,498,332,287,242
929,740,839,733,848,793,664,643,704,609,360,420,515,335,293,252
929,760,829,745,813,778,631,611,716,600,369,402,500,340,281,234
920,743,822,729,832,781,663,632,701,597,361,415,499,332,288,249
931,748,832,737,832,786,646,626,708,607,364,407,503,336,286,244
920,748,818,730,814,773,640,616,700,587,361,408,493,329,278,235
924,745,828,732,828,781,648,628,708,600,362,409,501,335,287,242
924,744,825,733,823,779,643,624,705,596,360,409,501,333,283,242
920,742,820,728,820,776,645,619,698,590,359,409,496,327,283,237
920,741,820,728,816,772,638,618,698,591,361,404,495,328,281,238
913,736,817,723,816,773,639,618,695,591,356,410,493,327,283,241
907,730,811,714,807,766,630,605,684,582,354,404,489,323,275,235
896,722,802,704,799,761,626,601,677,577,351,400,482,318,272,233
880,705,795,673,784,754,610,588,664,569,344,393,474,308,270,226
855,689,775,641,765,738,586,569,638,553,333,385,459,292,259,218
840,680,760,628,743,721,562,542,629,536,328,373,448,288,250,210
819,669,751,608,737,714,554,531,617,531,322,367,442,282,251,209
780,647,725,571,712,686,530,504,587,500,309,359,422,268,242,200
761,640,703,554,671,664,508,469,570,482,303,339,405,260,231,179
752,625,695,541,666,664,500,455,554,476,299,332,392,253,227,178
715,589,658,506,636,632,475,428,495,431,286,316,356,237,214,159
702,582,642,502,601,608,442,400,479,404,278,288,333,234,204,144
718,616,657,527,605,625,446,399,515,424,289,287,344,241,205,147
729,618,670,534,641,646,473,431,523,452,287,313,376,244,213,155
684,586,642,502,614,611,460,405,476,414,274,300,341,233,204,144
638,549,621,474,581,578,436,374,428,375,265,281,319,224,197,137
652,580,622,498,571,586,418,365,460,377,275,263,318,229,190,133
665,593,630,515,600,605,449,395,477,402,277,284,340,235,198,142
662,589,630,510,607,608,449,397,484,396,276,289,341,236,197,144
645,563,616,483,593,595,450,393,453,380,272,288,329,232,193,141
607,537,600,467,558,566,433,370,411,344,260,274,304,218,181,127
589,531,580,457,540,543,407,346,401,326,258,250,286,212,170,118
648,611,609,507,561,584,421,358,483,359,280,261,319,230,184,124
720,669,681,588,646,675,495,436,585,446,306,320,414,269,219,164
733,638,699,560,683,708,522,497,579,498,291,374,454,269,238,187
655,576,639,485,618,637,468,425,493,408,267,335,400,234,213,161
583,513,575,447,547,549,402,355,384,318,239,276,302,201,178,125
542,476,545,425,509,495,364,323,360,285,232,238,266,189,149,102
549,499,546,435,501,488,358,313,374,285,237,227,263,191,147,102
571,518,557,442,517,502,363,328,388,287,243,245,271,201,154,103
604,549,583,473,533,549,386,348,464,316,262,262,300,214,173,115
679,597,642,530,591,631,435,413,562,391,288,310,367,248,198,146
686,593,651,533,622,650,478,447,573,385,291,342,384,253,213,167
643,551,626,482,601,617,487,428,493,342,275,341,340,235,202,155
613,530,597,460,568,562,445,380,440,311,260,293,301,221,180,131
599,517,588,450,547,530,415,362,417,293,257,270,282,214,166,128
556,466,545,422,517,477,392,335,359,269,236,252,248,200,149,117
464,400,491,391,479,446,371,304,312,243,206,227,216,180,130,101
397,384,410,365,414,379,311,264,292,228,200,197,190,167,115,86
521,482,492,414,467,425,323,288,345,246,248,202,212,189,120,87
692,643,618,523,549,542,395,362,560,313,326,253,286,260,164,118
870,731,874,626,770,814,529,580,718,586,371,401,460,349,264,235
723,605,735,492,717,716,547,571,541,454,293,416,403,257,244,228
584,492,570,412,540,502,387,371,351,280,233,276,253,189,158,120
565,506,547,413,484,446,331,300,341,257,227,218,222,185,129,93
639,578,588,451,520,498,356,320,403,287,263,226,250,203,146,103
699,639,650,504,582,600,414,375,492,358,296,269,311,237,180,129
696,630,648,496,613,603,458,403,466,354,285,298,324,236,194,142
678,609,623,471,575,555,458,385,402,316,265,278,302,218,183,136
645,580,583,465,530,494,424,333,372,283,260,241,257,206,161,119
741,670,625,552,556,570,465,353,501,325,317,252,298,244,184,128
913,769,792,693,727,752,580,494,675,490,355,359,449,320,264,212
820,616,727,535,756,725,624,545,525,406,279,397,417,265,266,242
553,428,535,370,505,471,419,326,290,248,157,254,229,155,148,109
295,215,325,232,320,300,225,182,169,170,92,133,135,89,81,63
251,302,260,263,232,238,168,135,193,156,122,94,119,93,73,52
655,619,562,475,466,454,257,251,414,256,271,157,220,202,117,72
711,691,605,523,485,506,223,247,458,288,309,165,242,228,133,78
1100,939,1064,840,849,1002,626,571,766,753,427,389,561,481,289,268
761,563,770,460,784,812,707,583,410,446,228,440,429,247,267,293
94,68,153,86,253,214,228,176,75,103,51,161,100,63,67,63
