841,676,969,648,842,808,620,620,551,729,306,604,447,308,270,257
580,424,517,377,551,458,397,345,232,240,147,338,222,167,143,132
298,261,290,207,278,262,186,151,128,143,75,128,113,83,72,59
644,679,516,461,392,377,144,168,324,201,256,108,157,163,86,67
899,785,633,554,542,559,270,295,555,282,328,190,273,245,137,99
1075,951,940,742,1000,814,538,721,674,604,412,402,468,375,301,239
869,698,766,576,984,701,630,659,502,411,289,409,393,282,268,234
626,490,512,382,489,402,431,323,220,197,146,247,198,158,133,116
410,427,386,315,375,321,224,200,179,163,114,133,136,104,83,71
719,714,556,774,435,392,229,224,382,221,316,140,190,209,107,75
1253,794,996,1104,699,868,637,509,574,492,350,455,509,370,250,235
833,572,630,590,586,653,567,439,304,302,222,434,327,208,215,191
596,462,483,387,415,403,325,240,215,193,158,187,170,141,109,89
725,587,549,445,411,437,279,219,359,225,242,163,201,174,110,83
1090,729,761,637,574,671,419,426,598,430,379,353,458,369,221,153
1068,612,821,485,659,705,563,584,513,427,321,432,498,327,243,224
833,563,663,420,521,523,409,421,318,268,257,310,268,211,165,129
766,613,648,508,500,486,389,359,355,264,281,236,238,202,131,105
930,759,965,793,635,710,470,472,567,495,352,323,398,294,203,166
887,879,785,633,659,739,583,533,579,403,328,413,396,281,230,200
763,714,637,521,619,640,547,488,421,317,285,356,321,238,187,170
657,584,539,465,526,541,502,355,340,249,249,246,234,195,138,116
1001,740,641,674,601,736,435,367,584,347,380,267,325,341,184,128
1197,656,836,601,875,1060,629,745,559,496,335,443,474,390,293,251
754,584,630,484,675,591,479,521,367,286,232,325,281,208,178,147
719,635,627,567,613,552,403,358,472,314,263,234,279,221,145,111
806,768,683,684,674,616,513,443,691,366,324,315,353,316,193,142
856,703,677,705,757,664,689,499,725,365,298,378,363,321,213,191
722,613,602,693,675,588,547,440,569,322,254,314,311,226,161,143
700,622,599,587,629,622,413,399,489,322,247,276,323,201,151,110
790,815,673,676,634,729,382,399,596,401,333,285,346,245,189,117
882,805,1013,775,984,992,580,601,683,913,368,401,508,327,304,190
697,604,696,501,943,694,700,518,435,375,219,399,388,216,207,155
664,666,587,487,573,516,444,304,440,295,223,239,261,172,143,91
810,755,681,609,623,602,427,370,599,421,291,271,346,214,168,105
1419,915,971,901,744,862,503,516,709,557,346,339,493,302,215,180
1046,734,845,636,791,907,599,742,591,458,241,390,505,229,288,217
642,669,553,473,537,507,349,324,328,260,169,260,233,147,137,90
771,777,611,644,625,586,308,327,529,362,308,214,265,207,132,77
1046,824,995,848,1077,893,705,554,775,692,384,361,437,390,221,181
837,687,775,702,819,749,782,592,609,470,292,375,341,255,198,170
651,590,626,477,589,563,451,428,294,266,188,270,230,172,135,104
650,790,584,540,484,474,313,248,401,239,258,160,183,166,106,73
1120,1266,881,897,920,1012,594,586,847,716,464,355,465,361,251,207
924,689,811,748,886,884,779,665,571,494,278,392,406,267,239,248
660,522,584,434,543,506,477,400,252,245,152,273,210,151,132,99
587,539,545,446,432,411,258,239,257,206,150,147,163,126,98,72
790,867,791,821,555,650,310,296,599,438,314,190,283,274,150,97
925,988,1183,947,1023,965,837,592,819,849,350,450,491,463,256,262
667,508,628,514,617,570,640,395,290,276,155,322,257,170,159,157
566,455,490,348,399,371,267,207,200,181,95,143,138,108,89,73
859,812,608,574,422,431,191,206,526,258,273,125,209,205,103,73
1312,942,1047,798,1021,1067,575,842,739,866,333,397,661,435,371,294
796,615,720,508,762,671,534,549,424,371,221,400,369,251,236,233
548,419,491,333,444,387,315,295,206,193,115,217,167,132,113,91
796,668,576,632,438,492,216,224,504,264,267,140,205,210,115,80
1575,894,1155,950,882,1530,603,720,816,889,382,509,614,404,374,299
817,538,631,453,771,707,561,570,314,341,171,419,314,197,231,218
280,166,328,157,362,323,255,190,105,147,45,149,116,73,86,67
177,229,155,139,116,135,68,64,94,84,46,47,61,56,49,44
873,725,664,775,471,570,148,203,607,417,316,118,268,264,126,69
1068,782,1134,976,879,1208,639,652,701,991,316,493,603,382,348,290
755,549,665,492,740,895,531,503,465,404,224,439,358,237,232,206
593,489,541,436,472,505,359,280,272,242,157,222,198,151,127,107
908,653,653,677,518,662,310,292,584,345,301,216,305,233,167,104
1253,678,821,655,746,813,455,554,565,522,313,383,398,288,220,185
919,667,824,643,752,777,460,762,498,612,280,370,385,239,217,174
766,628,684,673,584,682,395,416,463,396,247,322,351,212,187,146
840,736,723,694,657,721,398,444,563,444,311,326,393,278,198,174
1034,707,767,776,769,836,657,505,647,450,267,365,470,250,229,291
1072,615,652,589,662,692,448,431,554,336,266,368,418,232,206,220
1024,851,691,695,683,765,408,529,630,373,352,360,449,301,270,194
938,809,771,712,904,812,529,739,596,447,302,440,452,325,321,283
692,573,604,536,744,585,396,476,389,308,235,391,353,254,204,195
1065,714,995,682,923,951,521,547,641,652,338,410,646,399,345,303
848,548,756,484,866,846,554,534,473,550,214,463,474,289,339,283
589,447,496,342,484,428,254,257,274,225,159,245,204,180,144,117
704,704,587,484,548,562,235,295,579,304,248,230,292,259,168,117
1293,1039,865,814,845,954,499,509,1172,583,412,367,570,448,303,302
858,599,760,537,897,845,656,607,527,427,252,467,489,282,300,395
356,187,436,180,437,368,341,265,131,173,55,215,163,90,117,113
229,259,223,166,179,194,86,94,122,106,64,73,83,59,59,59
739,826,612,711,486,570,187,235,678,370,391,147,288,301,133,82
948,770,1118,852,1378,1118,1075,647,974,908,351,569,762,472,340,357
620,440,572,364,611,612,509,399,280,265,137,382,302,156,187,166
277,237,303,169,276,269,173,153,139,130,66,127,104,75,69,66
774,825,655,512,438,533,141,192,552,328,302,121,219,207,107,76
1039,997,968,729,1026,1086,491,604,720,1071,404,377,596,376,270,283
807,586,715,457,827,728,598,537,415,456,215,385,400,221,206,225
439,354,478,252,399,381,261,214,180,193,77,161,139,88,83,75
770,657,662,622,450,564,159,196,513,351,248,114,234,182,103,72
1503,935,1156,993,793,1461,512,504,777,776,345,402,564,303,258,200
820,532,693,420,715,856,590,504,330,365,152,426,353,160,218,182
436,328,464,224,374,395,185,169,173,186,68,130,135,74,82,69
865,663,575,417,385,456,125,157,391,270,202,108,190,126,95,64
1610,799,1396,950,880,989,394,620,713,1091,364,352,622,434,245,202
907,575,1039,559,870,910,600,729,395,567,175,446,490,204,254,247
149,78,235,95,354,293,204,186,59,119,28,154,113,54,74,68
116,149,122,107,73,97,43,47,82,77,43,36,54,48,38,40
962,927,679,739,451,566,113,195,772,358,381,116,278,245,130,74
1751,808,1090,812,1152,1486,766,795,786,882,307,477,903,372,331,435
594,346,536,312,495,493,331,358,198,221,87,284,214,120,140,125
201,197,226,148,204,216,104,117,114,115,55,83,94,61,58,55
644,589,530,437,356,402,99,155,351,234,190,92,177,130,81,57
934,875,1114,879,1028,929,395,519,853,982,387,396,612,505,269,253
841,614,829,499,873,736,670,529,410,400,226,446,383,238,219,261
515,391,505,312,459,405,351,264,210,206,104,224,195,116,116,97
654,679,573,492,444,495,189,208,476,277,260,141,228,180,112,80
1348,954,1082,849,866,1469,524,694,825,991,355,386,710,378,445,250
718,618,644,441,654,736,525,490,416,385,191,372,370,193,252,173
542,425,499,297,433,431,229,225,208,205,101,190,191,104,122,85
739,649,640,452,470,570,189,221,503,315,241,151,279,185,144,80
1244,765,1369,824,928,937,523,469,749,829,332,370,667,466,287,234
847,546,833,469,796,745,612,485,394,362,181,475,397,226,235,227
395,290,449,228,390,364,191,198,174,173,77,161,138,90,89,78
587,629,516,390,354,371,120,151,325,200,173,104,142,120,79,60
1314,1487,891,812,761,925,316,514,927,798,483,305,454,364,265,192
1014,729,760,500,892,936,615,725,511,592,263,433,485,246,320,331
532,431,470,301,403,380,246,228,196,183,103,182,140,94,97,89
707,617,547,439,378,397,165,175,319,201,210,112,145,141,85,71
1401,774,1505,964,872,966,477,569,765,807,368,324,520,440,235,224
818,602,1050,599,809,770,677,626,354,375,189,405,346,214,220,260
246,154,344,142,360,327,231,188,88,133,42,146,110,61,76,88
563,502,462,346,225,298,78,94,225,169,134,58,111,99,57,53
1118,1016,846,867,729,809,329,419,952,552,439,237,383,391,200,143
993,631,817,663,887,890,845,640,595,464,237,424,413,256,271,275
610,490,532,349,467,460,328,271,245,208,116,212,174,113,117,104
886,684,624,504,499,510,212,251,514,262,263,155,216,173,120,88
1473,761,1105,821,850,1028,470,749,673,701,334,348,521,343,285,214
758,547,705,485,699,635,462,669,323,294,159,354,306,168,223,187
556,459,487,360,394,376,244,225,203,180,104,145,135,101,89,92
690,694,580,603,477,503,199,224,479,252,256,133,192,186,110,98
833,824,990,820,1091,872,576,553,692,670,317,375,519,400,250,271
688,546,732,524,861,683,636,494,370,349,177,362,333,218,207,224
612,548,544,497,494,414,337,253,279,207,150,170,164,143,105,106
1020,821,826,1065,659,753,379,362,701,404,329,221,323,271,178,153
1210,749,912,1053,819,1185,658,598,631,458,287,413,425,281,266,335
770,567,616,511,589,648,448,419,314,250,172,293,247,169,171,184
761,673,601,554,474,471,294,269,380,232,230,174,201,169,121,121
1090,902,877,798,735,806,421,539,587,523,361,307,374,265,234,221
910,704,828,652,861,785,519,644,461,518,241,365,381,226,245,280
650,510,555,385,452,445,306,264,209,220,111,208,181,130,131,156
760,675,589,526,410,455,198,198,350,272,236,135,187,176,113,112
991,776,899,806,794,794,522,490,580,707,330,319,395,412,233,268
630,542,544,477,418,456,283,230,298,240,148,201,205,147,122,114
1036,842,778,870,577,875,294,325,669,454,300,246,401,276,208,169
1120,856,850,716,762,1172,539,532,675,551,274,420,502,278,316,301
764,634,613,458,602,731,374,415,476,363,185,336,327,195,205,196
816,779,625,537,567,691,286,326,573,389,233,259,317,220,187,171
1056,894,749,674,835,890,402,509,666,647,263,356,486,298,262,264
872,633,659,506,859,760,407,494,467,455,189,371,413,232,235,274
696,559,555,404,546,532,255,277,309,285,142,232,239,162,161,180
923,787,660,612,646,663,241,295,565,434,267,226,351,277,189,195
1023,750,773,613,1082,835,446,553,581,636,257,385,566,328,273,336
795,549,585,396,651,584,331,356,306,310,143,300,290,192,186,231
794,601,549,411,464,453,204,228,337,261,190,172,217,186,129,130
1155,744,777,685,734,728,319,417,614,530,330,300,424,381,228,207
1135,674,833,577,867,787,560,576,545,568,273,390,475,343,273,280
859,613,645,486,612,576,384,421,409,350,235,297,303,237,192,172
901,695,722,639,601,606,346,401,532,435,312,271,333,289,189,157
1180,738,1164,915,819,840,575,642,624,868,341,401,537,441,282,249
817,595,761,601,694,674,564,542,440,452,249,408,390,254,231,204
765,640,661,668,537,579,366,338,481,360,276,271,323,233,181,135
1042,810,1040,1009,772,947,553,523,682,814,358,418,557,429,296,215
876,660,793,758,736,860,684,546,541,482,267,507,480,303,302,234
771,659,657,652,572,687,448,378,514,343,264,371,372,266,225,158
963,863,811,824,701,974,551,491,693,563,337,414,516,392,310,211
896,727,752,674,709,940,645,529,591,479,279,460,501,330,331,234
862,755,687,655,629,784,433,432,595,409,291,381,413,325,265,189
881,754,710,645,675,837,482,488,604,444,287,406,455,320,295,217
851,734,679,594,635,779,435,455,575,400,275,386,414,293,271,196
871,754,688,624,649,791,425,464,610,428,289,383,434,317,275,207
840,734,667,584,635,763,421,454,576,399,278,381,408,298,264,203
844,700,671,570,642,770,414,453,563,407,267,377,412,294,270,206
805,713,636,558,588,683,360,389,560,358,276,351,365,279,234,179
898,766,701,622,668,782,442,470,643,437,311,379,443,337,280,220
809,665,646,531,626,700,435,443,534,365,267,372,379,281,245,206
850,731,661,591,617,685,385,399,588,379,307,346,371,298,231,187
933,730,706,633,706,766,491,491,636,441,318,391,448,329,282,250
838,662,656,557,653,690,461,456,550,378,279,377,393,291,243,223
819,669,643,557,616,650,411,406,541,361,283,352,368,281,223,195
881,694,675,611,664,703,449,456,590,402,297,365,405,307,243,222
841,665,655,572,641,667,451,440,556,373,280,365,386,287,233,208
799,642,637,545,613,633,419,405,525,350,270,350,364,271,220,193
852,680,661,592,627,654,410,412,568,370,298,346,378,290,223,189
813,642,649,558,632,643,444,433,533,358,276,360,375,279,225,196
810,646,641,556,614,628,418,405,529,349,278,348,367,275,217,186
857,664,663,589,633,655,432,425,550,368,288,353,386,289,225,191
772,611,627,531,609,615,421,405,470,329,257,352,353,261,217,188
815,651,641,583,604,618,399,385,526,336,285,336,361,278,211,178
882,674,668,622,647,661,451,434,556,355,299,356,394,298,224,200
835,634,651,580,648,644,462,440,524,349,276,363,384,278,219,195
837,649,648,606,617,622,428,400,536,346,287,341,373,281,214,180
877,663,665,630,651,646,459,434,550,355,299,361,394,291,223,195
843,636,652,587,648,640,471,439,515,344,282,360,387,280,219,195
853,655,648,613,617,625,432,398,533,339,297,342,373,280,212,180
920,664,680,650,672,673,479,449,556,371,306,362,419,306,230,204
858,639,646,598,636,633,457,422,519,339,288,352,380,279,215,189
895,659,661,629,648,647,450,423,541,354,302,351,395,293,219,190
910,649,669,628,678,665,482,451,535,363,293,369,414,298,230,205
885,661,647,629,636,630,453,410,532,348,302,348,389,290,215,189
889,644,657,622,663,646,483,442,525,352,295,361,404,285,225,200
910,658,669,647,668,660,468,434,540,367,302,351,409,296,222,197
888,646,659,630,661,645,475,434,525,354,293,354,404,285,222,194
902,651,669,648,670,658,475,433,534,365,297,356,414,290,223,191
878,643,655,626,651,640,473,425,522,349,293,353,398,281,220,189
907,658,666,658,668,658,474,435,539,363,306,354,413,295,222,194
880,647,651,637,648,637,478,427,526,345,298,357,403,280,217,188
902,647,665,650,667,655,479,435,534,361,298,354,413,290,224,190
901,649,662,651,652,647,465,420,535,356,300,351,409,290,219,185
893,644,661,641,659,649,472,430,528,355,298,354,414,290,220,188
897,644,665,644,659,650,472,429,533,358,300,353,413,289,222,190
898,648,663,648,662,650,470,429,535,357,303,353,412,290,222,189
892,641,659,637,659,646,473,429,528,352,297,352,413,284,222,188
1284,809,803,814,888,840,654,605,723,569,405,427,638,423,318,311
1293,819,805,817,882,837,645,598,732,571,412,426,639,425,315,307
1294,822,800,815,878,835,646,596,734,567,412,427,635,423,315,308
1287,818,799,812,885,838,652,600,731,564,410,427,638,420,315,307
1296,819,803,814,888,842,652,604,733,569,412,432,642,419,322,313
1304,824,804,818,883,845,648,599,741,575,416,427,641,425,317,310
1304,823,804,816,885,845,650,598,741,576,414,428,646,425,320,312
1303,821,804,815,888,847,653,604,741,578,413,430,647,420,321,311
1308,825,805,814,892,848,650,601,744,580,417,426,650,425,323,311
1315,829,807,817,892,852,654,603,751,586,417,429,653,429,324,314
1318,833,808,820,897,858,660,606,753,591,419,432,656,430,328,318
1318,833,811,820,897,859,660,604,753,591,420,431,658,433,326,313
1323,833,810,821,899,861,659,605,753,594,422,430,659,430,329,317
1325,837,811,824,899,864,660,606,763,594,424,432,662,435,330,318
1327,838,810,824,904,866,666,610,761,600,421,436,665,433,333,320
1331,839,814,827,905,869,667,610,765,602,424,433,666,434,333,321
1339,846,813,828,906,871,668,610,773,605,427,433,671,437,334,322
1339,848,815,830,912,875,672,612,775,608,430,438,676,437,336,326
1346,851,816,833,917,880,672,616,781,615,431,435,681,441,340,325
1352,852,817,835,917,883,676,614,786,620,436,440,683,443,341,327
1356,856,818,838,925,889,677,622,795,629,436,440,688,445,346,331
1362,861,817,840,926,889,679,626,801,634,442,441,692,451,347,334
1361,862,820,840,929,894,681,627,801,640,444,440,698,448,349,334
1370,868,823,847,933,897,685,633,811,643,448,440,705,454,356,338
1372,876,823,850,935,899,690,636,817,647,452,444,706,458,354,340
1374,888,822,862,940,896,701,641,820,633,459,444,703,466,358,340
1381,892,820,866,955,894,727,659,817,619,463,451,702,471,361,350
1392,907,823,875,949,893,729,659,833,618,475,449,699,478,360,347
1400,918,821,882,962,895,748,675,840,614,481,454,705,486,365,357
1403,929,817,888,970,890,761,687,840,608,489,457,706,489,371,362
1401,938,820,896,976,887,779,699,841,597,492,457,702,502,371,367
1402,953,815,907,968,883,779,695,850,592,502,459,691,510,365,364
1400,962,816,912,992,887,816,717,847,581,506,461,697,525,372,374
1376,976,811,908,971,867,817,703,837,560,506,455,663,512,358,361
1398,1000,817,918,1002,887,855,730,855,583,515,461,691,542,378,380
1375,1022,811,916,978,862,858,708,850,559,524,459,665,533,362,368
1391,1025,819,923,1008,879,904,748,856,574,525,471,691,555,387,391
1402,1051,817,923,988,873,885,724,865,578,533,465,678,557,378,378
1397,1082,816,923,985,886,898,731,893,594,540,469,689,555,387,386
1408,1101,822,925,998,920,925,746,914,612,544,475,706,568,400,396
1390,1119,817,931,986,919,951,741,917,615,547,472,693,570,394,391
1370,1120,817,927,996,953,987,748,905,620,537,489,691,575,414,401
1346,1156,822,935,975,983,1001,748,912,635,536,498,695,582,428,399
1302,1176,828,940,980,1024,1068,738,909,642,517,498,688,578,429,391
1259,1221,842,989,968,1093,1073,730,925,678,502,511,689,585,439,378
1222,1249,890,1101,985,1192,1040,748,984,765,492,546,720,613,465,378
1149,1128,904,1080,952,1171,996,749,920,772,458,574,675,574,443,352
1133,1060,963,1140,942,1176,931,743,917,855,453,571,678,561,434,342
1120,988,1035,1161,948,1193,938,773,909,909,442,613,686,552,447,351
1135,960,1116,1181,941,1185,914,770,917,964,438,606,682,557,445,339
1134,912,1146,1145,955,1189,936,801,892,1016,427,620,682,535,449,343
1182,884,1218,1163,965,1172,907,804,895,1049,423,601,687,547,460,337
1242,861,1240,1163,973,1153,886,785,887,1096,422,606,692,557,453,334
1333,855,1306,1181,1027,1166,888,824,875,1115,423,613,716,573,472,343
1399,842,1297,1130,1029,1127,841,789,864,1083,424,588,710,559,451,335
1542,840,1331,1097,1073,1124,839,820,857,1072,428,608,759,581,459,352
1655,832,1246,993,1109,1074,790,808,837,1048,429,558,775,574,435,351
1811,854,1215,966,1193,1066,735,864,865,1063,454,529,891,629,444,381
1764,929,1074,933,1206,1000,713,900,895,987,451,506,888,562,416,407
1704,1068,982,903,1232,989,700,853,883,941,458,491,847,522,406,459
1457,1130,934,866,1277,1023,753,836,911,876,445,501,781,506,441,511
1351,1337,939,910,1083,1168,772,782,1068,910,474,485,702,520,452,459
1234,1096,939,841,987,1323,936,796,1036,858,412,509,663,472,479,449
1250,1162,1046,1042,895,1529,865,713,1064,926,418,476,672,492,486,376
1191,975,1167,1146,900,1544,881,724,939,976,403,575,660,469,464,387
1240,904,1379,1292,864,1321,769,674,937,1062,398,601,678,476,403,370
1265,844,1473,1250,862,1149,836,736,833,1070,386,641,664,471,385,381
1390,829,1593,1255,868,1129,784,779,831,1145,397,576,669,530,375,377
1541,824,1571,1101,923,1074,784,820,807,1075,410,499,691,622,364,378
1651,834,1365,1010,966,1016,775,778,790,1016,441,463,659,654,343,364
1374,1066,1041,1119,1041,1534,818,842,846,700,443,514,602,453,417,422
1275,945,1097,1223,959,1477,737,754,922,694,431,501,520,443,383,380
1283,904,1322,1312,962,1514,709,740,1056,848,434,550,589,491,387,410
1235,884,1401,1131,1027,1257,798,733,1036,910,412,550,655,543,376,408
1033,856,1171,922,1192,1043,869,742,898,888,436,476,703,548,353,393
1002,920,1208,900,1558,1023,967,797,833,999,459,500,835,576,388,450
1079,1038,1176,892,1287,1049,803,747,876,977,472,467,736,482,379,413
1335,1047,1211,910,1198,1268,739,829,890,979,443,482,700,475,448,417
1570,939,1181,913,1034,1429,721,909,817,879,436,481,662,436,464,397
1822,968,1137,1027,963,1527,629,880,932,918,457,464,711,470,390,338
1534,1010,1108,1054,957,1426,691,786,1057,826,445,520,673,448,372,366
1272,954,1077,1095,987,1242,740,753,1274,860,502,515,668,547,389,398
1079,1043,1101,1010,1146,1198,949,770,1140,925,457,528,735,645,401,415
990,954,1196,966,1184,1116,882,761,920,943,449,547,669,571,366,385
1069,914,1444,972,1191,1190,850,844,890,1042,442,743,686,505,429,418
1287,911,1514,910,1061,1182,709,866,886,1053,430,608,688,498,430,400
1630,922,1487,942,1078,1247,721,894,926,1234,457,545,760,537,453,414
1656,955,1098,873,1024,1234,699,886,973,947,502,511,688,498,393,395
1404,1172,1044,877,1025,1320,681,832,1202,983,572,525,924,511,452,467
1270,1185,1007,857,990,1314,734,772,1241,989,492,514,767,499,459,455
1229,1142,1196,958,1045,1403,769,789,1126,1053,491,508,699,523,452,416
1243,953,1385,923,1040,1322,846,835,985,1030,462,710,663,520,446,425
1336,846,1667,936,1081,1310,805,937,980,1061,429,886,732,541,474,459
1393,864,1522,877,963,1145,727,769,915,967,459,582,810,547,404,392
1342,988,1223,828,1181,1121,758,821,949,1101,488,562,1091,560,431,406
1231,1153,1049,839,1069,1110,774,799,1046,1094,520,529,997,501,462,385
1269,1097,1018,857,994,1223,802,947,973,1066,484,519,803,480,554,386
1501,1015,1236,1132,938,1341,809,900,976,1103,473,554,794,520,513,373
1465,925,1334,1187,902,1234,830,795,994,1019,465,687,687,525,414,416
1295,944,1392,1060,981,1129,874,766,1119,1040,475,619,730,675,412,435
1033,915,1194,932,1093,980,968,764,950,933,473,562,727,597,390,406
1107,1109,1295,942,1312,1054,924,876,1028,1187,509,618,843,563,441,412
1283,1096,1205,940,1091,1133,845,1027,928,1059,505,590,753,479,451,387
1590,963,1101,932,1044,1335,729,1222,926,1080,465,550,721,466,396,394
1702,986,1049,1024,999,1315,671,948,969,882,476,586,703,464,365,405
1360,997,1125,1025,1074,1325,848,870,1140,926,482,653,787,566,399,528
1126,1077,1133,1054,1008,1288,869,775,1198,985,463,552,715,540,385,447
1151,928,1320,1129,980,1360,963,820,935,1208,444,653,731,495,427,440
1337,899,1395,1074,990,1136,784,842,874,1282,454,529,690,477,360,370
1623,855,1341,942,1067,1239,801,1190,804,1133,446,557,776,463,398,391
1646,1043,1173,901,1202,1217,747,837,904,994,521,484,876,484,366,367
1503,1204,1129,880,1210,1155,759,817,1124,963,549,503,760,461,392,371
1490,1253,1196,1213,1066,1387,825,826,1109,1005,499,503,715,506,468,365
1248,949,1269,1218,966,1239,796,816,931,934,463,524,656,459,382,358
1260,893,1331,1127,994,1274,837,889,979,1057,460,582,681,585,380,395
1361,951,1284,1012,1118,1102,803,847,955,1052,516,533,782,700,366,371
1276,1101,1175,911,1320,1027,862,891,896,910,561,539,777,609,373,410
1276,1166,1092,905,1283,1215,780,950,873,860,525,520,701,533,413,425
1398,1056,1134,999,1039,1477,794,938,934,846,489,555,716,512,480,408
1283,923,1338,1082,997,1560,826,867,1037,954,492,689,779,551,474,425
1075,962,1151,1069,989,1235,860,836,1006,942,492,601,723,630,405,407
1058,996,1245,952,1235,1069,996,794,946,1043,562,580,819,847,393,405
1043,1093,1176,900,1369,1036,943,912,908,1004,594,637,761,641,413,415
1205,963,1216,883,1147,1199,819,1034,831,839,488,650,736,517,562,422
1398,922,1079,1092,991,1429,734,966,919,845,519,553,822,537,595,425
1392,1047,1123,1094,990,1259,759,834,1199,890,568,575,808,652,480,467
1155,1060,1126,1079,1017,1111,881,802,1181,941,579,561,784,804,443,440
1025,934,1095,871,1246,1030,1199,837,861,933,488,651,751,693,447,442
1141,913,1362,897,1202,1147,819,873,902,1191,456,687,752,685,486,415
1386,823,1352,883,1011,1263,747,992,891,1050,488,623,845,655,624,434
1506,1034,1098,954,1015,1228,736,899,1204,974,578,554,1043,648,528,452
1239,1174,954,866,952,1038,821,803,1174,808,501,549,758,525,527,472
1258,1053,984,938,965,1045,1027,830,857,888,474,539,732,557,578,452
1269,889,1076,1012,946,959,941,774,807,774,471,621,603,525,424,403
1207,858,1255,978,949,1007,947,899,797,805,496,653,690,538,446,425
1340,970,1110,922,1008,940,856,856,864,750,565,522,736,589,403,397
1261,1142,996,907,1082,952,910,967,973,727,530,549,638,515,416,405
1328,1106,1037,1011,1030,1128,829,1087,976,833,494,538,685,539,555,415
1557,1002,1137,1299,983,1197,800,890,1036,830,491,643,691,530,464,423
1319,933,1110,1253,927,1060,821,771,972,808,484,696,654,528,386,440
1206,1078,1001,1025,1037,1144,894,799,1316,821,505,517,654,655,435,426
1030,964,991,1069,1029,1068,1013,795,876,866,468,541,653,530,419,365
1101,917,1295,1251,1157,1160,1018,908,798,1153,454,531,683,517,417,381
1315,924,1185,1051,927,1024,781,920,787,846,486,475,549,520,340,315
1505,941,1081,1002,1108,1174,830,1174,840,827,547,517,731,616,393,376
1304,962,968,928,1155,1044,857,861,841,659,536,502,621,505,370,393
1308,1104,1076,1055,1100,1207,1002,879,989,740,516,503,628,601,469,394
1285,992,1090,1354,990,1340,1063,851,906,688,485,557,605,546,405,362
1363,921,1327,1419,962,1239,1008,1001,883,984,471,634,649,678,413,440
1337,908,1095,1001,940,1060,884,868,858,785,475,528,604,697,365,373
1346,1024,1091,939,1213,1039,937,944,851,849,505,557,694,647,393,426
1322,1059,1127,920,1324,1081,894,1030,801,828,482,531,679,527,527,440
1628,1228,1187,1151,998,1281,830,1025,937,791,491,511,688,518,567,373
1566,1027,1188,1229,963,1370,866,903,927,839,483,580,727,516,455,445
1267,1155,1303,1262,954,1103,866,838,1146,898,477,502,641,676,405,440
1071,1097,1143,1040,1006,1031,992,787,964,921,481,485,615,614,378,372
1046,1033,1156,1017,1073,1030,1139,896,884,1156,521,525,613,539,379,371
1143,987,1176,1010,1188,1095,947,1089,830,1016,499,522,606,524,441,363
1334,980,1218,1151,1067,1227,858,1116,880,796,516,507,662,500,443,347
1342,1121,1013,1048,1047,1220,854,989,1036,789,558,507,651,512,382,408
1114,1300,960,1000,977,1020,954,905,1230,717,545,489,568,550,373,380
1064,1119,1073,1057,1189,1126,1299,980,976,822,494,569,638,527,415,394
1086,962,1098,1201,1081,1030,1067,879,974,1012,485,558,588,544,349,358
1133,931,1294,1082,1010,1115,982,993,909,1109,491,606,634,553,383,357
1447,981,1325,975,1202,1091,1060,1100,1019,960,555,538,765,670,404,357
1369,1139,1111,915,1211,1043,1065,977,1031,953,531,564,741,564,392,335
1303,1085,1116,927,1152,1126,1000,1019,959,1137,532,557,701,536,545,370
1411,1010,1130,1051,1008,1296,891,1034,933,853,473,543,648,522,480,350
1344,1039,1334,1358,999,1484,849,984,1075,905,480,606,697,592,421,407
1256,919,1228,1152,968,1152,875,859,1047,864,460,623,651,664,377,450
1109,978,1277,1024,1087,1078,1058,860,1161,1018,512,546,765,738,412,394
1052,985,1164,953,1093,1020,1112,858,948,1060,528,539,662,548,391,364
1083,1021,1100,951,1086,1017,918,902,896,1092,530,509,618,499,386,340
1232,982,947,1032,930,1109,794,1071,806,850,481,498,603,485,416,340
1501,950,939,1254,936,1237,785,1021,946,749,514,494,619,539,387,360
1418,1010,934,1325,933,1138,862,909,1071,700,518,545,607,583,362,403
1123,1000,963,1037,1038,1012,1037,824,1132,740,504,561,609,700,362,389
1005,962,1000,1012,1107,1007,1134,770,1017,747,526,529,610,649,359,349
997,911,1172,996,1278,1092,1173,909,913,931,519,560,684,649,403,375
1168,894,1149,968,1190,1092,936,949,861,959,505,536,643,635,444,359
1343,961,1014,971,965,1192,799,905,891,985,529,524,646,601,470,350
1364,964,980,1003,1020,1306,839,1109,958,844,549,573,716,579,488,458
1345,1137,945,991,941,1068,838,877,1157,714,562,525,652,571,437,440
1233,1260,996,946,942,1042,976,828,1290,747,545,521,674,714,482,430
1107,1053,1016,982,928,994,1096,804,933,753,501,559,643,578,450,401
1045,908,1123,1056,953,954,989,830,818,626,494,623,593,559,405,397
1112,850,1251,869,960,926,906,934,822,631,491,585,593,610,405,390
1289,819,1135,867,866,887,811,987,788,688,482,538,602,607,407,351
1384,838,942,859,872,909,794,889,761,648,542,515,664,568,387,342
1332,925,963,871,959,943,808,778,803,690,613,527,699,536,380,368
1285,1188,956,887,978,898,813,784,930,670,629,502,636,519,398,360
1252,1239,952,889,871,907,872,810,911,597,545,511,599,500,450,358
1270,1054,944,1005,818,980,864,720,824,597,492,507,625,531,460,351
1265,944,1006,1129,875,864,967,774,814,712,501,547,677,586,423,422
1140,921,1000,1135,862,824,935,766,823,693,475,539,603,600,368,418
1196,988,1111,1102,885,841,944,823,870,684,518,541,608,730,364,377
1219,1049,1070,973,1102,881,1134,839,801,635,522,535,725,744,373,373
1150,1044,1044,908,1127,876,1110,854,735,582,515,529,699,594,371,355
1159,1078,1153,924,1061,890,853,837,826,618,531,538,691,570,431,349
1307,1116,1153,940,1048,886,834,910,881,589,511,551,611,550,476,342
1396,1008,1209,934,1008,967,835,1011,879,540,486,564,610,533,521,360
1562,959,1146,989,968,1029,826,1041,882,540,506,567,656,538,485,377
1589,1015,1084,1028,973,1103,846,940,936,595,546,568,668,543,422,436
1301,1015,1058,1080,955,1036,913,835,992,620,575,520,615,567,396,433
1094,1169,1057,1073,905,928,975,776,1036,639,575,481,583,640,378,391
1059,1322,1066,1023,951,925,1092,797,954,681,561,507,601,690,370,364
1020,1149,1081,1015,984,951,1116,814,847,687,516,606,600,647,373,366
1042,1048,1200,1111,932,949,998,790,838,729,505,542,584,602,358,351
1087,929,1306,1082,953,936,1000,879,822,743,495,584,581,592,369,364
1152,891,1357,1079,1009,923,873,956,821,796,495,620,572,624,383,365
1239,1075,1013,985,1008,1004,924,892,930,681,622,521,745,510,417,455
1152,1044,997,977,967,1031,1022,904,960,680,571,528,684,506,418,439
1153,1086,1021,1048,950,1080,1058,912,976,704,553,535,657,549,413,401
1171,1094,1072,1113,968,1164,1141,944,931,769,514,622,660,579,428,419
1119,1055,1108,1160,949,1181,1143,888,866,799,487,721,656,568,413,413
1155,975,1229,1216,942,1233,1131,865,852,907,472,831,687,587,407,420
1220,898,1285,1156,932,1112,957,836,881,923,463,819,673,567,382,400
1173,868,1341,1044,934,1042,815,841,957,922,457,728,648,598,367,394
1215,862,1393,968,983,1061,836,926,987,906,467,635,687,688,374,393
1290,874,1315,952,1016,1041,843,934,969,839,500,588,693,722,378,373
1315,880,1204,940,1055,1033,868,957,928,795,514,587,726,711,387,372
1340,924,1127,934,1094,1035,869,915,915,810,554,566,762,690,393,378
1320,965,1059,913,1118,1003,895,884,889,802,563,565,742,596,390,388
1355,1054,1035,908,1088,997,896,853,916,892,594,533,742,559,392,389
1362,1155,1009,912,1070,1002,902,845,959,930,608,516,744,544,408,395
1332,1215,986,925,1050,1004,903,836,959,894,607,508,691,528,417,395
1351,1288,1008,936,1051,1036,927,879,992,935,626,514,679,534,451,405
1407,1323,1025,962,1032,1070,952,914,1020,957,612,515,681,550,482,408
1383,1309,1012,958,994,1075,960,891,1001,930,592,509,649,541,479,393
1407,1381,1031,973,967,1146,988,902,990,974,567,509,652,554,509,399
1337,1395,1023,961,932,1163,1011,869,952,848,531,521,629,548,488,389
1268,1238,1027,964,916,1194,1079,827,855,725,476,547,611,515,448,403
1230,1158,1066,1053,900,1180,1039,788,841,690,473,526,602,533,407,397
1209,1090,1128,1144,912,1150,1067,806,856,659,470,568,603,547,393,428
1195,1003,1156,1155,930,1086,1038,826,861,637,456,604,593,537,385,455
1252,977,1200,1217,927,1060,877,801,920,679,461,565,596,577,375,438
1268,966,1238,1230,935,1051,873,804,936,698,461,563,607,604,382,439
1272,953,1233,1212,928,1005,875,810,943,676,460,561,591,593,370,434
1296,944,1271,1220,941,1030,893,839,951,712,458,568,610,608,382,445
1313,942,1297,1232,943,1034,895,839,979,730,457,562,614,625,388,442
1329,936,1306,1234,940,1026,886,834,1004,745,460,557,621,645,385,437
1294,914,1327,1175,929,994,906,862,986,737,451,559,623,635,383,430
1316,909,1339,1144,918,1007,891,869,995,767,457,545,642,678,382,415
1314,899,1320,1071,924,989,901,886,996,786,456,543,643,671,383,397
1327,887,1330,1027,947,991,888,895,1010,818,460,531,687,694,389,391
1317,883,1290,993,960,976,896,913,973,784,464,521,686,683,390,379
1361,894,1312,991,1006,993,898,929,984,832,476,518,751,711,399,379
1365,898,1276,982,1009,976,912,935,965,799,489,524,740,695,401,381
1372,900,1265,982,1031,986,920,956,948,802,489,528,749,698,407,382
1374,905,1262,982,1038,989,924,956,945,809,491,522,758,699,409,383
1390,906,1271,982,1060,995,927,956,942,832,495,523,779,707,413,390
1402,918,1273,988,1066,997,929,954,941,847,504,522,784,713,408,386
1396,918,1242,978,1066,986,944,946,941,826,504,523,774,694,400,384
1424,941,1251,981,1087,988,943,933,940,836,515,523,784,700,408,387
1401,952,1240,975,1102,987,955,941,918,821,513,536,787,680,409,388
1396,963,1208,967,1089,982,944,879,899,826,520,525,774,672,404,381
1411,995,1211,972,1131,994,948,898,891,871,527,527,800,667,415,390
1415,1002,1193,961,1116,980,929,880,880,830,532,520,768,627,407,387
1420,1006,1190,956,1135,983,922,873,874,822,537,523,779,626,413,390
1433,1020,1200,963,1137,987,914,863,881,838,549,521,787,638,414,391
1421,1016,1180,955,1139,985,910,866,868,820,542,523,782,619,414,394
1421,1018,1177,955,1142,988,903,859,874,830,546,524,780,624,412,389
1423,1025,1175,955,1141,986,905,865,873,829,546,522,783,620,413,392
1420,1037,1172,952,1145,988,904,864,874,837,549,519,778,620,414,394
1426,1042,1170,953,1145,985,908,863,872,839,546,522,782,616,414,395
1427,1043,1166,953,1144,985,908,867,871,840,549,518,780,613,413,390
1433,1046,1166,953,1150,985,914,873,872,850,547,521,785,611,419,394
1433,1044,1159,950,1152,982,913,874,866,847,546,521,783,608,419,395
1431,1044,1157,952,1149,981,914,875,866,849,546,521,778,604,414,391
1440,1054,1158,953,1151,982,913,878,868,850,549,524,776,605,421,393
1447,1055,1158,953,1154,983,911,881,868,846,549,520,774,601,421,392
1447,1058,1155,952,1149,983,914,882,864,847,549,521,773,600,418,392
1449,1063,1154,952,1148,982,913,883,863,848,549,519,773,601,420,394
1449,1071,1154,955,1146,979,913,883,865,849,552,520,772,600,418,394
1445,1070,1154,956,1147,981,912,879,861,847,548,519,771,596,419,395
1445,1073,1155,955,1148,980,912,881,864,844,552,517,769,595,420,396
1446,1074,1152,955,1143,980,913,881,861,843,551,515,768,595,419,393
1449,1076,1156,956,1149,980,910,884,862,845,551,517,769,595,419,395
1453,1078,1156,953,1152,985,909,882,862,853,547,517,774,594,424,395
1453,1074,1151,950,1148,983,904,878,861,849,546,513,771,588,421,394
1003,615,839,581,959,808,784,716,548,509,302,462,583,363,332,327
453,259,486,300,476,429,350,290,215,239,130,237,204,161,144,132
496,512,476,411,361,395,196,194,301,241,224,141,200,199,123,99
970,799,813,732,677,691,366,397,621,437,403,273,436,445,227,191
1050,771,993,735,1060,832,654,724,635,570,385,445,642,519,323,334
989,757,885,697,885,742,551,614,604,477,371,402,522,452,274,276
957,718,862,644,899,735,554,620,571,462,347,405,516,425,273,278
945,720,840,645,836,713,504,578,575,448,346,381,492,418,258,260
936,706,831,629,837,711,513,585,562,445,338,386,487,405,260,265
931,707,828,628,818,703,498,566,561,436,337,381,477,404,255,255
916,694,813,613,813,696,496,562,551,429,331,384,473,391,253,250
921,699,813,618,804,696,488,554,554,431,334,375,473,400,254,253
908,689,804,606,797,690,490,551,542,425,328,373,467,389,249,251
890,676,791,592,776,681,477,531,527,414,319,368,453,377,243,243
873,666,773,574,749,669,458,508,513,400,313,355,436,364,235,240
861,650,763,560,737,661,452,499,491,390,305,348,429,358,234,236
818,618,726,522,682,615,428,444,436,355,281,323,392,313,218,219
788,612,698,506,627,582,390,394,406,329,275,291,358,293,203,200
810,633,720,541,634,600,394,398,454,351,289,294,373,316,209,199
820,644,740,561,671,622,423,438,492,375,300,322,405,339,221,216
805,626,738,552,684,619,442,444,459,374,290,336,400,320,223,220
762,600,699,513,624,582,412,401,417,341,280,309,360,305,210,206
746,596,663,518,583,562,395,376,415,327,286,293,334,297,198,173
767,612,679,549,594,576,409,389,442,350,300,300,348,310,204,180
767,597,698,541,612,588,427,412,420,348,283,321,358,306,208,194
665,526,621,472,546,509,392,356,319,287,248,281,299,256,188,172
584,476,564,416,469,427,324,287,265,236,213,220,233,209,141,123
569,488,544,424,453,412,298,273,271,232,222,205,228,208,132,113
679,580,585,511,480,447,327,294,356,259,273,216,254,246,145,120
856,667,695,701,589,607,432,404,506,367,325,304,363,326,208,183
940,667,788,709,672,736,524,493,518,464,313,412,428,343,242,239
775,543,635,516,588,619,476,411,352,325,244,363,342,248,209,191
664,515,543,458,480,440,336,289,289,240,218,226,246,206,145,124
744,559,561,494,492,453,322,289,337,246,246,217,260,226,148,122
829,598,595,527,552,533,381,344,406,279,262,253,305,247,183,149
710,513,556,458,527,472,386,338,297,243,220,259,265,213,167,146
464,380,440,382,437,385,294,263,222,202,167,196,185,170,123,106
395,400,365,374,346,320,218,200,218,185,164,151,161,155,105,93
657,624,537,489,431,405,263,244,330,221,278,170,204,218,122,103
904,809,740,678,689,679,455,446,609,389,392,319,423,319,231,216
858,661,744,540,874,760,504,516,528,413,302,401,544,288,266,279
633,501,544,403,553,491,358,335,296,247,212,292,319,201,168,164
553,445,495,366,439,408,250,244,274,212,202,197,224,168,121,99
667,549,539,436,473,452,279,280,408,243,258,217,268,218,140,105
786,612,603,562,640,590,389,466,568,320,313,324,385,320,196,152
753,559,598,538,683,595,458,544,524,316,277,379,368,293,205,181
604,439,506,407,499,417,350,346,271,216,192,280,229,195,135,130
473,436,428,365,406,354,230,226,232,193,177,165,173,159,104,93
722,711,566,580,460,423,282,263,439,235,300,172,228,228,123,100
1018,1072,817,775,749,802,561,508,664,489,371,377,490,345,270,233
763,711,646,504,661,660,612,477,441,325,272,386,383,240,249,220
547,435,487,374,436,405,339,264,233,197,177,220,185,148,124,105
564,487,483,411,407,385,260,233,253,197,224,152,178,157,109,82
738,673,616,641,506,512,357,285,491,275,362,193,266,238,135,108
985,713,1026,742,867,847,603,568,617,525,369,384,574,346,245,263
688,533,731,475,673,654,546,528,374,361,221,382,387,215,211,201
400,276,412,254,407,362,258,236,147,181,79,191,161,107,101,88
250,321,224,210,171,189,104,95,137,118,89,76,97,79,61,51
780,916,658,627,437,490,221,225,463,251,342,133,217,222,111,77
1105,1153,947,815,854,1033,722,539,966,804,437,393,668,434,285,256
849,647,746,485,731,812,706,515,403,389,248,407,450,237,240,285
476,315,482,257,397,376,302,217,171,180,86,172,155,101,96,82
449,468,389,306,274,305,135,129,209,169,119,90,124,97,67,56
947,854,750,617,522,540,237,298,611,268,365,183,301,268,162,92
1110,1056,1026,764,950,802,547,777,681,524,444,409,485,422,370,243
764,644,735,507,766,609,614,600,346,304,237,402,365,259,251,206
350,246,388,207,395,324,286,234,123,152,72,184,129,88,93,75
435,445,310,284,204,215,109,100,170,123,112,67,87,89,60,51
843,756,609,593,472,486,270,259,562,338,314,172,304,252,148,90
1275,953,826,707,749,799,728,557,848,655,365,414,578,360,335,270
625,507,538,382,501,482,465,348,276,254,166,276,220,179,143,120
426,341,449,244,354,360,200,184,193,188,96,147,139,97,89,70
1047,719,656,616,487,600,209,256,598,416,342,159,281,298,137,75
1211,783,1124,795,860,1058,588,905,689,1001,382,422,584,464,283,258
741,581,777,511,864,772,627,687,491,591,242,451,432,257,238,223
330,192,428,199,416,372,296,252,147,193,65,205,155,93,101,83
181,188,191,146,152,172,87,91,121,120,58,71,81,68,55,49
665,563,546,420,372,472,111,160,447,288,260,104,193,168,93,59
1244,860,1203,799,878,1320,470,670,782,1366,424,373,644,408,378,183
759,604,913,521,1163,918,720,729,521,740,234,474,571,259,303,225
541,389,529,308,485,470,351,266,291,276,122,232,229,133,131,85
357,319,446,221,362,370,159,166,193,202,80,132,145,86,86,56
717,880,665,517,477,630,153,196,572,379,292,125,281,190,123,57
1305,1404,994,751,921,1134,477,614,809,995,511,382,577,354,261,207
935,725,891,632,1150,936,760,666,627,784,297,423,509,271,258,246
579,364,564,309,542,503,437,345,221,228,93,255,224,128,131,96
179,179,206,131,191,197,111,107,106,117,53,79,88,60,56,46
619,626,511,453,351,390,100,138,478,224,272,80,142,138,69,46
1517,1036,1046,1034,1126,1335,761,705,1096,911,432,391,693,455,326,281
870,571,782,539,824,740,723,767,393,415,226,397,364,242,218,194
146,99,217,99,299,242,248,199,69,112,35,139,93,55,62,62
125,166,128,111,85,108,45,52,93,79,47,33,50,46,32,36
714,675,549,469,386,408,104,174,506,248,249,92,185,158,85,51
1927,1105,1224,1030,871,1346,574,670,917,991,373,380,649,418,406,328
920,656,788,541,786,787,601,654,451,431,191,414,407,230,298,261
178,117,260,107,370,302,231,211,76,124,32,187,111,54,90,71
136,162,146,106,106,129,43,54,76,78,38,39,51,41,43,39
862,829,614,647,393,475,90,159,594,326,352,79,208,230,103,50
1414,977,1029,778,1124,1465,744,803,786,1063,373,585,635,390,497,368
676,386,574,311,606,601,630,420,235,283,91,350,278,163,190,166
30,19,33,20,46,35,56,40,11,21,10,47,18,24,29,40
19,31,11,17,10,10,5,9,11,12,11,11,10,21,20,28
686,892,511,595,250,398,25,69,667,292,323,33,169,179,65,35
1726,899,973,884,1246,1616,869,612,1336,908,428,479,859,511,403,393
625,203,562,261,665,586,486,542,183,251,59,386,295,145,186,175
7,-5,1,4,12,-1,28,20,-7,-4,-2,23,8,20,16,29
-4,-9,-15,-7,-15,-25,-5,-2,-17,-18,-7,-10,-12,0,-6,-4
204,374,142,192,15,69,-9,3,199,90,106,-9,26,45,3,2
1525,1518,1232,1151,834,1311,297,451,1133,873,456,262,603,458,277,238
888,648,821,534,1075,1137,620,905,543,550,216,679,597,268,528,428
16,3,38,7,190,105,173,161,-3,20,7,170,50,28,67,73
-12,-11,-19,-10,-17,-26,-14,-5,-22,-25,-6,-1,-13,-5,-1,3
-18,-13,-24,-13,-23,-34,-23,-11,-23,-27,-10,-10,-17,-10,-8,-3
115,290,72,126,-2,34,-22,-6,161,64,87,-7,16,36,5,0
1965,930,1143,871,802,1418,242,413,1321,1102,533,301,1278,752,403,283
1014,547,867,451,906,998,611,736,491,768,216,503,626,326,432,402
7,-8,19,-3,142,57,145,132,-16,16,-3,145,33,21,54,63
-15,-18,-24,-18,-23,-36,-17,-9,-30,-20,-11,-9,-17,-8,-6,-4
-16,-21,-29,-19,-30,-44,-26,-13,-30,-21,-12,-16,-20,-11,-10,-9
179,417,100,195,-10,30,-25,-8,200,77,145,-14,13,42,-3,-6
1120,1070,1241,814,1095,1410,355,684,974,1920,528,353,935,669,405,251
706,517,794,411,1149,863,749,643,468,543,172,514,551,227,281,289
2,-8,17,-17,77,25,116,80,-14,-3,-5,97,11,6,36,47
-14,-18,-17,-27,-20,-33,-16,-11,-25,-24,-12,-12,-18,-3,-9,-5
13,88,4,20,-18,-16,-22,-11,27,-4,22,-15,-11,4,-10,-9
945,891,944,861,682,738,111,245,934,852,474,121,344,530,159,77
1047,632,1199,878,1291,1055,810,635,610,843,246,561,645,340,272,368
248,48,447,86,426,392,316,249,50,155,12,243,135,60,98,99
0,-14,-1,-5,-8,-12,-1,-1,-22,-16,-14,1,-8,3,-7,2
-2,19,-8,4,-21,-22,-17,-11,-12,-15,-1,-13,-12,2,-15,-4
842,762,680,612,367,503,33,105,567,366,319,50,217,190,84,32
1448,772,1772,1123,1242,1492,661,822,716,1557,296,523,876,400,453,345
348,68,488,127,482,440,319,306,86,174,20,336,162,75,126,135
-7,-20,-12,-10,-13,-17,-3,1,-24,-17,-13,6,-14,1,-4,0
-15,-20,-20,-15,-28,-31,-25,-13,-29,-25,-14,-9,-22,-4,-11,-10
290,589,167,348,-3,59,-26,-6,291,103,195,-9,16,74,-4,-9
1154,987,1596,933,1213,1554,503,993,838,1626,388,451,840,396,434,317
644,396,715,349,938,705,607,541,277,355,111,514,372,173,221,239
-6,-12,1,-13,21,-10,63,34,-24,-10,-11,59,-11,2,4,18
-19,-22,-20,-20,-24,-34,-21,-12,-29,-21,-16,-8,-24,-6,-11,-9
89,271,71,95,0,18,-19,-7,96,30,52,-11,8,20,-4,-9
1452,1944,907,876,694,1021,181,347,1323,940,574,212,500,478,247,153
1085,624,748,509,1068,952,726,663,498,490,246,465,460,248,322,431
148,50,291,55,376,325,267,197,45,114,17,153,101,44,74,94
25,54,16,18,12,5,3,6,13,0,13,-1,1,8,1,10
742,739,547,529,374,456,48,115,514,285,286,46,165,197,71,44
1120,1022,1239,899,1117,1308,732,624,934,1124,380,531,570,532,334,307
595,377,559,323,693,586,582,415,228,258,77,367,243,132,173,173
31,21,46,15,81,55,74,55,11,22,2,60,18,18,23,38
423,497,274,302,82,158,11,20,231,137,119,11,51,74,17,10
1695,896,1191,928,885,1449,398,452,736,1036,361,279,595,352,325,224
713,530,655,431,807,768,531,515,302,353,126,403,339,165,247,250
94,53,149,53,293,217,153,150,39,75,13,111,71,29,66,72
190,342,152,179,72,99,15,28,140,76,77,17,34,45,21,21
964,899,825,861,682,711,189,289,955,442,375,180,336,348,173,122
1225,730,1060,893,989,1326,727,682,754,521,272,492,527,330,308,390
571,341,503,283,493,426,329,315,171,169,69,266,152,90,128,147
282,297,271,194,203,224,105,103,126,100,57,72,60,49,39,39
856,1017,642,636,441,537,140,184,618,348,347,110,238,224,123,90
1113,898,927,703,1166,1047,546,644,621,833,355,413,510,346,360,357
590,381,533,287,484,488,384,310,198,243,84,275,192,110,158,180
320,307,284,184,226,238,113,107,127,123,69,75,71,54,50,50
772,672,621,555,418,515,141,177,499,382,236,123,231,186,124,94
1203,686,1209,885,829,978,536,510,687,807,259,374,586,315,261,312
715,480,686,422,556,703,367,332,340,353,122,326,317,167,187,214
635,520,521,333,365,439,156,165,279,221,127,141,180,119,108,96
1028,914,827,693,648,1062,255,321,749,572,296,223,412,302,218,177
958,659,809,504,810,1264,556,528,566,596,181,393,491,250,327,304
611,437,514,284,453,491,240,239,218,238,91,211,193,116,155,151
755,691,596,444,455,542,154,201,483,309,227,151,246,197,158,134
1236,847,790,597,862,867,337,469,680,610,316,361,527,319,273,313
979,629,707,438,801,759,377,483,482,455,219,370,451,252,252,301
605,445,518,303,483,470,232,280,245,247,116,238,232,132,156,153
795,635,603,459,469,530,164,235,503,343,247,165,278,215,151,111
1100,729,997,716,798,887,394,629,650,830,332,370,618,442,271,233
798,563,809,515,771,723,502,634,464,520,218,402,459,254,248,235
680,571,647,503,529,558,276,330,410,349,209,263,301,199,170,136
926,710,952,856,701,773,345,458,600,738,296,368,479,330,247,187
854,631,848,774,727,821,516,511,539,666,246,481,499,296,281,229
822,652,719,740,630,741,396,411,545,477,263,421,429,289,236,180
891,701,768,759,693,870,474,463,610,540,289,445,478,339,283,206
876,718,728,672,681,848,456,471,600,492,279,438,455,339,285,206
868,757,714,627,673,813,418,469,625,475,293,404,428,356,271,205
890,721,728,576,706,839,475,491,621,493,285,401,449,349,282,222
772,642,644,498,608,686,391,404,529,387,253,356,361,276,233,176
898,779,706,617,652,738,393,430,668,472,325,348,411,341,241,184
915,686,724,601,730,804,532,503,623,495,277,388,471,324,281,244
661,507,566,437,557,586,385,370,374,326,188,334,318,214,205,165
720,634,583,513,503,569,296,293,512,350,261,241,317,242,186,130
969,713,725,647,695,756,451,456,648,506,310,361,496,318,258,216
777,584,611,499,609,632,441,409,479,369,233,361,392,239,221,186
735,605,573,500,527,565,326,323,472,331,241,291,342,223,192,145
948,694,680,657,643,698,373,405,608,457,310,336,460,295,229,171
856,619,618,546,638,653,419,425,525,379,256,358,425,249,221,185
863,626,605,553,585,616,352,380,529,363,267,335,406,246,208,157
979,663,655,635,627,674,381,417,575,421,296,346,445,280,220,163
953,621,626,558,624,665,408,435,545,383,271,359,438,260,224,171
960,598,606,506,593,640,364,426,547,370,272,351,431,253,215,160
1078,645,685,587,639,736,380,463,591,457,307,362,498,299,233,171
1045,623,680,554,650,736,418,494,570,437,291,378,494,288,241,181
985,589,640,501,616,692,384,470,537,391,267,366,458,261,228,167
1032,616,652,543,610,700,352,454,563,411,290,348,470,281,222,164
1037,615,661,541,631,715,394,484,564,416,289,368,478,280,233,178
1037,612,660,537,628,722,390,482,560,418,287,369,483,280,234,179
1018,607,652,526,618,707,382,473,554,405,281,369,472,271,228,172
1022,609,652,531,614,708,373,468,556,405,287,362,469,274,227,166
1026,608,654,532,620,711,382,476,556,408,287,363,474,279,231,172
1025,609,653,529,616,711,378,476,558,410,286,364,475,273,230,172
1025,609,651,530,614,707,376,474,555,407,285,360,473,273,228,170
1020,607,648,525,617,708,377,474,552,405,283,362,467,276,228,171
1016,605,651,524,615,708,379,477,554,400,282,362,470,275,230,171
1021,607,651,528,616,710,375,475,557,406,285,362,472,277,231,172
1019,607,647,527,615,708,378,475,558,402,285,361,470,276,232,169
1020,608,649,524,617,710,380,478,555,404,286,364,473,273,231,173
1024,608,651,528,616,709,376,478,559,404,287,361,475,279,230,170
1012,603,646,517,611,704,376,475,551,398,280,360,467,269,226,170
1174,719,689,682,617,730,369,471,659,453,387,359,490,338,232,167
1452,734,853,770,842,936,597,728,763,718,407,470,750,452,351,310
1346,719,776,715,738,835,542,613,697,563,388,434,627,380,287,251
1383,721,803,732,778,875,550,642,726,616,394,443,679,405,310,267
1394,725,813,736,785,881,551,647,732,640,393,446,683,409,310,268
1412,729,824,746,787,893,554,655,746,664,400,448,700,424,314,275
1413,732,823,747,790,894,555,656,746,657,402,451,700,419,313,274
1413,730,821,748,796,899,560,664,748,668,401,456,707,421,318,276
1417,731,825,749,795,897,558,659,747,666,403,453,704,420,317,276
1419,730,824,753,793,899,559,661,751,673,403,461,710,424,316,278
1419,731,825,751,793,897,557,662,751,670,405,453,707,421,317,275
1423,733,828,756,797,899,561,664,754,677,403,459,714,425,319,277
1426,735,829,757,796,900,559,663,761,685,407,457,714,428,319,275
1433,739,830,758,797,903,564,671,762,685,408,459,719,428,322,279
1436,738,834,764,802,905,564,671,767,693,411,459,723,428,326,281
1439,740,835,764,802,908,567,672,770,699,411,457,723,432,326,281
1444,740,838,768,807,912,568,675,778,705,412,459,729,435,326,285
1452,744,840,774,811,917,572,678,784,718,414,459,739,440,333,284
1463,750,845,785,813,921,573,685,796,733,423,463,743,444,334,287
1470,753,850,786,821,929,582,692,802,742,423,471,756,448,340,291
1477,758,852,793,824,930,587,695,808,745,428,471,757,448,343,291
1491,767,856,807,831,936,594,703,818,746,437,470,765,463,347,291
1492,770,855,817,840,933,614,719,818,731,442,478,759,466,352,300
1515,787,859,839,840,932,624,722,832,727,456,478,762,488,351,300
1537,803,861,862,855,931,655,753,844,710,469,484,766,505,361,311
1534,814,854,872,856,923,673,764,846,683,476,485,756,510,359,312
1553,824,856,887,865,925,693,782,855,679,483,491,752,523,364,316
1554,835,841,888,854,916,702,781,851,652,488,491,734,511,358,315
1581,854,857,901,869,928,719,800,875,676,499,495,756,527,368,327
1604,876,865,914,869,927,722,790,902,681,509,494,759,531,371,330
1593,867,856,904,873,929,739,799,902,662,497,501,765,524,374,341
1644,907,870,938,893,958,733,801,965,733,513,498,810,559,388,348
1660,932,871,932,893,972,747,792,988,742,514,498,799,561,398,351
1657,995,872,938,877,979,754,790,1031,752,526,500,797,555,393,349
1651,1002,872,938,902,996,776,801,1067,755,524,503,808,570,409,362
1583,1072,867,938,895,1006,770,781,1078,756,525,497,794,565,417,362
1583,1160,879,957,921,1028,819,793,1134,789,537,505,810,600,442,380
1510,1232,871,950,925,1040,837,780,1124,776,538,502,800,599,435,376
1476,1299,866,964,961,1051,889,781,1147,792,541,511,797,609,453,385
1378,1302,880,958,993,1095,940,779,1136,801,511,520,801,638,480,392
1255,1313,889,987,1005,1075,968,749,1131,826,507,519,787,625,451,365
1146,1195,911,993,1085,1055,1072,762,1053,850,467,571,767,575,461,367
1108,973,1013,1004,1153,1074,1099,773,962,1010,453,603,742,551,456,349
1148,952,1225,1099,1095,1057,1036,764,979,1205,472,576,707,577,424,318
1181,846,1356,974,1097,1010,1043,955,837,1126,436,667,672,500,429,329
1432,855,1599,1058,1046,1095,808,1051,880,1210,459,585,719,596,436,316
1459,824,1485,965,1056,1093,807,1200,817,1000,444,595,703,521,419,330
1681,832,1415,940,1129,1188,730,1219,854,1023,450,553,798,581,430,351
1724,877,1199,923,1169,1225,699,1094,912,1037,467,542,851,586,425,380
1685,970,1080,893,1190,1186,679,982,972,984,476,546,802,542,407,407
1664,1093,1016,889,1159,1162,665,863,1044,923,483,535,764,509,404,426
1362,1165,978,837,1130,1121,776,844,1101,804,466,526,713,495,430,474
1225,1241,989,875,1032,1260,929,794,1147,819,430,497,685,512,475,453
1122,1064,1032,939,993,1313,991,715,1001,790,412,492,646,466,440,392
1177,940,1286,1111,1034,1485,1052,729,947,910,413,590,664,498,441,407
1237,841,1440,1101,853,1201,808,677,882,1003,411,547,637,492,389,357
1429,808,1459,1035,902,1061,759,746,827,1128,409,504,695,558,371,369
1358,809,1168,890,1055,979,766,805,725,1012,401,455,785,534,357,409
1550,1058,1059,917,1127,951,673,713,869,979,538,429,803,549,349,430
1349,1216,978,872,1303,991,751,825,954,829,523,479,668,462,407,476
1283,1220,965,887,1078,1202,666,784,916,750,427,463,606,415,494,430
1318,1061,1019,1138,1026,1460,731,754,921,716,435,472,629,445,452,397
1240,921,1118,1162,962,1416,744,709,957,672,427,519,592,443,374,381
1264,890,1371,1192,980,1372,714,751,1066,782,435,551,609,517,377,414
1577,1033,1121,1069,982,1470,694,839,933,869,493,477,655,462,425,400
1295,1080,1087,976,968,1291,736,787,1057,811,423,533,640,425,378,395
1113,1034,1102,1035,1067,1116,762,709,1185,966,476,489,700,620,386,374
1055,966,1321,942,1207,1113,884,743,968,1179,484,565,718,585,383,382
1208,903,1411,850,1098,1138,724,789,829,902,448,622,623,451,407,378
1815,964,1297,974,1093,1269,676,819,974,1138,488,526,835,529,464,410
1553,1246,1029,934,1022,1202,665,748,1209,932,573,468,668,521,371,403
1207,1223,1021,844,960,1288,706,746,1122,879,477,500,702,494,436,469
1217,1074,1359,1048,1072,1346,756,795,1022,1144,485,502,723,574,467,420
1322,889,1451,983,1098,1218,827,895,1014,1322,470,668,698,630,433,389
1332,832,1364,852,990,1119,781,952,873,942,452,647,722,494,396,389
1340,1069,1181,844,1234,1138,781,853,931,1012,527,535,1097,520,453,427
1326,1145,1046,882,1042,1214,761,826,1087,1085,514,505,885,497,512,381
1342,1041,1111,1052,950,1183,799,926,949,1009,479,493,722,511,488,346
1374,911,1324,1086,919,1185,885,858,934,1008,457,752,682,522,430,448
1160,877,1294,922,1160,1070,1017,808,951,980,458,615,819,640,435,474
1093,1163,1237,939,1186,1003,840,812,1016,1043,541,541,783,531,399,388
1325,1052,1113,888,1113,1144,884,1180,885,999,504,615,705,474,493,407
1625,952,1030,952,1020,1265,742,1224,877,866,452,608,699,450,392,430
1370,1034,1110,1063,1035,1250,766,823,1205,910,500,589,729,619,378,482
1108,1066,1149,1165,962,1212,861,757,1075,989,474,568,680,513,374,430
1160,882,1275,941,1007,1135,1007,908,783,1098,432,695,658,413,384,413
1711,878,1353,975,1114,1288,789,1251,831,1148,451,534,813,490,410,392
1639,1190,1056,940,1124,1165,710,784,977,838,540,456,711,472,334,351
1365,1246,1079,1096,1011,1214,897,819,1135,767,521,502,624,460,389,359
1239,900,1324,1227,981,1481,1088,896,846,945,439,639,640,464,406,381
1346,883,1397,1090,976,1170,806,825,897,1033,475,490,638,671,352,356
1380,1149,1205,959,1136,1047,831,827,928,1085,577,516,785,677,362,361
1338,1214,1095,911,1129,1160,829,887,881,947,520,544,671,525,376,418
1226,972,1125,1120,971,1394,774,834,926,765,494,536,644,514,422,397
1100,908,1278,1095,1008,1364,906,909,1011,919,477,722,747,614,434,442
1029,969,1197,934,1153,1063,897,745,906,983,558,533,768,791,365,375
1167,1140,1238,930,1317,1105,874,952,921,948,580,627,757,626,453,411
1290,918,1064,1078,994,1349,783,999,876,728,492,606,749,498,587,419
1270,1017,1058,993,936,1153,768,796,1121,790,535,538,771,605,440,433
1087,1088,1182,1007,1157,1097,1011,833,1041,1033,545,527,845,866,456,437
1050,909,1209,849,1223,1030,1046,891,866,991,449,718,685,622,438,418
1332,825,1195,874,962,1154,737,915,895,855,514,599,793,601,562,416
1430,1112,1029,956,1051,1231,769,898,1190,931,565,570,1071,634,604,533
1170,1174,976,979,875,1063,875,734,1027,882,492,495,708,591,459,412
1126,839,1155,949,957,920,1009,804,808,932,466,610,622,500,405,425
1175,831,1217,965,985,1079,969,995,782,799,519,612,802,619,458,433
1310,1178,1048,910,1032,1049,783,857,973,774,542,484,807,556,394,400
1309,1139,1007,1122,949,1044,784,948,1031,743,511,489,638,533,446,373
1408,931,1124,1208,958,1138,850,854,961,788,467,776,652,491,442,500
1113,887,1148,980,990,1056,1016,793,890,837,468,583,778,620,393,438
1062,1035,1158,1009,1047,1038,967,763,848,1183,529,527,688,555,351,355
1463,916,1143,1028,1141,1143,870,1179,803,910,501,544,643,560,387,368
1553,837,944,1054,1032,1223,789,1009,814,650,469,571,663,493,360,401
1133,1014,991,1025,990,1156,843,765,1198,750,495,503,633,649,405,400
1045,980,1076,1254,953,1238,1140,777,859,990,485,570,628,557,387,357
1177,870,1184,957,993,1064,933,976,720,915,450,550,601,505,368,353
1564,1034,1043,987,1017,1154,768,967,947,765,574,478,659,625,346,325
1189,975,937,950,1067,941,912,834,863,606,521,498,563,529,360,380
1254,944,1058,1179,1091,1301,1087,884,814,638,468,576,586,561,429,375
1484,914,1386,1325,960,1217,948,938,894,1016,490,580,667,792,400,406
1334,956,998,944,909,949,878,856,850,688,502,518,580,642,341,363
1317,1030,1019,904,1157,1000,879,960,790,752,476,557,624,534,418,424
1591,1152,1123,1177,982,1287,863,1033,921,705,489,509,629,527,529,381
1319,1022,1236,1248,933,1191,904,856,905,711,485,609,652,564,412,463
1074,1089,1221,1034,1050,1021,1014,845,927,835,467,497,607,698,379,399
1065,1038,1193,1014,1011,1014,1062,858,878,1054,536,519,583,545,358,360
1261,980,1088,1046,1064,1058,896,1139,796,746,489,506,530,530,389,341
1374,1090,1076,1170,1041,1212,879,1051,937,710,584,553,625,500,379,370
1063,1254,935,980,971,1047,973,893,1113,679,528,502,541,529,362,399
1071,939,1118,1032,1201,1227,1244,983,872,885,477,583,624,531,386,383
1104,920,1156,1124,931,1019,864,790,956,1024,498,514,564,596,328,321
1293,1051,1157,973,1145,1100,1009,986,956,799,578,526,679,573,362,344
1349,1300,1076,920,1359,1039,1044,1013,1066,828,592,547,700,516,406,359
1330,1096,1062,1020,1042,1050,958,1124,908,896,469,529,679,503,503,337
1102,956,936,1011,1046,1016,1060,862,1108,688,494,566,597,701,357,398
975,917,1034,985,1090,992,1149,757,946,749,526,508,600,649,330,335
1037,857,1104,940,1209,1009,1067,962,823,797,516,540,606,597,392,355
1294,914,939,924,955,1104,829,924,841,775,511,528,594,584,462,348
1342,980,945,1036,997,1278,841,1020,996,725,552,561,660,585,454,450
1228,1208,937,993,898,935,905,811,1160,636,552,509,577,644,408,415
1092,1048,995,970,915,957,1103,834,940,710,511,540,619,652,438,415
1037,890,1094,1060,896,906,984,821,780,861,486,614,579,548,384,385
1207,838,1153,844,881,863,857,946,781,727,489,550,545,647,376,352
1347,815,915,837,806,853,799,967,725,561,509,510,578,620,368,328
1300,939,852,873,904,857,783,779,745,579,561,505,605,502,345,352
1196,1109,906,863,904,854,912,876,800,598,535,521,605,534,394,388
1151,1060,889,1093,819,858,938,794,770,539,480,518,543,511,387,330
1214,910,1036,1284,824,932,997,735,744,690,486,595,595,594,386,400
1092,879,963,1063,815,804,999,778,736,607,480,509,530,674,334,367
1303,975,1031,1012,947,832,962,924,758,643,537,491,646,774,361,350
1194,1008,948,914,1125,810,1056,852,716,602,518,512,642,598,366,350
1203,1090,963,916,1156,851,864,924,793,659,508,512,597,519,395,344
1335,1095,1105,939,1002,946,829,921,844,590,485,535,573,527,488,355
1477,955,1107,998,949,974,844,1013,861,550,507,561,631,548,471,378
1484,969,1037,1014,946,993,871,906,914,583,553,562,624,547,399,428
1078,1029,1000,1049,905,890,975,784,944,581,547,492,553,586,372,396
1020,1168,992,977,915,850,1093,774,875,588,533,481,543,636,360,360
989,1107,1076,1061,997,885,1156,817,826,671,529,587,573,652,356,351
1020,952,1147,1072,1013,868,1107,850,771,699,488,633,543,568,356,349
1103,897,1287,1022,940,845,906,883,787,644,487,557,511,591,351,350
1224,876,1302,937,930,862,857,1007,790,631,487,589,547,595,359,369
1375,859,1078,922,909,911,831,1015,793,588,528,555,621,560,373,376
1490,1022,1031,1018,974,1002,824,914,881,613,606,553,750,541,381,420
1305,1049,991,1003,993,1002,894,874,836,602,645,556,731,495,405,471
1214,1098,998,984,979,957,925,872,858,645,604,521,680,511,397,427
1107,1052,964,1007,928,965,1047,884,897,608,547,511,603,519,380,383
1154,1093,1012,1120,938,1050,1107,924,883,640,518,573,598,570,389,386
1104,1016,1121,1185,942,1139,1195,924,818,749,481,768,625,585,399,407
1141,910,1175,1152,907,1052,1043,840,810,779,465,809,622,545,372,399
1172,872,1291,1085,922,995,872,811,886,818,467,744,618,581,356,389
1175,864,1348,1015,952,992,839,911,953,825,483,631,652,693,358,387
1259,855,1272,941,1080,1028,877,1022,905,770,492,601,707,709,378,386
1354,888,1156,938,1120,1027,847,957,885,691,531,550,714,668,370,360
1342,959,1003,928,1154,989,878,853,836,625,572,532,667,567,361,350
1371,1045,968,927,1202,978,893,828,884,655,590,535,665,543,386,371
1315,1184,949,916,1064,970,887,809,962,712,611,513,652,538,394,366
1275,1217,936,903,1001,965,954,833,979,708,598,512,634,532,430,375
1290,1268,957,941,977,988,991,859,1001,752,605,504,631,546,455,385
1269,1246,947,946,957,1009,1046,898,989,715,572,518,624,543,469,393
1252,1262,969,961,940,1042,1085,895,974,731,543,509,608,547,470,385
1190,1258,999,968,932,1067,1125,914,911,694,507,524,598,553,460,388
1175,1178,1014,987,921,1030,1122,860,813,642,472,539,577,535,425,395
1120,1071,1080,1068,875,1008,1055,751,780,600,460,541,555,531,379,394
1140,1023,1172,1145,893,1016,1014,778,827,616,462,553,571,568,375,420
1156,966,1224,1146,900,997,976,800,846,616,456,573,568,559,374,436
1179,954,1240,1137,909,969,909,805,879,617,457,561,566,581,368,427
1193,931,1254,1147,906,964,898,815,899,622,455,557,563,582,364,427
1200,921,1274,1137,913,958,904,834,903,634,455,556,567,595,371,435
1230,918,1306,1132,922,955,883,855,925,655,457,547,582,617,376,430
1239,908,1322,1120,923,957,898,875,936,677,453,547,599,625,378,425
1242,896,1326,1101,906,947,878,861,939,675,450,534,594,638,369,413
1237,886,1354,1060,907,953,896,880,955,701,447,544,612,657,376,408
1243,879,1369,1029,911,943,881,854,946,703,446,517,605,665,368,382
1288,885,1354,1020,930,945,868,850,965,750,466,508,646,698,372,373
1292,881,1294,997,943,935,877,874,922,732,466,516,655,678,370,370
1311,887,1273,987,968,933,873,890,928,740,480,510,681,694,380,375
1314,892,1253,987,970,927,883,904,920,713,484,516,678,685,376,372
1347,896,1282,1000,1001,950,892,927,930,747,493,520,705,700,388,379
1340,893,1263,991,992,939,892,919,919,719,493,517,693,687,383,372
1341,897,1259,994,997,940,894,922,925,732,497,515,701,697,387,375
1345,899,1262,993,1009,947,902,931,920,743,501,522,710,703,391,377
1331,899,1256,992,1007,943,898,935,914,748,499,521,715,701,392,375
1345,901,1257,993,1012,950,900,943,917,771,501,519,721,701,395,382
1335,905,1247,992,1016,945,904,946,913,764,503,520,718,694,391,379
1373,916,1228,977,1043,946,923,944,898,761,514,520,746,685,395,381
1376,922,1224,977,1046,946,924,944,896,759,514,521,744,686,396,379
1381,928,1224,977,1047,951,928,944,898,761,516,520,749,686,398,378
1376,930,1222,974,1051,950,932,945,896,760,516,521,750,684,400,381
1369,929,1215,972,1044,945,925,937,891,748,512,519,740,679,396,379
1370,930,1217,970,1048,948,921,934,891,746,513,518,743,677,393,376
1375,929,1223,971,1052,949,924,939,895,757,512,515,747,679,397,377
1374,928,1222,968,1053,952,919,935,895,760,511,518,752,679,394,377
1371,927,1220,966,1050,949,917,930,890,750,508,515,743,672,392,374
1371,927,1219,964,1047,947,915,926,887,751,509,513,743,669,387,371
1373,927,1223,967,1047,949,912,929,889,759,508,509,749,671,390,372
1374,926,1224,964,1052,951,911,927,889,757,510,511,753,670,391,374
1355,868,1216,917,1049,946,910,925,857,752,462,508,743,650,385,372
1122,714,955,762,881,805,762,729,701,564,367,445,594,457,311,303
656,440,615,440,581,532,511,444,324,290,212,343,312,233,215,205
545,500,496,427,425,405,279,251,300,243,230,173,199,203,128,104
927,747,791,805,614,671,397,408,734,457,391,264,392,481,225,172
1023,718,1033,803,864,855,752,784,759,632,365,454,599,564,321,320
964,714,888,772,751,760,624,658,719,521,359,410,480,490,274,265
