30,2,15,14,11,3,8,2,0,7,48,85,6,13,4,5
36,2,19,17,10,3,9,4,0,6,51,87,6,14,3,3
37,3,14,17,13,6,11,1,0,10,50,88,8,13,0,4
40,3,16,17,14,7,9,1,0,11,51,92,8,15,4,3
38,3,15,16,12,6,9,2,0,8,49,87,10,14,3,7
37,1,19,18,13,4,9,1,0,7,52,87,6,13,5,2
39,3,16,18,16,6,9,1,0,10,51,87,10,14,6,5
37,3,12,18,11,4,12,3,0,6,51,87,8,11,6,3
39,2,16,15,14,5,10,0,0,10,51,87,11,13,5,3
35,1,16,16,13,6,9,5,0,7,51,87,6,13,5,5
39,3,16,18,12,6,10,0,0,11,52,85,6,7,4,7
44,3,17,19,14,6,10,3,0,8,55,86,7,10,2,4
45,2,19,20,14,6,10,2,0,7,49,89,11,10,2,5
49,3,18,22,17,6,11,0,0,10,50,90,7,12,6,6
48,2,18,24,19,6,13,1,0,6,52,87,10,16,4,4
51,2,20,23,20,6,14,1,0,11,50,86,7,12,3,4
52,5,18,25,19,10,12,4,0,14,51,89,11,13,5,3
49,2,18,26,23,7,11,4,0,15,54,91,10,11,6,2
49,4,19,25,21,13,15,3,0,16,52,92,9,12,5,5
54,7,19,27,23,9,16,2,0,16,58,89,7,12,4,3
50,2,19,28,22,9,16,5,0,13,56,93,11,10,5,2
51,6,18,28,26,9,20,3,0,17,56,88,8,14,4,5
55,3,20,31,26,10,20,2,0,21,55,96,10,12,6,4
51,2,21,32,27,10,20,3,0,17,58,92,11,14,6,4
53,2,22,33,30,9,20,1,0,18,57,93,11,13,4,7
52,2,23,36,29,9,24,5,0,19,61,93,10,11,3,5
52,5,20,34,33,8,23,3,0,19,59,96,10,13,-2,8
53,2,24,35,31,6,28,1,0,23,64,98,6,12,5,2
52,3,23,36,32,11,28,6,0,23,59,96,9,11,7,6
53,2,22,36,36,11,26,3,0,24,57,94,9,12,13,6
50,3,24,38,33,11,26,6,0,20,61,104,11,13,4,3
49,2,22,39,36,11,32,6,0,26,59,101,10,14,4,4
49,1,22,40,36,11,30,4,0,22,60,97,13,13,2,6
49,3,22,40,35,11,29,2,0,26,63,101,9,12,7,5
46,4,24,39,35,11,32,5,0,22,60,97,11,8,13,6
46,5,23,41,36,12,32,6,0,27,61,102,10,14,9,8
43,2,23,42,38,11,35,5,0,23,65,99,11,9,-4,3
44,2,20,41,39,12,33,3,0,28,65,102,9,13,5,4
42,4,22,44,41,11,36,7,0,27,66,102,8,13,4,7
41,2,22,44,40,14,37,4,0,29,65,102,9,9,6,6
42,3,21,42,37,7,38,6,0,29,65,103,16,14,2,6
39,2,19,40,39,11,34,5,0,29,66,100,11,11,6,4
42,3,16,43,38,11,38,7,0,31,69,108,14,11,7,11
39,5,15,43,38,10,41,6,0,36,69,110,10,11,9,8
40,2,17,40,39,12,40,4,0,33,69,108,9,14,6,9
35,2,18,41,38,12,41,7,0,30,67,111,10,16,6,12
37,2,16,38,37,8,42,5,0,31,71,108,7,14,6,11
36,3,15,41,34,9,43,4,0,31,69,109,10,10,10,12
36,2,13,38,35,9,39,7,0,34,69,108,12,13,5,11
32,3,15,36,38,10,44,3,0,28,68,109,11,13,7,12
34,3,14,39,36,12,39,4,0,29,70,108,10,14,9,14
33,3,16,39,34,6,41,4,0,27,69,112,12,10,8,14
35,3,16,39,35,10,43,4,0,29,67,109,12,10,10,14
34,4,16,38,36,11,41,3,0,31,69,110,8,9,6,15
32,2,15,37,38,11,41,5,0,35,68,109,10,14,10,17
31,3,15,38,38,11,42,7,0,32,69,108,13,13,8,16
33,3,13,38,39,11,42,7,0,32,69,109,10,15,9,16
32,5,14,39,40,12,44,6,0,32,67,108,11,13,4,14
33,3,16,37,40,11,43,5,0,36,69,111,10,9,8,19
33,3,14,37,40,11,43,4,0,29,68,109,11,12,9,15
33,3,14,37,40,8,45,5,0,37,64,112,13,11,5,17
30,2,15,39,38,12,44,6,0,39,66,110,9,11,8,18
31,3,14,37,40,13,41,3,0,37,65,109,17,13,7,12
31,3,17,34,40,15,40,4,0,37,63,112,8,11,8,15
32,5,13,37,39,14,44,5,0,36,66,111,14,12,9,16
32,3,15,35,39,15,46,6,0,39,66,112,11,11,7,18
32,3,14,36,40,12,44,6,0,41,66,112,10,11,10,16
33,2,13,35,40,15,44,4,0,38,66,110,11,12,5,13
34,4,14,36,38,14,42,6,0,39,62,109,12,13,8,11
32,4,14,35,41,13,43,6,0,38,65,113,14,13,7,16
32,2,16,36,42,14,42,4,0,40,65,109,13,11,8,14
33,5,15,37,41,16,41,7,0,39,65,111,11,12,8,13
36,4,12,35,41,12,46,5,0,40,66,108,11,10,6,15
31,3,16,36,42,11,42,6,0,41,63,111,11,12,9,14
33,2,13,34,42,15,44,3,0,41,66,114,10,8,9,18
30,5,12,33,38,12,45,7,0,40,64,112,12,11,5,17
29,3,13,31,43,14,43,8,0,40,64,110,15,13,7,18
31,3,12,35,38,13,44,9,0,37,63,110,11,11,5,18
32,2,13,35,40,14,43,5,0,40,64,113,13,12,10,20
27,2,11,34,35,12,42,8,0,39,63,113,11,15,9,19
29,3,9,33,39,11,42,5,0,40,64,112,12,11,5,22
23,2,11,31,40,13,45,7,0,33,61,112,16,2,5,18
27,0,15,35,35,18,44,6,0,53,66,111,18,11,5,24
27,1,7,28,43,15,41,3,0,32,62,118,5,18,14,28
27,2,12,30,38,11,42,6,0,40,64,117,13,11,8,24
28,3,11,32,38,15,42,4,0,37,63,112,11,13,6,19
26,4,12,30,40,16,45,8,0,41,64,117,14,12,8,22
27,3,11,31,39,13,43,6,0,38,60,111,13,15,8,21
23,5,10,32,37,9,40,4,0,37,64,110,17,13,7,25
23,2,7,30,25,15,42,3,0,32,61,110,13,14,-6,23
22,7,21,36,41,11,36,6,0,43,68,116,15,10,8,24
23,1,10,32,39,8,44,9,0,31,63,109,21,9,5,18
27,4,9,28,37,16,42,6,0,40,63,108,15,14,7,19
22,3,17,35,48,13,40,6,0,27,58,99,21,10,17,19
29,0,13,33,42,12,39,5,0,38,62,110,16,11,6,25
30,3,11,25,36,18,45,4,0,57,57,114,16,5,3,29
23,2,13,35,45,15,30,8,0,46,54,98,23,1,18,15
26,3,10,26,40,15,44,4,0,34,61,104,12,7,3,21
27,4,7,30,41,26,44,3,0,47,71,122,22,7,6,21
27,2,12,31,40,15,44,6,0,46,61,115,14,12,7,22
28,3,16,33,46,15,40,5,0,47,63,114,16,12,7,25
32,4,12,34,44,16,41,4,0,45,61,111,15,10,5,20
30,5,14,34,43,16,42,7,0,42,64,113,14,11,6,17
32,4,14,32,43,16,43,9,0,43,62,110,17,8,9,16
30,5,9,33,42,13,44,4,0,49,62,112,18,11,8,19
26,4,10,31,42,14,42,5,0,46,60,111,15,10,5,19
31,2,11,30,42,6,45,2,0,57,60,110,15,15,5,20
25,4,12,33,44,15,45,4,0,44,62,114,6,8,6,21
27,3,12,30,39,16,46,6,0,45,62,113,13,11,7,22
22,3,7,31,38,8,44,6,0,26,61,115,5,15,6,24
23,3,10,31,37,21,41,6,0,39,63,112,15,11,9,23
22,3,11,31,37,14,43,5,0,42,61,111,15,12,6,24
17,7,11,29,28,9,44,10,0,40,66,109,12,10,11,31
24,1,10,28,35,13,47,4,0,31,70,104,23,10,9,26
19,3,1,32,38,17,45,5,0,23,66,110,11,8,5,21
22,6,2,31,38,15,47,10,0,42,54,126,20,10,5,24
25,10,11,31,37,13,43,4,0,44,65,120,11,11,5,21
23,4,11,30,45,17,45,6,0,45,62,106,12,12,15,14
25,3,13,33,39,17,40,6,0,51,63,100,27,20,18,33
22,0,11,30,37,16,39,11,0,34,56,114,11,11,10,25
26,4,12,28,40,15,44,1,0,39,61,113,17,12,8,23
30,2,12,32,45,5,35,8,0,51,62,115,4,12,-1,31
26,4,16,31,30,24,42,5,0,55,70,112,11,8,-2,26
26,4,6,30,36,17,47,6,0,32,65,106,17,11,8,30
25,3,18,31,45,13,50,5,0,26,60,126,13,12,17,28
28,3,12,27,35,14,43,-1,0,54,52,113,21,8,10,17
23,3,10,35,40,22,44,11,0,45,72,111,8,7,3,24
26,3,11,34,40,16,47,4,0,42,64,111,17,11,10,28
27,3,9,26,33,19,37,11,0,33,63,112,22,14,-2,23
27,4,12,30,40,16,47,7,0,45,60,113,14,10,11,23
24,7,8,30,42,16,43,4,0,44,57,111,15,8,8,28
25,3,16,30,42,19,43,6,0,60,63,104,15,13,6,22
25,1,1,25,39,20,43,2,0,36,53,110,15,13,6,26
24,5,10,31,43,17,44,5,0,41,61,102,15,13,7,25
28,5,9,29,40,18,43,6,0,47,60,113,19,14,8,28
20,2,15,30,42,16,34,5,0,37,56,106,13,13,4,21
22,4,7,27,41,13,40,2,0,41,61,113,21,10,10,30
22,4,10,30,38,12,41,6,0,41,61,109,12,10,7,28
19,4,6,26,36,13,44,7,0,41,61,108,15,11,10,27
19,5,10,28,38,15,41,9,0,40,60,113,15,13,11,29
22,3,6,25,36,16,43,10,0,41,60,112,19,10,10,31
19,3,7,25,35,16,46,7,0,38,58,111,15,11,9,25
21,5,10,25,35,13,42,4,0,41,59,110,17,11,8,29
19,4,7,26,34,13,41,5,0,41,62,109,18,11,10,28
19,5,7,24,35,15,42,9,0,41,63,110,17,10,6,29
18,4,3,25,36,13,44,4,0,41,57,111,14,12,6,28
18,3,8,24,36,12,42,6,0,38,60,110,18,10,11,28
19,4,7,23,38,14,39,5,0,41,59,111,19,13,8,29
19,4,8,22,37,14,36,7,0,41,61,112,18,10,10,28
17,5,8,20,34,16,37,3,0,42,60,108,18,11,9,30
23,5,7,24,36,14,39,8,0,41,57,112,18,11,12,33
22,4,7,24,34,14,40,6,0,42,58,111,16,11,9,30
21,5,6,24,38,14,40,6,0,44,56,108,17,9,9,32
22,2,9,23,36,14,39,7,0,45,59,111,20,10,7,28
18,5,9,24,36,14,41,4,0,41,58,112,20,10,10,30
18,4,9,22,35,15,40,6,0,40,58,112,19,11,8,30
21,5,7,22,38,15,40,3,0,42,53,112,17,10,3,30
23,2,4,19,41,20,39,8,0,50,60,113,21,17,8,29
26,9,9,25,43,15,36,7,0,36,56,112,17,12,10,30
23,3,11,22,51,32,39,6,0,34,58,108,36,8,15,25
24,4,11,27,40,6,35,13,0,43,69,111,11,7,11,36
25,8,2,21,50,10,39,0,0,39,63,110,4,10,0,19
23,4,9,23,43,15,37,8,0,43,55,109,25,8,5,25
22,5,15,25,32,26,36,11,0,41,51,110,21,8,11,33
21,5,7,21,41,16,34,6,0,43,60,105,21,8,9,30
19,6,7,23,38,17,35,6,0,44,57,111,21,8,6,28
21,5,7,21,36,16,36,6,0,40,58,109,18,10,8,28
17,4,7,22,36,15,34,8,0,44,57,109,20,12,6,29
16,4,10,21,36,18,35,8,0,38,56,106,23,9,9,26
17,4,5,19,34,16,35,7,0,41,56,103,22,9,7,31
19,3,5,16,34,18,34,9,0,40,56,105,22,11,8,28
17,5,8,18,34,17,35,6,0,43,54,106,21,10,6,28
17,4,7,21,34,18,34,4,0,44,57,109,21,11,4,28
16,5,7,19,32,16,33,9,0,42,54,105,19,10,5,32
16,6,7,20,35,16,35,6,0,43,54,106,23,11,7,28
17,6,6,17,32,18,31,9,0,42,54,109,23,12,7,29
16,3,9,19,35,14,33,6,0,44,52,104,25,12,8,31
18,4,9,18,30,15,31,11,0,40,56,103,21,11,8,27
16,4,7,20,32,15,31,9,0,41,56,103,21,11,10,31
21,7,9,19,35,16,33,8,0,38,55,106,21,12,9,31
16,5,8,19,30,16,32,5,0,40,53,106,19,9,9,32
19,5,8,17,35,19,31,8,0,37,56,106,18,13,9,33
21,4,8,19,35,18,33,6,0,43,53,108,22,12,7,29
23,4,4,19,36,18,34,7,0,58,59,103,22,8,10,32
24,7,7,22,33,15,29,11,0,34,63,102,24,15,9,26
22,5,8,21,39,20,31,4,0,48,55,105,23,10,6,26
24,5,10,23,37,16,30,8,0,44,56,109,21,10,8,27
19,6,8,19,42,17,31,9,0,42,57,109,26,13,5,27
18,4,10,20,35,17,32,7,0,42,56,105,26,8,7,26
18,3,9,20,37,18,34,8,0,46,54,106,24,12,7,27
16,4,7,22,35,18,31,8,0,44,56,105,25,9,8,28
18,6,6,18,39,14,34,7,0,44,53,106,24,14,10,26
15,7,8,20,40,18,31,8,0,43,56,108,25,10,5,29
17,3,8,18,36,17,33,11,0,42,53,108,23,8,10,31
16,4,7,17,36,17,33,10,0,41,55,105,23,9,5,33
16,3,6,17,39,14,31,11,0,43,53,105,22,11,8,28
17,4,8,18,40,16,29,11,0,41,54,108,26,12,11,29
13,5,7,17,38,15,29,10,0,44,51,109,21,11,7,32
17,4,5,15,36,15,31,10,0,44,53,105,27,11,7,29
14,4,7,15,33,14,30,8,0,44,51,106,25,8,7,31
12,3,6,12,32,17,29,13,0,39,54,108,25,10,9,31
13,4,6,13,33,16,28,7,0,41,51,105,21,11,8,32
15,6,7,15,36,17,29,11,0,37,53,109,22,9,6,32
16,4,8,13,30,18,27,6,0,41,50,108,28,15,8,33
12,3,9,13,32,16,27,7,0,44,49,106,31,11,8,30
14,4,6,11,30,16,25,9,0,41,48,110,27,13,6,31
13,7,5,13,30,19,25,8,0,39,51,106,29,13,6,28
15,4,5,12,33,19,26,8,0,40,55,105,26,15,9,28
15,6,7,13,33,17,28,9,0,40,48,105,22,10,11,30
15,6,8,13,34,18,26,7,0,47,46,105,27,13,6,28
16,6,9,13,33,18,25,10,0,41,48,105,28,16,10,29
14,5,7,12,34,16,29,11,0,43,54,108,30,13,5,34
11,5,4,11,35,21,25,7,0,39,52,106,27,9,3,31
11,7,7,15,34,17,28,8,0,55,51,104,29,13,7,34
11,6,10,15,32,17,26,6,0,48,51,105,25,16,10,33
10,4,6,14,30,12,26,10,0,42,52,102,23,14,8,30
13,3,8,15,32,16,25,7,0,50,52,108,23,13,10,34
12,6,7,13,30,14,25,11,0,42,49,106,26,10,7,29
12,5,7,12,30,15,25,9,0,43,52,104,23,14,3,31
12,3,8,12,30,15,24,8,0,40,55,101,25,16,7,32
13,3,5,10,29,11,21,8,0,31,49,94,23,8,3,23
12,3,6,15,28,15,24,8,0,40,52,100,24,11,9,27
13,2,7,16,30,16,27,6,0,41,54,106,19,9,3,30
10,5,7,16,29,13,26,11,0,41,51,105,24,13,5,31
14,5,8,12,29,12,26,9,0,40,52,105,27,12,8,30
12,2,7,15,29,13,27,7,0,43,51,102,21,12,5,29
11,7,5,16,29,12,27,7,0,49,53,102,24,10,8,28
11,2,9,15,26,15,27,9,0,43,52,104,22,11,7,30
10,6,12,13,28,12,25,5,0,45,50,105,25,11,4,28
11,5,6,17,30,15,25,5,0,44,55,104,23,9,6,27
15,5,8,13,25,13,25,7,0,46,54,102,22,15,5,30
12,6,9,15,27,16,29,7,0,41,54,104,22,12,6,26
15,5,8,15,27,12,25,9,0,41,52,102,21,9,9,27
11,5,7,15,26,11,23,7,0,39,54,103,22,10,9,27
8,3,8,19,25,16,25,8,0,39,52,99,25,6,3,24
11,4,7,14,23,12,25,3,0,39,50,100,20,11,3,26
11,7,7,16,25,13,25,7,0,34,53,100,22,11,7,24
12,4,6,15,22,12,23,7,0,38,50,99,19,7,6,24
10,5,9,13,23,9,23,7,0,35,52,98,19,3,9,22
14,4,10,16,22,10,23,5,0,37,51,96,19,9,6,21
12,3,10,17,21,10,23,10,0,39,54,96,19,7,6,26
11,2,6,14,24,11,26,5,0,40,50,96,19,8,5,23
12,5,9,17,22,13,23,6,0,44,51,95,9,7,8,24
12,3,9,15,24,11,25,10,0,40,52,97,18,9,5,21
12,4,11,17,23,11,26,6,0,34,53,96,13,12,3,24
10,6,8,17,24,13,27,7,0,37,49,96,16,13,4,21
11,3,12,19,25,11,24,9,0,39,53,97,10,15,5,22
11,3,8,16,23,11,25,4,0,40,55,97,17,9,5,18
13,5,13,19,25,10,25,2,0,36,54,95,18,4,12,16
13,4,11,18,23,11,27,6,0,41,53,97,16,12,6,18
12,5,12,16,26,12,27,8,0,49,53,100,16,11,2,16
15,4,12,18,24,12,25,5,0,38,52,98,16,10,4,18
14,3,11,18,26,12,26,4,0,43,52,98,17,12,1,18
16,7,11,16,26,12,27,6,0,42,47,97,19,8,9,16
16,2,9,20,26,14,22,6,0,41,53,97,16,7,5,13
16,5,11,20,27,14,27,8,0,43,58,100,17,10,3,16
17,2,14,20,25,11,25,4,0,44,52,97,14,10,7,16
19,5,13,20,27,14,26,7,0,42,50,102,19,9,2,15
18,3,9,26,29,15,32,7,0,49,49,103,12,4,0,15
17,3,10,20,30,17,34,2,0,44,55,98,15,10,4,17
17,6,13,20,31,14,27,6,0,46,62,103,12,5,4,18
22,4,13,20,21,21,29,6,0,38,54,101,28,13,9,12
23,4,15,20,20,17,28,1,0,57,59,95,24,15,-2,11
23,1,17,22,31,10,35,5,0,32,53,101,19,0,7,19
20,4,13,20,31,17,28,6,0,42,51,95,20,9,0,14
16,6,15,25,35,17,28,7,0,57,60,96,17,17,3,11
20,3,13,24,34,15,25,8,0,35,54,97,12,3,6,16
23,4,12,22,33,14,29,3,0,38,54,96,19,9,9,10
24,2,12,22,31,10,24,5,0,48,56,97,12,12,0,11
25,4,13,23,30,14,28,4,0,42,56,97,15,8,2,8
24,3,15,22,30,13,28,5,0,42,57,99,11,10,8,11
23,4,14,21,29,14,27,3,0,44,55,98,12,13,4,7
24,3,15,24,32,16,25,4,0,41,53,97,13,11,3,9
26,4,15,24,32,16,25,4,0,46,54,96,15,7,2,6
27,3,14,24,32,12,29,6,0,48,56,96,16,12,0,10
27,2,15,23,34,12,26,4,0,42,57,96,13,11,3,10
29,4,17,21,33,14,26,3,0,48,53,96,13,10,3,6
29,2,15,22,32,15,27,4,0,43,54,94,16,8,4,6
30,3,16,24,31,11,26,6,0,47,52,98,13,9,6,8
28,2,14,24,34,14,28,3,0,42,55,97,13,9,4,8
28,1,17,25,32,16,28,5,0,44,54,94,20,10,4,9
33,5,16,25,34,15,25,2,0,43,53,97,17,7,6,10
32,2,14,25,31,16,26,3,0,38,54,96,13,10,0,7
32,3,15,25,32,15,25,6,0,41,52,94,15,9,4,6
34,3,17,25,31,13,25,4,0,38,56,93,13,12,4,5
32,4,17,23,31,14,25,6,0,39,56,97,15,8,2,8
30,3,20,22,30,11,24,5,0,41,55,92,14,10,4,8
34,2,17,23,30,13,24,4,0,41,54,93,11,9,5,8
32,3,15,25,30,13,25,1,0,42,56,94,17,12,6,5
34,3,13,23,29,11,22,3,0,35,52,92,14,8,4,7
31,2,13,22,29,15,22,-1,0,41,51,95,12,9,0,10
36,3,18,22,28,12,20,3,0,36,51,92,11,9,2,4
32,2,17,23,29,12,24,5,0,36,50,94,13,8,-1,6
35,3,18,23,25,11,20,3,0,34,53,90,13,6,2,8
36,3,15,23,29,16,22,5,0,34,55,93,13,7,7,6
35,3,17,24,29,14,20,4,0,39,54,95,13,7,2,6
34,4,17,20,27,15,20,4,0,38,51,94,8,6,3,6
37,3,17,24,26,11,20,2,0,38,55,93,13,8,1,8
37,4,17,23,26,16,23,4,0,33,55,93,10,10,3,8
34,3,18,23,27,13,20,4,0,35,51,92,11,10,0,6
36,1,15,24,28,14,22,4,0,33,51,92,18,7,2,7
38,2,17,23,25,13,21,5,0,33,51,92,11,11,3,6
37,3,18,23,28,15,18,2,0,31,54,93,6,7,1,6
40,2,17,22,26,11,18,5,0,33,55,89,12,11,3,5
39,2,17,22,27,15,21,2,0,34,53,90,15,10,1,5
38,3,15,23,25,13,18,4,0,34,57,91,13,12,1,4
38,2,18,20,25,13,20,5,0,39,51,92,11,10,5,4
36,2,17,22,26,11,17,7,0,33,54,92,13,10,4,10
43,1,16,21,23,14,20,6,0,35,53,91,16,15,5,8
39,2,17,22,25,13,19,4,0,33,53,94,11,10,7,4
40,4,16,19,25,12,17,1,0,30,54,90,17,6,8,6
40,1,19,21,24,11,18,2,0,30,53,93,9,9,5,5
39,3,15,22,27,11,21,3,0,27,53,90,11,10,7,5
38,2,16,22,24,11,22,3,0,29,54,91,12,8,3,4
40,2,14,26,24,12,16,2,0,17,55,92,14,8,6,6
37,2,16,24,27,12,20,2,0,32,54,90,11,10,5,5
35,4,13,25,26,10,21,3,0,31,55,92,12,8,1,6
38,3,16,24,26,12,20,5,0,31,54,93,12,9,3,6
37,2,12,23,23,9,20,3,0,27,53,88,10,10,-3,5
37,4,14,24,26,11,20,4,0,28,54,91,11,10,4,6
38,0,13,21,25,11,21,3,0,27,51,91,12,5,-2,7
38,4,16,21,24,10,19,1,0,29,53,87,9,11,1,4
35,1,20,23,25,11,18,4,0,33,50,90,7,9,5,4
37,3,16,22,26,10,19,4,0,31,53,91,8,11,3,6
38,1,20,24,25,11,21,2,0,24,56,92,10,7,4,8
39,2,14,24,23,11,23,3,0,26,58,91,9,10,3,9
38,0,15,21,25,9,20,3,0,34,55,91,12,5,1,6
39,2,16,23,25,11,19,0,0,32,55,92,10,10,4,5
38,3,20,22,24,11,22,2,0,26,53,91,15,10,-1,5
39,2,19,23,24,10,21,5,0,26,57,91,10,8,4,3
41,3,14,22,23,9,22,3,0,37,53,91,8,12,5,9
39,2,18,25,26,12,22,2,0,27,47,94,13,8,8,2
37,2,17,23,23,7,22,4,0,26,51,89,12,13,-1,7
40,2,17,24,21,10,17,2,0,30,54,91,12,12,3,7
40,3,19,21,25,10,18,1,0,22,57,91,11,11,3,3
40,3,16,22,24,7,17,-1,0,29,53,90,11,8,5,6
38,2,17,21,22,10,19,3,0,32,54,90,13,8,8,5
42,2,17,23,24,11,20,2,0,26,49,91,8,8,3,6
40,1,17,21,21,7,22,2,0,26,52,89,5,14,5,5
38,3,16,24,22,9,18,3,0,26,55,91,10,11,5,2
41,1,18,24,25,10,21,1,0,29,53,90,9,6,3,7
39,0,16,25,23,11,17,1,0,25,51,89,9,9,2,5
40,4,17,23,24,10,20,1,0,25,52,90,3,9,4,2
38,2,17,27,22,11,21,1,0,25,54,89,10,10,3,3
37,3,20,24,25,11,21,3,0,23,56,92,12,13,3,7
39,3,20,26,24,9,21,3,0,30,60,89,9,8,4,7
37,1,18,28,23,8,20,1,0,29,54,91,11,8,6,4
37,3,20,26,24,6,23,5,0,25,59,92,11,10,2,5
37,2,15,28,23,13,22,2,0,23,55,92,7,10,-2,4
37,1,17,27,25,9,24,3,0,28,56,92,11,10,2,5
38,4,17,29,24,10,22,6,0,28,53,87,5,10,6,4
37,3,19,27,26,8,23,3,0,27,53,91,8,9,5,3
39,3,13,25,23,11,23,4,0,20,56,94,8,6,5,5
37,3,15,25,26,11,22,5,0,27,53,93,11,8,2,2
37,1,16,27,25,9,23,3,0,28,56,90,12,10,8,4
38,5,17,28,26,11,22,4,0,28,54,93,13,9,7,5
40,3,20,26,25,9,22,5,0,30,57,93,8,9,1,6
41,3,19,26,24,11,20,0,0,23,55,90,10,9,4,6
42,2,15,27,25,11,22,4,0,26,52,91,11,13,4,5
42,4,16,24,25,11,19,6,0,23,55,92,10,11,0,5
41,2,18,24,24,10,21,-2,0,21,51,93,8,11,4,6
42,2,19,25,25,11,20,5,0,26,56,91,7,11,4,1
43,2,18,28,26,9,20,0,0,25,56,87,8,8,5,4
40,3,18,24,20,10,18,3,0,20,54,90,6,7,4,6
43,4,19,28,23,10,17,3,0,24,53,88,9,11,5,6
42,0,18,23,22,11,18,4,0,22,51,90,10,10,1,6
40,2,16,25,21,10,16,1,0,22,50,86,7,9,2,7
44,1,17,24,23,9,17,4,0,19,49,88,12,11,5,5
40,0,19,21,20,9,15,2,0,20,51,88,9,11,5,4
40,2,14,22,21,6,14,-1,0,19,51,89,9,9,2,7
40,2,18,25,21,9,18,1,0,16,52,86,7,10,1,9
41,-1,18,23,19,8,19,1,0,19,53,88,3,9,6,4
44,3,19,23,21,11,17,3,0,15,48,89,12,11,3,8
42,5,17,24,21,9,16,1,0,26,57,90,11,10,3,5
41,2,17,25,21,8,17,3,0,19,52,90,8,8,7,6
42,-2,21,21,23,8,15,2,0,16,55,90,7,12,3,6
39,2,19,24,20,11,17,2,0,18,54,88,6,8,2,4
43,3,20,24,24,11,17,4,0,20,53,89,9,10,3,6
40,1,19,24,21,7,17,0,0,17,52,88,11,11,0,4
41,7,17,23,23,6,17,1,0,21,54,92,11,6,4,6
40,1,19,24,20,7,20,4,0,18,55,89,10,9,4,2
41,3,19,27,23,6,19,1,0,22,54,89,4,11,4,6
40,3,21,22,21,9,21,1,0,21,56,90,7,10,3,5
37,2,17,24,21,7,18,1,0,21,53,91,7,10,5,6
41,2,17,22,20,6,22,2,0,22,53,89,7,8,5,5
40,0,21,25,22,5,22,3,0,17,55,88,10,8,4,6
37,2,21,25,20,6,20,1,0,20,56,89,11,8,0,7
40,0,20,22,22,10,17,3,0,24,57,93,7,10,4,5
41,2,19,25,20,8,20,3,0,21,54,91,8,9,5,6
40,2,19,24,21,9,19,4,0,19,56,89,8,7,4,4
39,2,18,22,20,6,17,1,0,16,54,88,9,10,0,4
40,1,20,23,20,9,20,2,0,20,52,90,7,10,2,2
40,2,18,25,19,9,15,3,0,21,52,89,7,11,2,5
40,2,16,25,19,6,17,1,0,17,51,92,4,10,3,6
37,2,20,25,21,10,20,3,0,15,52,90,11,10,3,2
41,2,20,25,21,9,20,1,0,20,55,89,6,11,4,4
40,0,19,25,20,8,19,2,0,21,54,88,7,11,3,5
39,1,19,27,20,6,19,4,0,21,55,88,10,12,6,4
37,2,20,26,25,8,20,1,0,20,54,94,10,9,2,4
38,1,19,25,24,10,20,4,0,20,52,87,7,10,2,2
37,2,19,25,20,8,19,1,0,21,51,89,9,8,4,3
38,2,19,27,21,9,19,2,0,23,56,91,6,8,3,6
37,2,20,25,19,6,20,3,0,21,54,90,8,9,3,3
36,3,20,28,19,7,21,0,0,25,54,89,9,10,2,6
40,2,17,26,23,8,19,1,0,18,58,93,10,11,1,4
39,3,20,28,21,5,21,1,0,20,52,90,7,9,3,3
35,3,21,25,21,7,21,3,0,21,56,91,5,9,5,4
36,1,19,29,23,9,19,6,0,22,53,90,8,10,4,6
39,1,19,28,23,8,24,4,0,21,54,91,8,12,2,6
35,2,20,30,23,9,19,2,0,21,56,88,11,10,4,5
39,4,20,27,23,8,19,2,0,18,56,91,8,9,3,4
37,2,21,29,25,10,20,2,0,24,53,88,10,7,5,6
37,3,19,27,24,9,20,1,0,23,56,92,8,11,0,1
36,2,20,27,23,7,19,2,0,20,55,91,4,13,4,2
39,0,20,27,23,5,18,1,0,20,53,90,8,11,3,4
37,2,21,25,21,8,19,2,0,17,51,92,8,10,3,2
38,2,19,27,22,7,19,3,0,18,57,87,10,12,3,6
39,2,20,26,21,10,18,1,0,16,52,89,11,6,2,6
40,2,17,27,20,7,15,1,0,18,55,89,12,13,2,3
37,1,22,25,19,7,18,1,0,18,51,88,1,9,-3,4
42,2,24,26,22,8,18,3,0,21,51,88,8,14,-2,3
43,2,23,26,23,8,20,0,0,17,53,86,7,9,5,2
40,2,20,25,20,7,17,2,0,20,54,88,10,10,4,3
40,2,25,25,20,8,15,1,0,23,56,91,13,8,4,-3
43,3,23,24,21,5,16,0,0,25,52,86,9,9,3,6
41,2,21,25,23,7,19,1,0,26,53,85,3,11,1,6
42,1,21,22,19,9,16,2,0,9,56,87,11,9,4,4
39,3,20,23,20,8,14,3,0,9,54,87,10,10,4,7
43,2,22,24,20,8,13,2,0,20,55,89,11,14,2,7
40,1,21,22,18,9,15,3,0,12,53,93,7,10,2,4
43,2,19,21,21,9,15,6,0,21,53,88,7,9,-1,8
44,-1,18,20,18,5,16,2,0,8,56,88,6,8,6,5
43,3,19,21,16,7,14,3,0,17,56,87,8,11,2,4
42,2,21,23,19,5,14,1,0,10,50,87,7,9,9,1
43,3,21,20,18,4,15,0,0,18,50,89,6,8,4,2
42,3,22,22,19,6,15,2,0,18,51,86,5,10,3,0
41,2,21,22,18,5,11,3,0,10,54,82,9,12,-2,5
40,2,19,22,15,7,15,2,0,13,49,91,16,6,2,2
42,1,22,23,16,6,14,0,0,18,55,89,10,9,1,0
42,1,23,21,18,5,14,1,0,12,52,87,9,12,0,2
40,2,22,22,19,5,16,2,0,14,51,82,9,10,6,3
40,1,22,23,17,6,15,4,0,16,51,88,6,8,3,5
41,2,20,23,20,5,14,0,0,19,53,89,8,8,4,5
43,2,22,22,19,8,17,1,0,18,56,91,9,13,5,4
41,1,18,23,18,6,17,3,0,16,54,87,-1,14,2,6
41,3,22,25,17,7,16,4,0,21,51,90,8,5,3,6
41,2,20,23,19,5,14,3,0,20,53,86,9,9,3,6
44,1,19,22,19,8,15,1,0,21,45,88,12,8,5,1
39,2,19,22,19,8,15,1,0,16,57,85,5,8,7,8
42,2,20,23,18,6,15,3,0,24,52,87,1,11,2,5
43,1,18,21,16,4,12,0,0,25,54,91,17,13,3,5
40,2,19,24,19,8,17,2,0,9,53,88,12,12,5,6
37,1,17,20,15,7,15,1,0,16,53,85,7,11,6,3
40,1,22,24,16,5,14,1,0,14,55,87,7,10,3,1
39,2,19,27,18,5,14,2,0,18,51,88,7,9,9,3
41,1,23,23,20,4,18,1,0,12,55,91,6,13,1,3
37,1,18,23,19,5,15,2,0,16,54,88,6,11,5,6
38,1,16,22,19,2,16,0,0,13,52,85,7,11,4,6
37,0,23,24,21,7,17,1,0,17,54,87,7,11,-1,2
40,1,20,26,18,7,15,3,0,9,54,87,9,11,6,4
41,2,20,21,19,6,15,2,0,15,52,89,6,8,3,3
39,4,21,25,20,7,14,3,0,9,55,88,4,6,4,2
41,1,24,24,21,4,16,3,0,19,52,90,7,8,4,6
39,3,21,24,20,8,17,4,0,17,55,86,11,11,4,2
38,1,23,26,19,5,16,4,0,11,54,89,5,10,6,4
38,1,23,27,21,6,15,2,0,17,53,86,16,13,2,7
36,2,27,23,18,6,16,-1,0,15,53,86,6,9,2,5
38,2,24,27,18,6,14,1,0,18,56,91,6,12,4,8
38,2,24,27,20,6,17,3,0,17,56,86,7,13,4,1
42,2,27,28,21,6,13,3,0,9,53,93,13,12,5,8
35,2,23,27,20,4,15,3,0,16,53,91,10,11,5,5
36,3,23,28,19,5,17,0,0,19,52,88,6,7,2,6
37,2,22,30,21,6,16,3,0,18,56,84,14,10,9,5
36,2,25,27,20,8,14,1,0,16,54,89,11,10,0,6
37,2,24,26,20,6,16,4,0,15,54,91,4,10,9,13
38,2,22,26,19,6,15,2,0,22,54,90,11,10,3,3
36,2,24,29,19,5,15,1,0,18,51,90,6,12,3,6
38,2,20,28,20,6,12,2,0,17,58,88,9,12,3,4
38,1,21,27,19,5,16,2,0,18,56,92,6,8,3,2
37,2,22,26,19,5,14,2,0,16,51,87,8,13,1,5
39,4,22,27,17,4,15,0,0,16,53,92,6,13,9,9
40,3,24,28,20,6,14,-3,0,17,58,88,8,13,3,4
40,2,24,26,20,7,15,4,0,19,54,88,6,7,9,7
38,2,25,28,18,5,14,3,0,21,51,93,5,8,5,3
38,3,23,28,19,9,13,3,0,12,54,87,12,9,5,2
36,3,20,27,18,6,15,2,0,15,56,91,16,10,4,3
37,2,24,27,18,4,13,1,0,14,54,90,10,7,1,4
38,3,23,24,18,6,13,2,0,7,54,89,11,11,4,-4
35,2,21,25,15,7,10,-2,0,11,52,88,7,9,5,8
37,3,23,25,17,6,12,6,0,6,53,89,9,11,2,5
37,3,21,25,17,5,11,3,0,13,58,87,-1,11,6,6
37,2,20,24,17,5,13,2,0,16,51,85,8,9,3,3
35,3,21,24,17,6,13,2,0,2,51,82,13,9,1,6
35,2,18,22,17,6,11,1,0,15,50,87,11,10,5,6
37,4,21,23,20,3,12,1,0,19,53,90,5,13,3,10
36,2,21,25,16,4,14,3,0,13,50,87,7,6,2,4
38,3,22,25,17,6,13,2,0,14,56,91,9,8,8,5
34,3,23,22,19,6,12,-3,0,15,52,90,9,8,2,2
37,3,21,24,17,5,10,0,0,13,48,87,10,10,2,3
39,2,23,24,19,4,11,1,0,2,57,84,6,3,-1,4
37,2,21,25,16,7,12,0,0,14,47,80,8,6,1,1
35,1,21,23,15,6,10,2,0,11,52,84,7,11,5,2
35,3,22,25,16,6,10,1,0,18,52,85,3,15,3,2
36,5,21,26,16,8,14,2,0,23,53,84,4,11,5,7
34,2,20,23,16,4,12,2,0,16,51,88,2,13,4,6
34,4,19,24,17,4,11,-2,0,11,56,90,7,9,5,3
33,4,24,24,15,6,10,1,0,19,49,82,3,8,2,3
38,3,22,24,17,5,13,-1,0,9,54,92,9,11,5,-2
34,2,20,20,21,7,14,2,0,15,49,86,6,10,3,3
33,2,20,23,17,6,11,-1,0,8,51,87,8,10,8,3
36,3,22,22,19,6,12,0,0,18,51,87,11,8,7,10
37,3,21,25,18,5,13,1,0,12,52,88,6,12,3,4
36,3,22,26,17,5,14,2,0,17,54,87,7,11,8,3
36,5,20,24,20,5,14,1,0,14,52,86,6,10,5,6
35,3,22,23,16,4,12,1,0,14,48,85,6,10,7,3
36,3,22,26,15,5,11,-2,0,23,47,88,8,6,-1,6
36,4,24,26,19,5,10,1,0,12,52,83,8,12,2,5
38,4,23,26,19,5,15,0,0,11,54,87,8,10,2,3
35,2,21,25,16,4,12,3,0,8,56,85,9,9,3,1
34,4,23,24,14,4,12,-1,0,12,52,88,1,11,4,3
35,4,21,26,15,6,12,1,0,10,54,91,1,15,0,-1
34,4,19,25,16,6,14,0,0,11,52,92,10,10,6,2
31,3,19,24,15,5,12,1,0,12,47,86,12,10,8,10
35,4,21,24,18,7,10,2,0,12,56,86,10,8,5,4
31,4,19,24,13,4,10,1,0,11,55,87,8,12,6,4
32,3,20,23,16,4,8,3,0,12,51,87,5,11,4,1
33,4,22,24,15,4,10,1,0,10,51,90,7,10,2,5
32,3,19,25,14,2,13,2,0,14,51,83,11,10,7,5
31,3,22,24,16,9,12,5,0,17,50,84,7,11,4,1
33,2,18,24,17,6,12,2,0,13,55,86,6,10,6,5
31,3,20,24,16,6,11,1,0,13,52,87,10,10,6,3
32,4,22,26,19,4,13,1,0,12,51,87,8,13,4,7
33,3,23,25,17,4,12,1,0,12,55,89,9,8,2,1
32,4,22,25,16,5,12,3,0,12,51,87,7,12,1,6
32,2,20,25,15,6,13,1,0,13,51,87,4,15,4,5
30,3,20,26,18,4,12,1,0,15,52,87,7,9,2,6
30,3,20,27,16,5,12,2,0,15,51,87,7,11,3,6
32,5,20,27,15,4,11,2,0,7,53,88,-4,9,6,2
29,5,20,28,16,2,13,1,0,15,57,90,11,9,3,6
31,5,22,26,17,3,12,1,0,16,51,87,9,8,6,6
30,3,20,26,17,3,15,2,0,7,52,86,1,14,3,11
32,3,21,28,14,3,10,3,0,7,58,86,8,13,3,4
32,4,21,28,18,4,14,2,0,13,56,88,7,10,4,6
30,3,20,27,21,4,15,2,0,11,51,88,10,11,3,3
33,3,24,30,20,5,15,1,0,13,52,88,4,15,3,5
28,4,22,32,18,5,14,3,0,13,54,87,4,10,2,2
32,4,23,31,19,5,14,1,0,14,57,88,7,11,3,4
28,6,23,28,18,2,13,3,0,13,51,90,6,13,3,3
32,3,24,30,15,7,14,1,0,13,53,84,7,13,3,4
30,5,23,27,18,3,13,-1,0,12,53,88,6,8,5,4
31,5,22,29,16,6,14,5,0,13,52,88,5,10,5,2
33,4,23,29,17,4,11,0,0,11,53,89,6,12,5,3
30,4,21,29,15,6,11,-1,0,6,50,86,8,13,2,5
29,4,21,25,12,4,11,5,0,13,54,87,6,9,6,2
27,5,19,28,14,5,12,0,0,13,56,87,11,8,4,2
27,5,19,27,15,2,14,0,0,14,54,85,6,12,6,4
29,5,21,27,17,3,10,3,0,12,51,86,7,10,5,2
30,3,20,27,13,1,7,0,0,13,53,86,7,11,4,6
31,4,23,28,17,7,10,2,0,9,52,82,9,9,3,4
29,4,23,25,18,8,14,3,0,13,50,87,7,10,4,6
29,4,19,25,13,6,11,1,0,8,50,89,5,10,5,2
28,6,21,26,15,3,11,4,0,12,54,85,10,10,5,0
30,4,22,26,16,5,10,1,0,11,53,88,8,12,6,6
27,4,21,25,14,6,10,2,0,10,52,87,9,11,7,5
32,4,20,23,14,3,12,2,0,7,56,86,7,14,5,4
30,5,23,25,12,3,11,6,0,13,54,88,6,13,3,4
29,4,21,23,15,2,8,1,0,10,53,84,7,14,3,6
27,5,20,23,12,4,9,0,0,10,54,87,7,11,6,1
30,4,18,23,15,6,7,0,0,8,51,87,5,12,6,2
29,5,20,22,10,1,10,4,0,12,50,86,6,10,5,5
30,4,19,22,12,4,10,1,0,9,53,86,10,12,4,5
28,5,20,23,13,3,10,0,0,11,51,88,8,12,4,2
29,4,22,26,14,5,10,1,0,11,50,87,6,10,6,2
30,5,21,24,14,2,9,-1,0,13,51,89,4,12,3,6
30,3,22,22,12,3,10,2,0,11,51,87,6,11,5,6
29,5,20,26,11,5,11,1,0,11,54,88,6,9,2,5
30,4,20,26,16,3,10,2,0,10,52,88,7,13,3,4
28,7,23,25,14,4,9,2,0,10,53,87,7,9,5,3
29,6,22,27,13,5,11,1,0,11,52,86,9,12,3,6
27,3,26,27,14,7,9,3,0,12,54,86,9,10,5,2
28,4,22,29,13,3,9,1,0,11,55,88,6,10,5,4
29,5,21,28,15,2,12,1,0,13,50,89,8,10,1,4
29,5,20,28,13,5,9,2,0,11,54,87,11,12,8,0
27,5,20,26,12,2,8,2,0,11,54,86,7,13,4,7
28,6,19,26,13,4,9,-1,0,11,51,87,11,12,2,3
27,7,20,26,11,4,11,3,0,11,51,86,6,8,3,7
27,4,19,27,14,0,10,3,0,7,52,88,6,13,5,7
29,6,20,28,13,5,11,0,0,9,54,88,7,10,3,2
31,6,22,25,13,5,10,3,0,7,52,89,6,11,5,6
28,6,18,24,13,3,9,2,0,13,52,87,6,13,2,6
30,5,20,26,10,4,8,2,0,5,48,86,6,11,3,2
28,7,22,26,12,5,10,0,0,8,50,87,8,10,2,3
31,6,17,25,12,4,9,1,0,8,51,87,6,12,6,5
27,4,18,25,10,3,7,2,0,11,51,88,9,11,4,5
27,4,20,27,10,4,7,4,0,7,52,86,7,12,3,5
27,7,19,24,10,6,8,2,0,10,51,88,7,12,6,5
29,3,16,23,10,4,9,2,0,7,52,86,6,9,2,-1
30,5,17,23,10,1,8,3,0,9,53,86,7,10,2,2
26,4,18,23,12,2,10,2,0,8,51,88,7,11,6,4
30,4,19,23,12,5,6,3,0,7,53,87,6,9,5,5
28,5,16,21,7,2,8,-1,0,9,55,86,8,9,3,5
26,5,16,23,10,5,10,1,0,11,52,86,8,11,4,6
26,3,19,23,10,5,9,1,0,9,50,87,7,11,5,3
28,5,17,22,9,4,9,0,0,7,51,90,10,10,3,5
23,5,17,23,14,4,9,3,0,8,53,89,9,12,8,5
26,7,16,24,11,3,9,1,0,8,52,87,6,12,3,3
28,4,16,26,8,5,7,4,0,11,52,88,9,12,4,6
27,6,16,22,10,6,11,2,0,7,53,86,5,12,3,6
28,7,18,25,10,3,6,1,0,7,53,86,8,9,3,5
27,7,18,25,10,4,9,-3,0,6,50,88,8,11,6,6
27,6,17,27,10,6,6,3,0,10,52,88,5,12,5,5
28,5,18,27,13,3,10,2,0,8,48,89,6,10,5,2
25,7,19,26,11,3,8,2,0,9,53,87,8,11,5,1
23,7,17,29,9,3,8,2,0,12,54,84,6,4,5,6
26,6,17,31,11,2,9,3,0,10,51,84,6,12,6,6
27,6,16,27,11,3,11,1,0,11,52,91,8,13,8,3
28,6,20,29,12,5,9,1,0,7,51,88,4,11,2,6
25,5,18,30,12,6,11,-1,0,11,51,87,7,12,5,3
26,8,16,28,10,3,10,2,0,9,51,89,6,13,5,4
25,6,16,29,11,4,9,0,0,10,53,85,6,11,2,3
29,7,20,30,9,4,10,2,0,11,53,87,7,12,3,4
27,8,20,27,13,3,11,0,0,9,51,89,7,12,2,4
28,5,19,25,8,5,9,3,0,8,50,87,8,9,4,5
27,7,17,26,10,4,10,0,0,3,52,85,7,11,6,2
28,7,17,25,10,4,8,2,0,3,50,87,6,15,3,4
28,6,17,24,8,2,9,2,0,7,51,87,10,10,3,2
26,3,17,25,10,3,7,1,0,9,51,88,8,13,8,4
24,7,17,21,9,4,9,-1,0,8,51,85,8,8,3,4
23,7,13,23,9,2,7,-1,0,9,53,88,6,10,1,2
27,4,13,23,10,5,8,1,0,7,51,86,8,11,4,4
28,5,18,25,10,4,7,2,0,9,54,87,6,12,5,4
27,6,19,24,8,3,7,1,0,9,50,92,6,12,5,7
25,8,17,22,10,5,8,3,0,9,52,87,7,11,5,5
28,6,17,23,10,3,8,2,0,9,51,84,6,10,5,3
26,7,15,22,10,4,9,1,0,5,52,87,5,10,4,4
27,7,16,21,7,3,9,1,0,11,53,89,6,10,6,4
23,7,15,23,10,3,7,2,0,8,52,88,10,11,3,5
29,7,17,22,9,6,7,3,0,8,49,88,7,14,5,4
30,7,16,23,9,3,5,0,0,10,54,89,6,11,4,5
25,6,15,21,10,4,8,1,0,9,51,86,8,11,5,3
25,7,15,23,8,3,10,2,0,10,50,87,8,11,5,5
24,7,19,23,9,5,7,1,0,7,52,87,6,13,5,3
27,7,18,26,10,2,8,1,0,10,50,87,5,13,5,3
26,6,17,26,10,6,9,3,0,8,54,87,7,10,3,1
27,7,18,23,9,3,8,2,0,7,51,85,10,11,2,4
27,6,18,25,13,5,7,4,0,5,50,88,8,10,6,2
28,6,18,26,9,4,9,2,0,11,53,85,5,7,3,3
27,7,18,24,12,5,12,1,0,10,48,86,6,12,3,7
28,6,19,21,10,4,7,1,0,8,54,87,6,14,3,5
29,7,19,21,10,2,7,-2,0,7,52,85,7,11,4,1
26,6,17,21,8,5,7,1,0,9,51,87,7,11,1,2
25,7,17,22,11,4,7,3,0,12,50,84,6,13,3,6
28,7,19,20,10,1,9,0,0,8,51,85,8,9,4,4
27,5,19,21,9,4,5,0,0,7,48,88,7,9,7,1
28,6,15,21,6,6,8,2,0,7,50,87,6,12,4,5
29,6,15,19,6,3,6,-2,0,9,50,86,8,13,0,4
28,6,17,20,9,7,8,0,0,7,48,86,6,10,6,5
28,6,15,19,8,4,5,3,0,8,54,88,7,12,4,7
26,5,18,20,7,5,7,2,0,5,50,88,9,12,0,5
30,7,14,19,9,1,5,2,0,4,53,87,6,11,4,2
29,7,17,20,9,3,8,3,0,8,50,85,8,14,5,5
25,9,15,18,7,3,7,2,0,7,54,85,8,12,6,4
27,6,15,18,7,4,7,0,0,12,52,89,10,11,3,4
26,8,13,19,7,5,5,2,0,7,51,88,8,12,4,2
29,7,18,23,8,4,7,0,0,6,52,89,10,11,3,4
26,7,16,18,6,5,8,3,0,8,51,90,6,12,3,3
26,8,17,20,5,6,9,3,0,4,50,86,6,13,7,8
26,5,14,22,7,0,6,2,0,5,53,85,7,12,5,6
23,5,13,20,9,1,8,0,0,6,51,88,8,11,4,4
26,6,17,20,8,2,8,-1,0,6,54,87,9,11,2,6
28,7,14,22,9,3,6,1,0,9,52,85,6,10,0,2
25,7,16,22,8,6,8,1,0,8,52,88,6,13,1,4
24,7,17,25,8,8,9,1,0,5,51,87,6,12,5,3
25,8,16,28,6,4,10,1,0,8,51,86,8,10,3,4
24,7,16,25,10,5,7,2,0,6,51,87,7,10,4,-2
21,7,16,23,10,4,8,1,0,9,54,88,8,13,3,4
26,8,15,27,8,2,7,0,0,8,52,86,8,11,4,6
25,7,15,25,9,3,7,2,0,8,50,86,9,14,2,3
26,7,17,25,10,6,6,1,0,5,52,86,6,13,1,8
24,8,16,27,10,4,11,5,0,8,52,87,10,12,4,6
24,8,16,25,8,3,8,2,0,7,50,86,6,11,2,4
23,9,12,25,7,3,10,3,0,6,52,87,8,12,4,6
24,7,14,23,7,2,8,1,0,6,53,87,7,13,5,6
22,8,14,23,8,-1,8,1,0,9,52,88,5,12,5,2
23,8,15,21,7,4,9,1,0,7,51,87,9,14,2,5
26,8,17,24,10,4,7,2,0,9,53,89,6,12,7,6
25,8,19,22,8,2,11,3,0,5,49,90,10,10,6,4
22,8,17,21,7,4,7,2,0,9,50,87,6,12,3,5
25,6,16,21,9,2,5,-1,0,9,53,87,6,12,4,6
23,9,20,20,9,4,8,1,0,6,51,86,7,12,4,1
22,7,16,21,7,4,6,0,0,6,51,87,6,11,1,5
22,9,14,20,7,4,7,-1,0,6,53,87,5,12,3,4
25,7,18,18,6,4,6,2,0,8,51,86,5,12,4,5
23,8,13,20,6,4,7,1,0,10,51,86,8,11,3,3
24,7,13,19,9,0,8,1,0,7,51,88,6,12,7,3
25,8,15,20,7,5,8,1,0,8,53,87,9,13,3,4
20,7,14,21,8,3,8,1,0,5,52,86,6,13,5,4
23,7,13,19,7,2,5,1,0,6,50,87,4,13,4,8
21,7,15,19,10,5,8,1,0,3,51,87,9,13,4,6
24,7,11,17,6,3,6,3,0,8,52,86,10,12,5,9
26,8,13,20,6,3,7,2,0,8,52,87,8,11,6,5
23,9,13,19,9,3,8,1,0,6,50,86,6,15,3,5
22,8,15,17,5,3,8,1,0,8,52,87,6,14,2,6
22,7,15,20,8,0,7,-2,0,8,52,87,3,11,2,3
24,7,13,17,7,3,7,0,0,7,52,88,6,10,5,2
23,8,15,16,5,4,5,4,0,6,51,88,8,9,4,2
24,7,18,20,9,4,6,3,0,5,49,87,10,11,4,4
25,9,17,20,7,2,8,-1,0,8,53,87,6,13,2,5
25,8,15,19,5,6,6,1,0,6,48,89,9,12,5,3
22,8,15,17,6,2,5,3,0,9,50,87,7,10,5,5
24,7,15,16,8,3,5,2,0,4,52,87,10,13,6,3
21,7,13,16,7,4,4,2,0,6,50,85,10,11,4,3
20,8,13,16,6,6,5,2,0,5,53,85,4,14,2,4
20,8,15,16,4,4,8,4,0,6,50,89,7,13,1,5
22,7,9,14,4,0,8,0,0,6,50,86,6,10,4,6
22,6,12,14,2,5,8,-1,0,9,51,86,6,11,1,3
29,7,14,28,5,3,8,1,0,11,51,87,9,15,3,3
26,7,17,17,6,4,7,3,0,6,51,88,7,11,5,3
27,7,12,19,7,3,8,1,0,8,52,87,5,11,3,5
27,7,15,16,6,5,5,2,0,9,55,88,8,11,2,3
28,7,14,17,6,2,7,1,0,7,48,88,5,15,3,5
27,7,15,19,4,6,6,-2,0,7,52,89,7,11,3,8
27,7,17,19,7,1,9,1,0,6,55,91,7,10,4,2
26,4,14,17,9,2,7,1,0,5,52,91,10,8,5,2
27,4,15,17,7,3,6,2,0,6,49,87,6,11,1,6
27,8,15,20,7,5,10,3,0,12,51,89,8,12,5,4
27,7,14,18,7,6,9,2,0,5,52,89,7,12,2,3
30,7,15,16,6,3,7,1,0,7,55,87,6,13,6,3
27,5,18,18,8,3,5,2,0,5,52,88,9,10,3,2
28,6,17,19,7,3,5,2,0,9,55,89,6,9,2,5
30,8,13,17,7,1,8,1,0,7,52,86,7,12,6,2
27,7,16,18,7,3,7,5,0,8,52,89,7,10,5,3
27,7,15,18,6,2,9,1,0,8,52,88,6,10,4,4
31,7,19,19,8,2,6,0,0,7,51,88,4,14,2,2
30,4,14,19,8,3,6,1,0,6,52,86,11,13,3,1
32,6,17,20,6,3,7,2,0,7,51,87,6,12,5,6
31,7,16,21,8,3,6,1,0,11,50,88,7,12,3,1
30,6,15,19,10,6,5,0,0,6,53,89,8,12,4,4
34,7,18,22,9,3,6,4,0,9,51,89,9,11,3,2
33,6,18,25,10,3,10,1,0,6,52,86,5,11,5,3
35,8,20,25,14,6,9,2,0,8,54,90,7,10,2,6
36,6,17,25,14,2,6,2,0,9,51,87,8,12,4,3
36,7,21,26,13,2,8,2,0,7,51,89,9,12,8,4
37,7,18,26,12,6,8,1,0,8,52,88,8,11,7,4
37,6,20,28,12,3,7,2,0,9,51,90,6,15,7,3
37,8,21,30,16,3,7,1,0,9,51,87,8,11,6,0
39,8,20,28,15,3,7,-1,0,9,51,87,7,6,6,5
40,8,23,31,15,6,10,1,0,13,52,86,10,10,4,5
40,7,24,34,16,7,8,1,0,10,52,89,7,13,5,4
35,2,25,34,19,3,10,4,0,11,55,89,6,9,7,5
39,7,26,33,18,6,10,1,0,15,55,89,6,11,6,5
38,7,24,35,18,6,9,3,0,11,51,89,10,11,3,0
41,6,25,38,18,9,10,2,0,13,57,90,5,13,3,4
41,5,26,39,18,4,12,0,0,11,53,89,12,12,7,5
40,7,27,36,19,7,11,4,0,8,56,91,9,10,3,8
37,3,26,38,17,8,12,2,0,16,54,89,6,9,5,5
39,6,25,36,21,5,12,1,0,14,55,88,4,10,3,3
39,7,25,40,20,9,13,5,0,17,58,87,10,12,4,4
42,6,25,42,20,6,11,1,0,13,56,87,7,15,6,5
38,4,27,40,22,6,12,2,0,14,55,88,7,10,3,5
39,5,28,44,24,7,11,2,0,15,59,92,5,8,6,3
43,6,26,42,22,5,10,3,0,12,57,90,8,12,-1,1
39,6,26,44,25,5,16,1,0,16,57,91,10,12,5,4
41,4,28,46,24,4,15,4,0,13,55,91,8,12,7,5
39,7,27,45,25,4,14,2,0,19,61,91,11,10,4,3
41,7,27,43,26,3,15,1,0,17,59,93,8,11,9,3
45,7,30,47,24,10,15,3,0,23,60,92,11,10,11,1
39,6,26,46,25,5,17,2,0,20,58,93,7,12,7,4
39,6,29,46,26,7,14,-2,0,21,61,92,3,16,1,2
40,8,25,48,26,8,18,6,0,17,62,93,10,13,7,6
41,7,27,47,27,9,16,3,0,22,59,93,10,13,8,6
41,6,31,48,29,5,16,3,0,20,57,92,9,9,3,3
35,6,30,50,27,8,17,2,0,26,59,96,2,13,5,4
41,8,32,50,27,6,19,5,0,22,60,95,9,10,7,4
42,6,27,53,31,6,17,4,0,18,63,94,6,9,7,4
40,7,30,52,31,7,18,3,0,26,63,95,8,10,5,3
42,6,27,52,29,5,18,3,0,26,66,95,12,10,6,4
39,7,28,52,30,6,21,6,0,25,68,97,9,11,7,4
38,8,32,54,33,4,20,1,0,20,63,97,8,13,3,5
37,9,32,55,30,7,18,2,0,25,63,95,8,13,5,3
38,7,27,53,27,4,19,3,0,27,68,93,10,7,-1,3
38,6,29,52,30,6,22,5,0,22,70,95,6,11,3,1
38,6,27,53,30,7,21,5,0,28,69,95,12,12,8,3
38,7,29,55,32,6,23,4,0,26,66,97,7,10,3,4
41,7,26,56,31,8,21,2,0,21,66,105,18,9,9,6
38,6,30,56,35,5,22,1,0,31,63,95,11,13,8,1
39,8,28,58,35,5,25,4,0,22,64,98,8,15,5,4
36,7,30,56,35,4,24,2,0,21,64,98,13,11,2,3
37,8,26,59,34,7,21,5,0,29,66,96,8,13,6,6
37,8,27,60,32,6,24,6,0,30,66,97,7,12,5,6
37,8,31,57,34,6,25,5,0,19,67,97,12,14,9,6
35,8,28,59,31,6,24,4,0,26,70,97,10,10,8,4
33,7,28,60,33,9,25,5,0,27,67,102,12,9,6,5
34,7,27,57,32,7,24,6,0,28,70,99,8,11,7,3
32,7,29,62,33,8,26,5,0,37,75,100,11,9,6,6
32,7,27,61,33,5,25,6,0,31,67,102,5,13,8,5
34,6,26,60,34,5,28,2,0,29,72,102,6,12,9,5
33,7,25,62,33,6,27,5,0,28,70,102,9,9,8,5
34,6,25,57,37,5,30,2,0,31,69,100,9,5,10,5
32,7,27,61,34,7,26,6,0,29,74,104,7,9,6,5
31,6,26,61,34,6,26,5,0,29,72,102,8,7,9,7
30,6,25,60,35,8,30,4,0,29,72,99,8,13,7,9
33,7,27,61,36,3,27,4,0,34,72,101,9,12,9,7
31,7,26,58,33,6,28,4,0,34,72,103,8,10,10,7
28,7,25,59,35,7,29,1,0,26,71,101,11,9,10,3
31,6,24,62,34,6,28,6,0,30,73,102,7,9,10,6
31,6,23,60,36,4,29,3,0,31,77,104,11,10,9,4
30,6,22,62,36,4,28,4,0,30,76,106,6,11,10,5
30,7,25,59,36,7,30,4,0,26,78,106,3,11,6,7
31,7,24,64,35,7,32,6,0,35,76,104,6,11,11,7
31,7,22,63,35,5,32,2,0,35,77,106,9,9,12,6
29,5,24,63,36,7,29,6,0,34,76,104,4,9,12,11
31,6,24,61,35,6,30,4,0,33,78,105,8,14,10,11
28,5,22,61,33,4,30,6,0,31,76,105,7,13,8,7
30,7,26,62,33,8,33,6,0,31,76,104,6,10,10,7
27,7,23,59,33,6,31,8,0,31,74,105,10,8,10,11
30,6,22,56,34,6,30,6,0,33,78,106,6,10,7,9
32,6,23,59,33,3,30,6,0,32,77,108,9,12,11,9
26,5,24,60,30,6,31,4,0,30,79,104,11,14,13,7
28,4,24,58,33,8,30,4,0,32,80,105,9,13,10,9
27,7,25,59,30,7,32,6,0,33,79,108,8,9,11,9
28,6,21,55,34,5,29,7,0,28,79,105,8,8,11,10
30,5,25,56,33,6,30,7,0,32,81,105,9,8,11,8
27,6,20,55,34,4,32,5,0,32,77,108,7,10,10,10
27,2,22,56,33,9,31,4,0,33,76,106,8,9,12,10
27,6,25,57,31,7,33,8,0,29,75,106,11,10,13,11
27,1,23,55,34,8,29,5,0,31,81,106,10,9,7,8
31,7,22,56,35,8,30,6,0,31,79,108,10,10,9,8
28,4,25,55,37,8,29,7,0,33,76,106,11,7,10,12
31,6,24,55,39,9,28,6,0,32,79,108,7,12,9,11
29,6,24,55,36,6,32,4,0,32,77,106,4,8,7,9
28,6,26,55,39,6,30,3,0,33,77,106,10,8,11,10
25,5,20,55,35,5,31,2,0,34,77,106,12,9,11,11
26,7,24,54,36,7,32,6,0,35,77,105,6,8,11,11
29,4,25,53,40,7,30,5,0,31,77,109,10,9,11,10
28,11,23,52,35,9,34,8,0,33,75,105,6,7,11,11
30,3,21,55,35,7,35,5,0,38,76,106,11,9,10,12
27,2,22,54,37,4,31,4,0,38,76,105,8,9,9,13
27,4,21,53,37,7,34,5,0,33,76,108,11,11,9,10
29,5,22,54,37,6,34,7,0,36,75,109,9,7,7,12
27,6,22,56,37,8,33,7,0,34,77,108,11,10,14,11
25,4,21,53,40,6,33,4,0,39,75,110,8,5,12,14
27,5,18,52,40,8,32,4,0,39,75,108,6,8,8,10
28,6,27,50,40,6,34,7,0,39,74,110,10,11,7,11
30,4,22,53,42,10,30,6,0,42,74,110,7,5,7,9
32,4,25,51,41,10,31,5,0,44,75,111,10,6,8,8
30,3,25,54,43,11,33,3,0,43,74,109,7,10,7,8
33,4,26,53,43,8,32,4,0,43,72,108,8,9,10,9
33,6,28,54,43,6,33,4,0,44,73,105,8,10,7,8
33,5,24,54,43,9,30,4,0,45,75,108,8,10,8,9
31,6,22,53,41,10,33,4,0,41,75,112,10,11,10,8
28,5,27,55,40,11,32,5,0,43,72,108,11,9,9,6
29,5,22,53,40,11,30,6,0,42,72,108,10,10,8,8
30,3,23,52,39,6,34,3,0,42,74,109,7,7,7,10
29,2,23,50,38,7,31,4,0,43,73,106,6,10,8,11
28,9,22,51,38,6,32,3,0,41,72,112,12,8,8,10
30,3,22,52,39,6,33,3,0,43,74,109,5,10,10,10
27,-3,19,52,37,4,33,6,0,39,72,109,4,11,11,9
28,3,22,51,43,9,32,6,0,40,76,112,11,7,11,10
28,1,23,51,40,9,33,5,0,42,74,112,7,9,8,10
29,5,20,51,38,6,32,2,0,41,74,111,9,10,13,12
25,4,22,52,40,8,36,5,0,41,74,112,7,9,10,12
30,2,22,51,42,8,32,3,0,42,77,110,9,6,8,14
27,5,17,50,38,9,32,6,0,41,79,113,10,8,9,12
26,6,24,49,39,8,33,7,0,42,74,108,14,6,11,11
25,4,21,49,38,7,35,4,0,36,77,113,11,11,10,13
28,5,19,49,38,10,35,6,0,44,75,109,10,9,12,14
24,4,20,47,38,9,35,2,0,37,72,111,11,8,10,12
26,5,19,44,39,9,35,5,0,40,72,111,11,10,11,15
25,5,22,45,38,10,34,3,0,41,76,112,9,11,9,15
24,3,18,46,38,6,33,3,0,38,74,111,7,9,13,17
24,0,19,46,37,8,37,5,0,41,74,108,7,11,10,16
24,3,18,48,37,9,33,5,0,44,76,113,12,8,11,16
27,3,22,46,40,8,32,4,0,37,75,113,9,10,9,15
24,2,21,46,40,8,31,4,0,42,74,113,10,9,11,16
24,4,21,48,40,6,34,3,0,44,75,111,9,7,11,19
22,4,19,48,40,8,35,4,0,41,77,114,9,11,13,17
25,3,20,45,38,11,34,1,0,42,76,110,7,9,10,16
23,3,20,45,38,10,33,5,0,45,76,116,9,8,12,16
22,6,16,43,36,6,33,5,0,45,74,113,9,11,9,17
24,2,18,46,37,8,32,5,0,38,78,113,12,10,8,16
23,4,19,44,39,8,34,4,0,41,74,111,13,11,13,17
22,4,23,42,36,10,33,5,0,43,71,113,14,13,6,20
21,2,22,45,35,7,32,3,0,44,74,112,10,11,7,15
24,3,19,43,37,9,32,1,0,43,72,109,9,8,11,17
24,5,19,42,39,9,30,8,0,42,72,112,11,10,9,18
25,3,20,43,37,10,31,5,0,42,74,112,11,11,14,14
25,9,20,44,36,7,35,5,0,41,72,112,14,9,10,16
24,3,21,45,39,9,33,5,0,42,72,112,11,10,10,15
27,4,17,44,36,7,33,1,0,45,72,112,7,12,8,17
26,3,20,46,39,8,31,5,0,45,72,111,10,14,7,18
22,5,20,45,37,8,31,5,0,42,71,111,9,8,9,16
23,2,18,43,40,9,33,4,0,44,74,112,10,8,7,20
25,4,20,43,39,11,30,3,0,48,74,115,12,11,10,18
23,4,20,44,37,7,33,6,0,43,73,112,8,9,8,20
26,3,19,43,39,7,32,4,0,41,70,111,7,10,11,18
25,3,18,44,38,8,34,2,0,44,72,109,9,10,11,18
22,6,18,43,38,8,31,3,0,39,73,112,10,9,12,15
24,3,18,42,36,12,34,6,0,44,71,112,10,9,12,19
23,3,22,42,37,8,37,2,0,41,72,112,7,10,8,18
25,2,21,45,39,12,32,3,0,40,72,112,12,10,11,17
22,6,18,42,38,8,35,2,0,46,70,113,11,5,9,19
26,4,21,41,41,10,32,4,0,43,71,109,14,11,10,18
26,5,18,46,40,9,32,4,0,43,72,110,9,11,8,19
26,3,18,43,43,6,31,5,0,40,72,112,11,2,10,19
26,5,21,43,41,7,35,6,0,46,73,110,9,9,8,18
23,4,22,42,37,7,32,6,0,49,72,111,11,5,10,18
25,4,22,45,39,9,34,4,0,44,74,111,9,7,7,20
25,3,21,41,41,7,30,6,0,41,69,113,11,8,4,16
27,2,20,44,42,9,34,2,0,46,69,113,11,7,9,17
27,5,23,43,41,9,35,3,0,40,70,112,8,9,6,17
28,3,20,44,39,9,30,4,0,46,69,112,8,11,9,15
27,3,21,46,43,7,32,3,0,44,69,109,11,9,8,14
27,3,21,45,44,11,32,3,0,49,70,112,9,8,6,16
29,4,21,43,42,8,33,4,0,52,70,109,16,8,5,11
27,3,22,42,41,10,34,3,0,48,70,111,10,11,7,14
28,5,18,47,44,16,33,3,0,49,70,110,10,10,3,14
29,3,22,46,42,7,31,4,0,50,70,111,16,4,7,12
26,3,24,48,43,9,31,4,0,49,71,111,9,11,8,15
24,3,20,45,41,10,33,5,0,46,69,112,6,12,7,15
27,3,22,47,45,11,33,2,0,50,69,115,6,11,7,17
29,3,21,49,45,10,32,0,0,50,71,109,12,11,10,17
26,4,23,47,46,9,34,3,0,50,71,113,7,10,6,19
28,4,25,44,41,11,33,4,0,45,71,115,8,7,8,17
27,3,22,46,44,8,34,5,0,48,72,111,11,9,5,19
25,3,17,47,41,10,35,2,0,54,71,114,13,9,5,17
24,4,21,47,42,9,30,1,0,46,72,114,7,7,6,17
25,2,19,43,39,11,30,7,0,50,71,112,10,10,10,16
23,4,20,42,42,7,34,2,0,48,70,112,8,9,5,19
23,4,18,42,40,6,34,6,0,46,74,113,5,14,7,18
22,3,20,44,39,11,36,5,0,47,73,115,13,5,6,21
23,5,19,42,40,10,32,4,0,42,69,113,13,8,11,21
22,2,19,44,42,8,38,3,0,51,71,117,13,9,14,19
18,5,15,47,37,6,34,4,0,46,69,114,9,9,9,21
21,6,21,50,39,10,31,1,0,49,68,117,-5,8,17,18
23,3,19,42,38,10,34,4,0,47,72,112,8,13,12,22
22,2,19,46,34,6,34,3,0,43,75,115,16,8,8,18
12,4,17,43,35,5,38,7,0,55,77,109,16,12,5,25
18,4,17,45,40,8,36,5,0,44,70,117,12,10,14,28
19,7,15,46,37,8,34,2,0,33,74,114,5,10,1,20
18,2,16,44,35,8,37,8,0,47,76,117,12,7,9,24
19,4,17,47,40,6,37,4,0,45,74,117,7,10,12,23
18,1,19,46,39,9,36,3,0,41,73,115,9,10,10,20
22,5,18,46,42,7,39,5,0,43,74,118,7,9,10,17
22,2,19,42,40,1,31,2,0,45,72,114,-1,10,11,21
22,3,19,45,38,7,33,3,0,42,71,112,9,7,12,28
20,2,17,42,37,7,35,3,0,41,74,116,8,12,9,19
21,4,17,42,41,7,34,2,0,43,75,116,10,10,8,21
21,3,20,44,41,9,35,6,0,41,73,115,11,8,7,22
20,4,21,44,40,9,35,4,0,44,76,111,8,10,2,16
22,4,14,46,40,9,35,1,0,46,75,114,6,10,10,17
25,6,16,46,40,6,35,4,0,43,75,113,12,9,6,18
24,1,18,43,41,9,35,6,0,42,73,117,6,10,10,22
19,3,19,45,39,7,35,4,0,43,74,114,13,10,10,19
21,3,17,45,40,8,38,4,0,44,74,114,9,11,9,22
20,3,15,46,39,8,35,3,0,41,73,116,9,10,7,21
20,4,17,45,40,10,37,4,0,41,74,114,9,7,11,22
21,4,18,47,39,10,36,3,0,44,74,114,6,10,7,21
23,3,17,43,40,9,38,4,0,42,74,112,10,9,6,20
23,5,16,45,40,6,35,7,0,42,72,110,10,10,9,21
23,-1,17,43,39,8,34,8,0,42,74,114,9,10,7,22
23,2,17,45,39,5,34,6,0,43,76,114,8,7,12,19
21,7,19,45,39,7,38,7,0,41,76,114,12,8,10,23
23,4,17,43,35,7,36,3,0,41,73,115,9,9,10,20
19,3,16,44,38,10,38,3,0,42,74,116,11,11,11,19
21,3,15,42,40,8,34,4,0,42,72,117,12,10,7,22
19,3,15,43,39,8,36,3,0,36,71,114,11,6,11,25
18,3,15,43,37,9,36,6,0,43,73,113,12,10,9,26
19,3,19,42,40,8,38,1,0,42,73,114,7,11,10,21
20,3,21,44,37,9,36,3,0,47,72,113,11,8,10,20
21,6,17,41,42,11,34,5,0,45,75,112,11,7,8,26
22,3,18,40,41,8,37,2,0,46,74,114,9,10,7,22
24,2,19,43,40,8,36,3,0,47,75,115,9,10,7,21
27,4,22,43,42,11,36,2,0,49,74,115,12,12,11,21
23,4,21,45,42,10,34,7,0,47,74,117,12,10,8,20
27,4,19,43,44,12,35,5,0,46,71,115,8,7,3,21
27,3,22,43,43,8,35,2,0,49,74,117,11,10,7,17
30,4,23,44,44,9,34,5,0,46,73,116,7,9,5,17
26,2,22,44,43,11,34,2,0,46,71,114,8,6,7,14
30,4,24,42,46,11,35,5,0,53,71,117,14,7,5,20
27,4,19,44,40,11,34,6,0,48,72,113,10,8,9,18
29,3,22,44,40,12,35,5,0,48,74,111,6,11,8,17
29,3,22,44,41,12,35,2,0,52,72,117,8,10,7,17
25,5,20,45,41,11,34,4,0,47,73,115,8,10,10,18
25,5,19,40,40,11,35,5,0,46,72,116,13,10,7,19
28,3,19,40,38,11,35,7,0,47,72,113,12,10,7,20
25,2,19,43,40,13,33,3,0,48,74,114,13,8,8,18
24,3,21,41,39,11,34,4,0,43,70,112,12,8,10,19
20,3,19,40,43,8,33,4,0,45,71,113,10,11,8,23
23,2,20,43,40,12,33,6,0,44,70,111,8,7,7,20
20,4,18,40,41,9,32,2,0,45,75,118,8,9,7,21
22,4,19,43,40,11,34,7,0,44,73,115,11,9,10,22
20,4,21,42,32,9,35,5,0,46,74,114,18,9,-3,24
18,2,22,41,42,11,37,4,0,46,73,113,8,8,7,24
18,6,19,40,40,8,35,2,0,43,71,114,9,7,10,23
18,3,17,41,40,9,35,6,0,35,76,115,11,10,7,25
18,2,18,39,40,4,37,5,0,49,65,113,7,10,14,25
16,4,17,47,36,17,36,5,0,63,75,122,4,17,10,23
18,6,23,45,40,16,42,1,0,47,68,116,-4,15,8,18
18,3,15,39,40,8,36,6,0,48,71,114,20,9,20,26
17,2,19,43,44,6,42,6,0,47,81,120,8,8,-1,33
20,2,16,39,37,-1,34,6,0,41,70,106,2,20,6,26
20,3,14,40,40,10,37,5,0,47,72,114,7,8,13,26
18,2,17,40,31,6,34,1,0,45,61,112,9,9,8,37
17,2,11,38,35,8,33,10,0,40,73,112,6,9,10,27
18,2,18,38,38,6,32,5,0,45,68,116,8,8,10,25
16,-1,21,36,38,11,36,2,0,42,72,112,13,10,9,26
18,2,11,38,41,10,37,8,0,48,70,109,11,8,7,29
17,3,14,35,36,10,32,-6,0,48,72,112,11,10,5,21
19,2,15,35,43,16,34,9,0,61,67,114,6,16,13,28
15,4,17,39,42,4,33,8,0,59,77,115,8,-2,8,24
25,1,17,34,33,13,38,2,0,45,68,117,8,10,10,17
18,2,12,39,37,10,33,6,0,46,70,115,11,7,9,27
20,4,15,35,37,11,29,5,0,48,69,110,14,8,9,26
20,2,17,34,36,14,35,5,0,48,80,112,8,7,8,28
17,-1,20,36,39,10,35,6,0,49,65,115,10,10,9,28
14,3,14,30,36,12,34,6,0,38,70,120,14,7,13,27
20,1,9,36,38,16,38,5,0,51,74,110,8,5,-5,16
17,3,26,35,33,2,33,2,0,52,73,113,15,16,5,24
22,2,13,35,43,14,32,-1,0,58,67,117,9,9,0,28
16,7,17,35,43,2,41,7,0,44,71,120,18,12,15,23
13,2,11,33,35,13,37,10,0,44,68,112,11,14,7,26
16,2,19,41,36,10,36,10,0,43,68,115,10,7,8,27
19,0,13,35,35,15,40,1,0,34,72,123,12,8,14,22
17,2,18,35,39,10,34,4,0,46,75,110,12,9,15,27
17,5,14,35,35,11,35,0,0,48,71,117,9,10,11,23
27,1,25,30,24,9,37,12,0,41,69,121,20,15,4,32
22,3,12,30,43,9,29,6,0,44,67,108,8,14,12,22
16,2,16,38,36,15,30,4,0,44,65,104,2,5,10,16
10,6,17,38,32,16,44,2,0,34,74,125,-1,15,11,21
20,7,18,41,40,9,36,6,0,25,64,116,-1,7,17,29
19,4,15,35,35,11,35,3,0,43,71,113,14,10,5,26
17,3,15,34,38,11,34,1,0,46,71,114,8,10,13,27
20,5,15,35,38,13,35,5,0,45,70,116,8,8,10,24
22,2,16,36,37,12,35,3,0,48,69,115,7,10,7,26
22,5,16,36,37,13,35,5,0,51,69,117,11,10,7,26
22,2,16,39,40,13,36,7,0,49,66,116,13,10,9,27
26,2,19,35,39,10,36,2,0,50,67,114,9,8,8,24
23,4,18,35,42,11,35,5,0,50,68,114,10,10,7,22
23,4,20,36,44,12,33,5,0,50,70,112,11,10,8,18
25,3,17,38,40,13,35,3,0,46,68,115,12,9,7,24
23,5,17,37,42,14,36,6,0,51,71,112,11,9,6,21
23,4,18,39,41,15,37,2,0,49,68,111,11,9,8,23
24,4,17,34,42,13,34,3,0,47,69,112,15,6,9,21
25,3,18,34,42,10,35,3,0,48,67,113,7,8,10,25
22,3,16,36,40,15,37,1,0,51,68,116,9,13,8,24
23,3,16,33,41,12,35,5,0,45,66,113,10,9,8,23
22,1,20,34,39,15,35,6,0,44,68,113,11,10,6,22
21,2,18,29,38,15,38,5,0,49,77,113,1,2,9,19
18,2,15,33,30,11,30,11,0,49,66,121,9,11,5,34
17,2,13,30,40,13,32,3,0,52,69,111,9,10,7,26
18,2,15,33,38,13,34,6,0,46,73,104,8,10,21,25
19,2,16,31,40,15,35,5,0,51,71,112,12,8,7,25
20,0,16,32,40,7,35,3,0,37,70,111,7,12,9,32
19,1,12,31,42,10,41,6,0,68,67,113,-5,-1,18,30
19,2,11,34,38,22,33,7,0,58,66,112,2,8,6,23
17,2,15,31,43,10,36,5,0,46,66,114,6,12,10,31
19,5,17,34,32,14,32,6,0,49,73,114,14,4,5,27
22,2,20,31,40,10,36,5,0,45,67,106,12,19,8,26
20,2,13,32,37,12,34,7,0,46,67,115,8,6,7,27
17,4,15,31,35,16,34,5,0,45,63,109,9,10,9,32
17,4,14,29,37,13,34,3,0,44,66,110,10,8,7,27
17,3,12,32,36,11,35,5,0,46,68,112,6,11,9,29
16,-2,11,28,34,12,34,6,0,47,66,110,11,9,3,25
16,2,15,30,34,12,31,6,0,47,66,111,13,8,8,26
17,2,13,27,36,10,33,6,0,49,63,112,10,8,6,24
14,4,14,28,35,14,32,4,0,47,63,109,8,10,6,30
16,6,14,27,33,11,31,6,0,45,66,110,14,9,7,27
16,3,13,29,36,10,34,4,0,47,66,108,14,7,6,28
15,2,15,25,34,11,36,4,0,45,64,109,12,11,10,26
16,2,13,29,35,10,32,6,0,50,64,108,9,6,3,31
14,2,12,27,33,12,29,3,0,46,63,112,9,10,7,32
14,2,13,27,32,10,32,3,0,54,64,110,12,9,6,27
14,4,11,29,30,13,32,2,0,46,63,114,13,10,6,30
17,5,9,27,36,13,34,4,0,50,63,110,13,5,6,29
15,4,13,26,35,12,33,6,0,51,65,110,10,9,5,28
19,2,14,27,37,12,35,4,0,54,66,112,9,13,4,28
18,3,12,26,34,14,36,7,0,51,67,113,12,10,6,28
21,4,16,24,33,14,30,5,0,49,66,111,9,10,7,32
15,2,17,27,39,18,37,5,0,39,72,119,6,10,-2,22
15,2,8,27,38,19,31,5,0,70,63,112,26,-2,8,34
17,11,10,23,34,14,30,8,0,55,66,111,27,5,9,25
16,2,10,20,40,14,28,2,0,52,53,110,6,13,-1,30
18,5,12,22,33,10,39,0,0,57,59,114,11,10,-1,26
22,-2,3,31,35,15,30,6,0,60,65,118,5,13,8,32
17,1,10,26,32,13,35,5,0,49,65,109,11,11,8,30
19,2,16,23,34,11,32,3,0,47,63,108,13,10,7,28
16,6,12,24,32,15,34,6,0,50,56,111,8,10,7,29
17,4,14,26,35,13,29,6,0,47,62,109,12,9,6,30
15,1,14,25,32,13,34,7,0,46,60,112,13,10,7,29
15,4,13,26,33,14,33,5,0,46,62,110,10,8,5,30
15,9,12,24,32,15,31,5,0,49,62,113,12,10,6,32
15,4,11,25,32,11,31,5,0,46,64,112,10,11,6,30
16,3,14,22,29,14,30,6,0,46,61,108,11,10,9,31
15,2,12,25,31,11,32,3,0,46,63,108,11,13,7,31
12,3,13,22,30,12,31,4,0,46,59,111,7,10,10,29
16,2,12,24,33,12,30,3,0,44,59,115,14,9,6,31
15,4,13,23,32,14,31,6,0,47,59,108,15,12,5,29
18,2,12,24,34,11,29,7,0,48,61,109,14,5,10,27
19,1,12,27,34,16,32,9,0,53,58,110,11,7,6,31
18,2,13,28,30,14,27,4,0,42,63,115,-3,15,8,20
22,3,10,25,38,19,27,1,0,31,56,106,5,17,5,29
20,4,13,30,35,10,33,6,0,51,63,112,13,10,0,30
19,10,17,30,37,13,35,6,0,60,64,110,11,10,5,28
21,2,16,25,26,11,38,7,0,57,60,113,24,9,-1,24
16,2,12,26,35,15,34,9,0,49,57,117,9,6,7,36
24,5,4,30,30,12,37,11,0,71,57,117,16,11,9,34
19,3,10,27,33,14,31,4,0,56,61,103,9,11,10,36
11,2,11,26,36,11,35,4,0,56,58,114,20,11,3,27
17,1,12,26,36,10,32,2,0,50,57,109,13,11,2,27
19,2,14,26,36,12,31,-4,0,51,63,110,14,9,1,31
16,3,13,26,35,13,34,2,0,53,61,109,14,13,4,30
15,4,15,25,32,13,30,3,0,49,59,109,8,12,4,29
15,2,13,26,33,13,34,6,0,49,59,110,14,11,6,27
17,3,15,26,32,12,33,6,0,52,60,110,11,11,5,30
15,3,13,27,31,15,31,7,0,45,62,108,7,11,6,27
17,4,14,25,33,11,29,4,0,47,64,109,8,12,10,30
15,4,10,25,29,10,32,3,0,51,61,109,8,11,4,32
16,4,12,26,31,14,34,6,0,46,63,109,8,6,5,30
14,3,13,25,31,14,34,5,0,46,61,112,6,12,9,28
13,5,12,25,30,11,33,3,0,45,60,109,12,11,3,33
15,3,9,25,33,14,33,8,0,46,59,109,16,10,6,33
13,4,14,24,33,12,31,4,0,47,59,110,10,10,5,33
16,2,11,25,31,11,35,5,0,53,61,110,12,9,3,34
12,4,14,25,34,13,33,7,0,48,61,111,11,10,7,34
13,1,13,25,30,11,35,5,0,52,59,109,11,8,4,32
12,1,13,25,33,13,31,2,0,46,62,110,13,11,8,32
13,2,14,22,32,10,35,5,0,55,61,111,13,9,3,34
14,3,13,25,33,11,31,6,0,49,57,108,11,13,3,29
14,3,16,25,32,13,33,6,0,49,58,108,10,12,4,32
15,2,11,24,33,13,32,3,0,56,61,109,4,6,4,30
14,4,12,24,32,13,32,5,0,49,60,110,8,14,6,32
17,4,12,25,32,11,35,4,0,53,60,110,8,6,2,34
13,4,15,22,31,9,32,3,0,39,60,108,14,14,8,39
16,3,13,22,33,10,33,6,0,57,62,108,8,14,8,31
12,2,13,21,33,12,32,5,0,51,59,110,14,10,7,29
14,6,12,19,33,12,36,5,0,55,63,111,13,10,6,31
14,3,12,21,34,11,34,3,0,50,61,110,13,9,7,35
16,2,13,22,30,14,33,4,0,44,61,109,13,10,10,31
12,2,12,20,31,14,34,5,0,49,56,113,15,11,-2,32
15,2,12,23,29,14,31,3,0,50,58,109,12,10,7,31
14,3,11,21,30,15,34,3,0,51,57,109,11,12,5,31
13,3,10,21,29,12,32,5,0,50,61,111,11,10,5,35
11,4,10,20,31,12,28,4,0,53,56,109,9,10,7,34
14,2,10,20,29,14,31,6,0,50,56,110,13,9,4,32
13,2,8,17,26,12,31,2,0,50,59,108,16,10,4,32
14,2,12,18,31,14,31,6,0,54,58,109,9,12,4,32
13,2,9,16,29,13,34,5,0,49,57,111,13,11,6,33
11,3,11,22,29,13,34,5,0,51,59,108,14,11,6,32
13,3,12,21,27,14,31,5,0,51,56,109,13,11,5,34
13,3,10,20,30,12,33,3,0,53,58,109,14,13,3,36
13,2,9,24,27,13,31,4,0,54,56,110,9,10,6,33
12,1,11,18,30,14,30,6,0,50,59,108,9,7,6,31
14,0,9,18,29,14,31,3,0,52,56,108,14,11,7,27
14,4,12,20,32,16,32,5,0,53,59,105,11,9,7,28
13,4,10,20,30,15,29,6,0,51,54,106,14,8,5,28
13,4,13,21,30,13,30,5,0,56,58,110,9,11,8,33
14,4,12,20,32,12,33,8,0,57,56,108,11,11,6,34
13,2,14,20,32,14,34,7,0,52,57,109,10,11,5,31
15,2,9,20,31,14,31,4,0,54,56,109,10,9,6,29
12,3,10,20,31,17,33,4,0,51,58,108,13,7,5,29
13,3,11,19,29,19,31,7,0,55,59,109,12,11,6,33
14,1,11,22,31,19,33,7,0,51,58,109,11,11,4,33
14,4,12,20,30,15,35,1,0,53,58,106,10,11,3,31
15,3,8,19,30,11,31,5,0,53,56,112,12,11,8,35
12,4,7,19,29,14,31,4,0,52,56,106,11,10,6,31
12,3,12,18,29,14,30,5,0,51,57,105,12,11,8,32
11,2,9,19,29,16,35,6,0,50,55,109,13,12,5,31
11,3,11,16,26,14,32,6,0,50,56,106,13,13,4,29
11,2,7,15,26,12,30,3,0,50,52,104,16,8,4,26
12,3,12,15,27,16,29,3,0,51,55,104,10,11,7,32
15,4,11,18,24,16,29,6,0,46,55,105,9,9,7,28
11,2,9,18,27,16,30,1,0,47,56,103,12,11,4,28
11,3,11,18,28,13,30,5,0,51,55,105,9,10,5,30
12,1,11,19,25,14,29,8,0,46,54,103,10,10,1,27
13,2,8,20,24,13,26,6,0,44,56,103,10,10,5,28
9,4,12,23,28,15,30,9,0,49,58,108,11,9,7,30
12,7,10,21,27,13,28,5,0,47,60,102,10,9,9,27
13,3,9,19,22,15,30,4,0,47,55,104,14,10,7,29
7,4,13,17,27,14,30,5,0,48,57,101,15,9,5,28
11,4,7,20,22,13,28,1,0,51,55,105,8,7,2,31
11,4,11,20,25,11,27,5,0,47,59,104,12,13,6,26
10,4,9,21,25,14,29,7,0,48,59,105,10,12,6,27
11,3,14,19,28,14,27,5,0,45,59,104,8,9,5,25
13,3,12,20,29,13,30,5,0,47,56,105,9,10,7,29
12,4,12,19,25,14,29,5,0,49,58,103,13,9,5,26
9,4,12,20,24,13,26,5,0,46,58,106,8,7,5,26
11,4,9,21,28,10,29,5,0,45,56,105,8,8,4,29
10,2,11,21,21,11,26,5,0,46,57,99,13,9,4,24
11,4,11,20,22,11,25,5,0,44,57,98,11,8,5,23
13,3,10,21,22,10,29,6,0,46,58,100,9,9,7,22
12,4,10,23,25,9,26,5,0,43,54,100,8,8,8,20
10,3,10,20,25,8,24,8,0,44,57,99,10,10,6,24
12,3,8,21,21,10,23,5,0,44,57,98,10,10,8,17
9,2,14,20,24,8,25,4,0,44,57,100,10,8,7,22
9,2,14,23,23,10,22,2,0,44,60,101,13,9,10,22
13,4,13,24,22,11,24,3,0,45,59,103,9,10,7,20
14,2,11,23,25,7,27,0,0,41,55,99,10,12,6,19
11,3,10,24,25,10,21,0,0,43,61,95,11,9,5,18
15,4,12,23,24,9,26,2,0,43,58,98,10,9,6,20
13,3,13,23,26,11,25,1,0,43,56,98,7,8,4,18
12,4,13,24,25,9,23,4,0,43,62,97,7,10,5,16
13,2,12,26,23,9,24,1,0,47,60,99,11,7,6,21
14,5,15,26,25,12,22,1,0,51,59,101,11,10,4,17
12,4,13,26,28,11,24,3,0,49,58,102,11,5,5,19
14,6,13,25,25,9,22,6,0,47,56,99,10,9,6,17
18,4,17,26,28,11,27,5,0,47,63,100,7,6,4,16
15,9,7,33,32,9,23,2,0,61,67,101,15,2,-2,16
15,5,13,29,23,12,22,6,0,50,58,91,7,11,4,8
14,4,7,25,30,12,25,4,0,38,57,103,20,8,10,14
17,4,14,30,27,6,20,2,0,46,62,103,10,9,6,12
14,4,15,30,33,14,23,2,0,45,59,93,19,10,10,16
15,2,18,30,27,16,19,2,0,62,63,95,-6,8,4,19
17,3,14,31,28,10,30,1,0,46,61,109,12,4,6,8
17,3,13,32,31,8,26,4,0,46,60,99,11,8,1,15
17,3,15,29,27,9,24,4,0,44,62,100,9,11,4,13
18,5,17,31,30,11,25,3,0,48,58,100,11,8,4,11
18,4,17,34,31,9,24,5,0,48,60,100,10,12,4,11
18,4,19,30,32,10,22,3,0,45,57,103,10,7,3,12
16,6,16,26,29,11,22,2,0,48,59,98,14,8,6,14
20,5,19,32,31,8,20,4,0,47,58,97,9,7,2,12
21,5,18,36,31,14,21,3,0,48,61,99,12,10,4,14
21,4,18,33,30,11,23,3,0,51,57,99,12,10,5,12
23,3,21,35,30,10,24,1,0,44,60,94,7,11,7,11
21,6,19,32,31,12,23,3,0,46,58,98,7,8,5,10
25,5,17,34,32,9,22,4,0,42,58,100,10,11,3,8
19,3,21,35,30,11,22,3,0,47,58,98,8,10,4,9
23,4,18,35,32,10,23,3,0,45,60,97,11,10,1,10
23,3,21,34,31,10,21,1,0,46,58,99,11,11,4,8
22,5,19,32,31,8,22,3,0,46,60,95,8,9,6,6
22,4,19,32,30,12,21,2,0,45,60,97,7,9,-2,8
24,4,21,31,31,11,20,4,0,40,57,94,6,12,3,7
23,4,22,30,34,11,20,1,0,41,58,96,7,9,4,10
24,3,20,32,29,8,19,2,0,35,55,93,15,8,4,10
25,5,19,35,29,8,17,1,0,39,57,94,10,8,6,9
27,5,21,33,30,8,18,2,0,39,58,94,1,7,1,7
25,4,20,31,31,10,19,3,0,41,60,93,6,9,3,7
26,3,25,30,31,11,17,-1,0,39,56,97,8,6,4,8
22,5,22,29,30,12,18,3,0,37,57,92,9,6,4,8
26,4,23,32,32,11,20,3,0,38,58,90,10,6,3,9
25,6,22,31,30,9,18,1,0,38,56,96,9,8,4,7
26,5,22,31,28,9,19,2,0,39,57,95,10,6,3,9
27,4,18,30,29,11,20,2,0,37,56,92,7,7,3,7
24,5,19,30,29,12,20,4,0,34,56,92,9,6,3,6
27,4,19,32,28,8,20,-1,0,37,55,94,9,6,3,7
27,3,19,30,25,11,18,3,0,34,58,94,6,7,3,4
28,6,20,31,28,9,18,3,0,40,57,95,12,9,4,9
26,8,22,28,26,8,17,1,0,41,55,92,3,10,8,1
28,4,20,32,28,10,16,1,0,36,53,93,10,9,2,6
29,4,24,29,28,11,17,0,0,35,55,94,4,10,4,4
28,3,22,29,27,9,17,3,0,37,56,94,9,6,5,7
30,4,21,34,27,6,14,3,0,35,58,91,6,7,4,5
27,5,21,30,26,7,17,1,0,36,57,90,8,9,3,6
30,4,20,32,25,8,18,3,0,40,54,92,4,7,0,6
30,5,19,30,26,10,15,0,0,31,55,92,5,10,1,9
28,4,20,30,27,11,15,4,0,31,57,91,11,8,2,5
29,5,20,28,26,9,18,2,0,32,55,92,5,8,7,2
29,3,21,29,26,10,15,4,0,31,53,94,8,7,5,4
28,2,20,29,26,8,15,1,0,33,57,92,8,7,0,7
27,3,21,32,25,8,16,2,0,32,51,88,5,6,4,9
29,5,21,29,23,9,15,0,0,27,57,85,8,9,3,6
31,5,19,31,25,8,15,0,0,32,58,94,8,10,7,7
27,4,20,30,25,7,18,0,0,29,56,91,5,9,5,5
33,3,18,29,23,10,14,5,0,30,56,91,7,10,1,3
25,5,20,28,22,8,16,2,0,29,56,92,6,8,5,3
27,6,18,30,24,6,14,1,0,32,57,92,7,7,5,6
29,4,20,30,24,6,14,2,0,30,56,91,7,6,3,8
29,6,20,31,25,9,13,2,0,29,54,88,1,7,1,4
28,6,19,29,26,8,13,0,0,31,56,90,9,10,3,3
28,5,19,31,28,8,17,3,0,33,56,90,8,7,4,6
28,5,19,30,26,10,16,2,0,29,55,91,5,12,2,6
27,4,21,32,24,8,14,3,0,34,56,90,10,7,6,5
27,6,21,31,27,5,18,-1,0,29,59,92,6,9,3,5
27,4,19,30,26,6,14,2,0,29,55,92,6,7,0,7
28,2,21,32,24,10,15,1,0,30,58,93,6,8,5,7
32,6,23,31,24,10,13,4,0,34,53,96,6,9,4,7
28,3,20,30,27,8,15,1,0,30,55,91,9,10,1,5
29,6,21,33,25,5,15,1,0,25,54,89,8,9,5,6
28,6,24,33,24,7,14,1,0,33,57,93,9,9,1,8
29,4,19,34,23,7,14,2,0,26,58,89,9,9,5,4
32,5,21,32,25,9,17,4,0,31,58,91,6,8,2,6
32,3,21,32,23,6,15,1,0,30,53,92,3,10,3,4
30,5,21,32,27,6,20,-1,0,28,56,88,5,9,1,5
29,5,19,30,23,7,13,1,0,27,56,93,8,4,3,4
28,5,22,33,23,7,10,1,0,22,57,95,7,11,4,4
29,5,22,32,23,6,15,2,0,25,56,87,11,7,7,7
27,7,19,31,22,7,16,1,0,23,53,90,4,9,-1,1
28,5,22,31,22,8,12,2,0,28,56,85,7,10,4,-2
31,7,19,33,21,7,13,1,0,27,56,89,8,10,3,5
30,4,20,30,22,4,12,1,0,26,57,91,9,11,3,8
34,4,17,31,24,9,12,0,0,24,61,90,4,9,1,6
32,5,22,35,24,10,14,1,0,26,55,92,11,9,3,5
30,5,20,32,23,6,15,0,0,24,55,90,6,8,2,6
30,4,21,33,20,6,13,1,0,27,53,91,9,8,4,3
28,12,21,36,24,9,13,-1,0,25,57,89,9,9,2,3
30,4,22,33,23,6,14,1,0,26,58,92,5,9,4,5
28,7,23,35,23,6,14,3,0,28,57,90,6,10,3,7
28,4,20,37,24,5,14,3,0,29,59,90,4,9,3,6
26,6,22,36,22,7,17,1,0,29,59,89,7,9,4,6
30,5,20,36,21,9,18,2,0,29,59,93,4,9,3,4
29,4,20,37,24,8,15,1,0,30,58,95,10,9,-1,2
27,6,22,36,25,6,14,2,0,25,56,93,11,8,4,6
28,5,19,37,25,6,18,0,0,27,57,89,6,8,5,2
32,4,19,38,24,6,16,2,0,25,58,91,5,7,4,6
32,6,23,36,25,5,17,0,0,31,57,95,11,11,2,6
30,6,21,33,24,6,14,1,0,24,57,92,6,11,4,3
29,4,21,37,24,7,16,2,0,23,58,89,5,10,4,6
30,6,24,37,24,8,15,1,0,25,58,93,8,9,4,4
32,5,22,35,22,8,14,3,0,25,56,91,8,10,5,3
30,6,22,33,22,6,14,3,0,25,56,89,10,9,3,6
30,5,20,32,22,4,14,4,0,23,58,88,9,9,5,1
31,6,21,31,23,7,12,3,0,24,58,92,1,5,4,6
32,4,22,32,20,6,13,0,0,22,56,89,5,9,7,7
31,6,21,30,19,5,11,2,0,22,56,90,9,9,4,6
29,6,23,32,21,3,10,1,0,22,58,86,8,8,4,4
28,4,20,31,22,5,13,1,0,21,56,90,6,10,3,4
31,4,22,30,17,4,13,-2,0,21,55,88,6,10,2,4
33,6,22,31,20,6,12,0,0,21,55,89,7,7,1,3
32,6,21,31,20,7,12,2,0,21,59,92,5,9,3,7
31,5,23,30,21,6,12,1,0,21,56,90,8,10,-1,4
31,6,22,29,18,6,10,2,0,21,58,93,8,11,2,4
30,4,19,28,19,4,9,2,0,22,54,87,8,6,0,4
27,4,22,28,20,6,10,1,0,17,55,87,9,11,0,5
31,6,21,29,20,6,12,1,0,18,56,89,1,9,5,3
31,5,22,30,20,4,9,2,0,21,53,88,5,6,1,6
30,5,21,30,20,2,12,1,0,12,54,90,8,9,5,6
32,6,20,29,19,4,11,2,0,22,57,88,7,15,3,4
32,5,22,29,18,6,9,2,0,22,54,88,8,10,7,6
32,6,20,29,21,6,11,1,0,19,55,86,4,12,3,2
30,6,23,31,21,2,13,3,0,19,55,91,11,6,1,8
32,6,15,30,18,7,12,1,0,22,53,88,7,11,5,4
31,6,19,30,19,6,12,1,0,26,56,92,9,4,3,2
29,7,18,31,19,3,13,0,0,20,55,91,13,7,-1,3
31,6,21,32,17,4,11,2,0,20,57,90,8,8,4,5
29,5,20,32,20,4,12,3,0,19,58,88,10,11,5,4
31,5,20,32,19,3,13,1,0,25,56,87,5,12,2,4
28,5,21,32,18,6,14,5,0,21,54,90,6,9,4,5
29,4,21,32,19,4,11,-1,0,20,55,89,6,10,2,5
30,5,22,33,20,3,14,1,0,21,57,84,5,10,3,6
28,7,21,35,20,6,12,0,0,25,56,89,7,10,2,2
29,6,20,34,19,6,9,1,0,18,57,90,10,8,4,6
30,4,19,33,18,5,13,1,0,26,54,91,5,12,4,4
27,5,22,34,19,5,15,1,0,23,55,85,4,9,3,6
29,5,22,32,19,4,13,2,0,18,55,84,11,9,4,3
32,5,21,34,20,5,9,6,0,23,58,88,7,8,0,7
30,5,20,33,20,5,13,3,0,25,57,91,7,10,6,6
29,6,20,35,21,6,12,0,0,22,54,88,6,8,5,6
28,5,22,32,20,5,12,5,0,27,54,90,6,13,2,4
28,5,20,34,21,4,15,2,0,23,56,87,7,9,0,6
31,6,20,34,19,6,13,1,0,27,53,91,2,5,6,7
32,5,21,34,23,4,13,0,0,20,54,89,13,8,0,6
29,7,22,33,17,6,11,0,0,16,53,86,8,13,2,5
31,7,20,35,19,4,11,3,0,23,57,89,6,10,3,6
28,5,20,35,19,3,12,1,0,20,49,87,9,14,5,7
27,6,22,36,21,6,13,1,0,13,55,88,0,10,4,4
28,6,22,33,20,5,15,1,0,23,56,87,5,9,4,5
28,9,22,36,17,7,10,4,0,22,57,89,7,9,7,6
28,7,23,39,20,6,15,4,0,19,58,89,6,10,2,5
28,5,18,37,22,4,12,7,0,24,58,90,6,6,5,0
28,6,21,37,21,4,13,1,0,24,57,90,7,10,2,4
28,4,19,37,20,6,17,3,0,23,57,91,4,11,4,5
27,6,22,33,21,3,12,3,0,21,57,92,7,9,5,4
29,6,23,37,20,3,15,-1,0,20,56,88,10,9,2,7
27,6,22,38,19,4,14,3,0,21,60,91,8,6,0,6
27,7,19,34,21,4,13,4,0,18,56,92,7,9,0,8
27,8,25,35,19,4,15,2,0,21,54,88,7,10,6,7
32,7,24,37,20,2,16,2,0,19,55,86,5,11,1,3
30,7,25,35,20,4,11,0,0,19,56,88,6,8,2,6
29,5,25,35,20,6,9,3,0,16,54,90,7,10,3,5
31,7,25,33,21,5,11,2,0,23,53,88,11,4,5,3
28,8,24,36,22,5,14,3,0,25,56,89,11,13,2,3
29,6,23,37,17,4,10,2,0,20,54,88,5,11,4,3
30,6,23,35,17,6,10,3,0,21,58,89,5,9,1,4
31,5,22,33,16,6,12,1,0,16,56,89,8,10,2,5
32,6,23,33,19,3,10,1,0,15,55,92,1,10,5,3
30,7,21,32,16,4,12,4,0,16,51,87,8,6,-2,4
29,6,22,30,17,2,12,2,0,27,55,86,7,7,4,6
30,7,19,32,17,5,11,3,0,18,56,87,9,10,5,7
32,4,18,28,15,6,7,-1,0,15,50,86,4,7,0,3
29,6,19,26,16,5,9,1,0,22,52,83,5,9,3,7
28,7,22,29,17,1,9,-1,0,19,57,90,7,10,4,4
30,4,22,30,15,2,11,3,0,18,54,88,6,12,3,6
31,6,21,29,15,5,9,-1,0,15,57,86,9,9,4,3
31,5,20,31,17,3,11,-1,0,14,54,89,2,10,1,1
32,4,20,28,15,6,10,4,0,15,52,88,6,14,6,5
32,5,16,25,13,6,9,1,0,11,53,89,6,10,5,4
33,7,19,29,15,4,13,2,0,17,53,87,5,10,2,4
30,6,21,27,18,3,10,1,0,16,54,83,9,9,1,3
31,8,23,28,16,6,10,1,0,22,56,90,7,12,2,5
32,6,20,29,15,4,9,1,0,15,56,91,4,6,3,5
32,5,20,27,17,3,8,0,0,21,55,91,9,10,0,6
31,6,19,28,15,3,9,1,0,22,56,85,5,11,1,6
31,6,21,30,14,1,14,4,0,21,54,88,3,10,2,6
30,5,18,29,13,6,9,2,0,14,53,86,8,9,6,5
30,4,21,28,17,3,12,2,0,11,55,83,11,8,0,5
28,5,18,30,14,3,13,2,0,9,52,92,-1,10,3,2
31,7,22,30,15,5,12,-1,0,14,52,90,4,9,5,4
27,6,18,30,18,4,10,0,0,14,57,90,7,6,3,6
32,5,19,30,16,2,11,0,0,18,55,85,6,14,6,7
28,6,19,32,16,4,9,4,0,17,58,87,4,12,3,9
30,6,15,30,18,4,11,1,0,11,55,87,2,10,0,4
30,6,17,30,17,6,12,0,0,16,55,87,7,12,3,5
28,6,21,30,18,5,14,1,0,14,56,91,6,10,2,5
29,8,19,32,15,5,10,-1,0,15,54,87,11,10,5,6
31,7,21,33,17,3,12,1,0,15,57,90,8,14,1,4
31,6,21,33,20,3,11,1,0,20,56,85,9,11,4,2
30,7,22,34,17,2,10,1,0,19,54,86,7,10,2,4
29,6,22,32,18,4,10,1,0,26,55,84,8,10,1,10
30,7,23,31,15,4,10,2,0,13,56,88,5,12,0,3
32,6,21,34,17,3,10,0,0,16,53,92,1,9,2,4
29,6,19,32,19,3,10,1,0,15,55,87,8,10,3,2
30,6,21,32,15,7,10,3,0,11,58,92,6,9,2,4
26,6,21,29,14,1,9,0,0,9,54,88,10,9,-4,7
31,6,22,31,15,4,10,1,0,14,55,87,7,9,4,5
28,7,23,30,18,4,12,0,0,12,54,89,6,13,5,2
28,7,21,31,15,3,10,0,0,15,56,89,1,11,1,3
31,7,19,30,15,5,12,2,0,18,53,84,7,9,3,5
28,7,20,30,15,3,9,1,0,17,54,86,3,11,3,5
27,7,20,32,15,3,9,1,0,16,55,87,5,11,7,5
27,9,22,30,14,3,8,-1,0,20,56,88,4,10,4,6
29,8,20,31,15,0,10,4,0,16,49,85,9,10,1,1
30,7,21,33,16,5,9,0,0,16,56,85,5,12,5,9
29,8,24,35,14,5,10,1,0,16,55,89,3,10,5,3
28,7,21,33,16,3,12,2,0,24,62,86,9,14,2,2
29,9,22,36,17,4,12,1,0,17,55,90,6,9,5,2
29,7,24,36,15,4,11,1,0,19,56,87,9,10,5,6
30,8,21,34,15,4,14,3,0,17,56,87,6,10,2,1
28,7,22,34,14,5,10,1,0,15,54,92,7,10,4,6
29,6,20,33,15,5,13,2,0,14,55,90,7,8,9,5
31,9,25,37,16,6,12,2,0,19,56,87,5,13,6,5
28,7,24,34,17,3,11,4,0,17,50,85,5,9,3,1
28,9,25,35,16,6,10,0,0,16,51,85,0,7,5,0
31,8,22,35,15,5,9,3,0,19,54,90,6,9,6,0
30,8,24,33,15,4,11,0,0,15,53,92,8,11,1,0
29,7,22,32,15,4,12,4,0,14,56,87,6,10,3,4
29,7,20,33,15,0,10,2,0,15,54,89,6,10,1,4
29,8,22,31,15,3,9,1,0,17,57,89,10,9,1,2
28,8,22,32,11,5,9,3,0,12,54,89,6,9,5,2
27,8,23,29,12,3,12,2,0,20,53,88,7,10,7,1
29,9,22,32,12,3,9,0,0,16,51,87,8,12,5,4
32,8,20,30,14,4,12,-1,0,11,55,89,8,14,0,5
27,7,20,31,12,4,10,0,0,11,48,84,7,11,3,7
28,8,22,28,11,3,8,1,0,12,51,88,7,12,3,4
27,7,22,28,14,2,5,1,0,16,56,88,3,12,5,6
29,8,22,29,10,3,10,1,0,12,54,87,3,10,4,6
30,8,25,27,11,2,6,1,0,11,51,89,6,12,2,6
29,9,21,28,11,2,11,3,0,14,55,88,9,11,5,1
30,7,22,28,15,3,9,1,0,17,55,86,7,9,5,5
28,8,21,28,12,5,9,3,0,10,52,87,7,10,5,5
27,7,23,25,12,2,9,2,0,19,52,87,5,8,0,1
29,8,21,28,11,4,5,0,0,11,54,90,4,11,6,3
28,8,21,27,12,2,8,1,0,14,54,87,11,9,6,4
29,8,25,28,12,3,9,2,0,17,59,88,4,9,8,3
30,7,22,26,14,2,10,0,0,16,52,86,1,14,7,5
26,8,25,28,13,4,10,-1,0,12,51,89,6,11,2,5
27,7,22,29,12,2,9,1,0,14,49,86,6,13,5,1
25,7,22,27,12,5,10,1,0,15,50,90,8,12,5,3
28,9,25,31,12,4,7,3,0,13,55,90,13,5,3,2
28,8,24,29,15,3,14,5,0,11,57,89,10,10,2,7
27,8,24,28,11,1,9,3,0,10,54,89,7,10,4,5
28,7,25,28,14,4,7,1,0,11,52,84,9,15,5,4
30,7,20,27,11,3,10,0,0,12,56,88,10,12,6,7
30,6,23,28,11,1,7,4,0,16,52,90,6,11,2,4
30,8,22,27,11,6,8,0,0,16,54,90,5,10,1,6
30,7,22,25,11,3,9,1,0,12,51,85,7,12,2,6
31,9,22,29,11,1,9,0,0,14,56,83,8,10,6,8
27,8,22,26,12,2,9,2,0,6,51,91,5,14,-1,6
28,7,22,28,12,6,9,1,0,13,54,83,7,8,6,6
28,8,24,31,10,2,9,0,0,12,54,88,9,10,3,2
28,8,22,26,10,2,9,0,0,14,52,89,6,12,4,3
30,7,21,27,10,4,7,0,0,13,52,88,4,11,4,6
27,7,22,27,10,2,8,3,0,16,60,85,7,12,1,4
27,7,19,26,9,4,10,1,0,10,52,89,6,11,5,4
28,10,23,27,10,4,6,3,0,12,54,87,7,10,0,4
27,9,25,25,9,4,7,2,0,11,54,87,7,11,2,5
29,8,23,27,11,1,9,3,0,16,53,88,6,10,1,6
29,9,26,25,9,5,7,-1,0,14,54,86,7,8,2,8
27,8,24,26,13,4,7,1,0,10,54,88,7,11,1,3
29,8,23,26,10,3,6,3,0,13,52,89,10,11,7,7
29,9,23,27,11,1,7,1,0,12,53,87,4,11,3,5
28,8,22,23,8,3,11,3,0,10,52,86,6,9,2,5
25,8,21,25,10,3,8,3,0,10,51,88,2,15,3,4
25,8,21,24,12,4,8,3,0,10,52,87,7,14,3,1
27,8,22,27,11,6,6,2,0,11,54,89,11,12,3,6
26,9,23,25,9,4,8,2,0,12,53,84,5,11,2,6
27,7,20,24,9,3,11,2,0,11,53,90,9,11,6,8
27,7,20,24,10,2,10,-1,0,11,50,87,5,8,5,6
27,7,23,24,11,1,9,1,0,8,53,87,12,10,2,3
29,9,22,28,10,4,10,1,0,15,49,87,7,11,6,4
22,8,23,28,10,3,10,2,0,12,55,87,7,13,5,7
25,9,23,30,12,5,9,2,0,11,54,87,5,12,-3,6
25,7,23,27,13,3,9,3,0,15,55,85,4,9,8,5
23,10,24,29,10,3,10,0,0,13,56,86,6,10,2,5
24,9,24,31,11,3,10,1,0,11,53,87,7,10,4,3
25,7,29,32,14,4,10,3,0,14,55,87,8,10,4,4
27,8,25,28,11,3,12,-1,0,8,55,89,10,12,4,5
26,9,26,30,11,3,12,3,0,13,58,90,5,10,0,2
25,8,27,32,13,3,10,-2,0,15,54,88,7,10,3,2
22,7,25,29,13,4,11,1,0,16,55,89,9,11,4,2
25,8,27,28,12,2,11,1,0,11,54,87,10,11,-1,6
24,7,26,27,10,0,6,2,0,13,53,88,6,12,6,7
22,9,27,26,10,3,10,-1,0,11,55,86,10,7,5,5
22,7,21,28,11,4,12,1,0,10,54,80,8,12,4,4
22,5,25,25,10,4,7,1,0,15,51,87,8,12,0,3
25,6,28,27,10,5,8,2,0,11,56,89,6,11,4,6
23,7,27,29,10,2,10,1,0,13,53,90,6,11,1,3
23,6,26,26,8,5,10,1,0,13,55,87,6,11,2,5
21,7,26,25,12,2,6,1,0,11,54,84,7,11,3,6
24,10,27,28,10,3,10,1,0,12,51,88,7,12,3,4
22,7,27,25,9,1,7,-1,0,10,51,87,6,12,2,1
24,6,25,25,11,4,8,2,0,13,53,85,8,10,5,1
23,7,27,24,10,5,8,1,0,9,52,88,5,11,6,6
22,6,29,24,8,3,9,-1,0,13,54,87,6,12,4,6
20,6,23,23,10,-1,10,0,0,13,52,85,8,10,2,3
21,6,26,22,7,2,6,2,0,8,53,89,6,10,4,9
22,6,25,22,10,1,10,2,0,11,52,87,4,13,4,5
22,6,25,22,7,3,7,2,0,10,52,86,8,10,6,5
19,6,24,20,9,1,8,1,0,11,55,86,7,11,6,7
23,7,23,21,5,6,7,1,0,10,52,87,9,10,1,4
24,6,25,22,9,2,8,1,0,11,56,87,3,9,5,3
19,6,24,21,6,5,6,1,0,9,54,87,6,13,5,7
24,8,26,24,7,3,7,-1,0,13,50,86,7,9,6,2
26,6,28,23,7,4,6,2,0,12,52,89,7,12,1,5
21,6,28,25,7,2,8,2,0,6,54,88,3,12,6,3
19,6,22,20,8,4,6,2,0,12,51,86,6,10,5,5
18,8,23,21,6,4,8,-1,0,11,55,84,5,10,2,4
20,7,24,22,11,2,7,3,0,12,52,89,4,10,3,3
21,5,23,23,8,1,7,0,0,8,52,84,6,11,3,7
19,7,24,24,7,3,5,-1,0,12,53,89,7,10,5,1
20,6,28,22,10,3,8,1,0,8,51,87,6,9,4,6
20,7,24,23,7,0,9,2,0,11,54,89,8,11,4,5
21,6,27,23,7,3,8,0,0,9,54,86,5,11,3,6
18,7,24,23,7,2,7,2,0,10,53,89,6,9,3,5
24,6,26,21,6,5,7,1,0,8,54,84,3,12,5,7
21,6,26,24,5,3,11,1,0,11,53,87,7,13,2,4
20,3,26,21,9,1,7,3,0,11,49,87,5,11,2,6
19,5,27,23,9,2,9,-1,0,9,52,87,9,11,3,4
20,6,27,22,7,4,8,-1,0,11,54,86,7,12,4,2
19,6,30,20,9,1,4,0,0,14,52,87,6,12,5,7
22,5,27,22,7,3,7,0,0,10,52,87,6,8,3,4
19,5,25,21,6,1,7,0,0,8,52,87,6,9,1,3
20,5,27,19,9,3,6,1,0,10,52,87,7,13,3,3
17,6,27,19,9,1,7,1,0,9,53,85,4,12,5,5
19,6,26,21,4,0,9,0,0,6,52,87,6,14,3,3
18,4,26,21,8,0,10,0,0,9,54,87,8,11,4,3
18,6,22,17,8,2,7,1,0,6,52,89,9,12,6,2
18,6,22,17,6,4,7,3,0,8,51,86,7,13,0,5
18,5,24,15,7,2,9,0,0,9,52,88,8,12,3,6
22,6,26,18,5,4,6,2,0,12,51,85,10,10,0,4
21,4,24,15,5,2,8,2,0,9,55,88,5,9,5,5
16,4,27,16,7,3,9,0,0,9,54,89,7,10,3,4
18,5,25,18,6,1,7,2,0,9,51,86,6,14,0,3
17,4,22,18,5,-1,5,0,0,6,52,85,3,12,2,4
17,7,28,17,7,2,6,2,0,9,48,84,8,12,3,2
17,5,23,15,8,2,6,3,0,9,52,87,7,12,2,4
20,5,23,16,5,0,7,1,0,9,56,88,9,15,6,4
19,6,25,18,5,0,5,1,0,7,54,87,8,13,2,6
17,6,22,18,8,4,8,-1,0,14,53,89,3,9,4,4
16,4,26,21,6,3,7,0,0,7,54,85,6,7,5,2
18,5,25,19,6,1,9,2,0,11,51,89,7,13,3,6
18,6,26,19,7,3,8,3,0,7,54,84,7,11,3,3
17,7,30,22,6,2,10,2,0,9,50,89,6,10,3,5
14,5,28,21,6,1,8,-1,0,10,53,85,4,11,2,6
19,7,29,27,12,3,9,0,0,7,53,86,6,10,7,5
18,6,30,23,10,3,5,2,0,10,53,87,6,10,4,5
18,4,27,22,9,4,9,1,0,10,55,87,5,10,2,4
16,7,28,23,7,5,7,1,0,10,54,88,6,10,2,5
20,5,27,25,9,3,9,1,0,13,51,86,7,11,2,6
15,7,27,18,4,1,8,1,0,9,51,86,8,11,5,6
16,7,25,20,8,1,6,2,0,10,56,86,6,10,5,5
15,6,25,21,8,1,8,5,0,11,50,86,7,13,5,1
15,5,28,18,9,3,9,1,0,14,56,86,7,13,6,2
16,6,23,18,8,2,7,3,0,8,51,89,5,10,3,3
16,5,26,20,7,3,8,1,0,6,55,86,6,12,1,4
12,8,22,20,5,0,4,1,0,11,55,91,5,10,4,5
16,5,25,20,8,2,9,2,0,8,51,85,7,11,3,6
13,5,25,19,3,1,7,1,0,8,55,90,6,11,2,4
16,4,23,18,8,1,8,-1,0,9,52,85,6,10,3,3
17,7,26,20,7,2,6,1,0,6,54,87,9,10,5,6
17,5,27,16,4,5,9,1,0,6,50,89,6,12,3,6
17,4,25,18,7,3,6,-1,0,11,54,88,5,9,2,5
15,6,27,14,7,1,6,-1,0,9,52,88,6,10,2,5
17,5,29,17,8,4,4,0,0,10,52,87,7,11,5,3
16,5,25,17,6,1,7,2,0,6,54,87,7,10,3,3
16,4,24,19,6,4,8,4,0,10,51,85,4,11,2,5
15,4,25,17,5,2,9,2,0,10,53,87,8,12,7,6
13,5,24,15,10,3,5,0,0,10,52,85,6,13,4,3
16,3,25,19,8,3,8,1,0,10,53,87,5,16,4,3
15,4,27,18,6,1,5,4,0,7,53,88,6,13,2,2
15,5,27,14,6,1,6,1,0,8,54,86,6,10,0,6
15,6,24,19,4,3,9,0,0,9,54,88,7,8,4,5
18,5,28,17,6,3,6,1,0,8,54,88,6,12,5,3
15,5,24,16,8,2,5,3,0,10,53,88,5,12,7,5
13,6,23,16,4,-1,7,0,0,8,51,87,7,10,5,4
16,6,21,15,3,6,7,1,0,9,54,87,6,13,5,6
16,5,26,16,5,0,6,-1,0,9,56,89,6,12,5,4
16,4,24,15,8,1,8,1,0,8,51,89,6,13,4,4
17,7,22,17,9,1,8,0,0,9,55,84,2,14,5,6
18,4,27,16,7,4,9,0,0,7,50,84,9,10,4,4
14,5,25,17,6,2,6,4,0,8,50,87,6,11,3,4
19,5,26,18,6,4,9,1,0,8,53,87,6,11,3,6
15,5,26,17,9,0,9,-1,0,13,53,87,3,15,6,6
17,2,26,17,4,2,3,3,0,6,53,87,6,12,5,5
16,5,25,18,4,2,8,3,0,9,51,88,6,9,4,2
14,5,25,19,6,0,6,2,0,9,53,86,5,10,3,2
17,6,27,19,4,-1,7,1,0,6,55,88,6,10,4,4
17,4,26,16,5,1,3,-1,0,6,52,88,9,11,0,5
14,7,22,16,6,5,5,1,0,9,52,87,6,12,4,4
16,4,25,14,6,3,7,-2,0,9,56,87,8,12,3,3
14,4,24,15,3,1,5,0,0,6,54,89,2,13,3,5
16,3,24,13,5,6,5,-1,0,9,54,87,6,12,3,3
15,4,25,14,3,3,6,1,0,6,53,86,6,13,7,4
14,3,24,15,5,2,8,1,0,8,52,88,6,13,4,2
16,4,20,15,3,4,8,1,0,9,50,88,8,12,4,4
15,4,24,12,6,1,7,0,0,8,54,88,6,11,1,1
15,5,20,15,7,5,6,-2,0,6,52,89,6,14,4,4
12,2,20,15,4,2,4,4,0,9,53,87,9,8,5,7
16,4,21,14,5,4,7,0,0,9,54,88,7,12,3,4
15,5,22,15,7,1,9,2,0,11,53,87,6,12,4,2
16,7,22,14,7,1,9,0,0,8,54,86,6,12,3,5
17,5,23,12,4,3,7,2,0,9,55,86,5,11,2,6
12,3,22,14,6,-1,7,0,0,9,54,87,6,13,3,6
13,5,21,15,8,4,5,1,0,5,53,84,7,11,3,3
13,5,22,15,7,2,7,0,0,7,55,90,6,10,4,4
12,7,23,20,7,0,6,1,0,9,53,87,6,13,5,5
17,6,24,17,6,3,6,3,0,8,53,87,3,13,7,4
11,7,22,16,5,0,7,0,0,7,54,87,6,12,3,4
14,7,22,21,7,2,7,1,0,6,52,86,6,13,5,6
15,6,23,19,7,3,7,0,0,6,53,87,6,10,4,1
15,6,27,21,5,0,7,1,0,11,55,88,5,11,2,4
14,7,24,18,9,0,8,1,0,10,53,87,6,10,5,4
12,6,25,19,5,1,8,1,0,9,56,87,9,11,4,6
15,6,25,19,7,0,9,2,0,11,52,90,7,12,4,4
11,5,22,17,6,6,8,0,0,6,54,87,10,13,5,6
12,5,25,17,7,1,10,1,0,10,53,84,6,11,3,4
12,6,25,18,6,-3,8,-2,0,7,53,88,5,12,3,4
11,6,24,18,6,2,7,1,0,8,52,85,9,14,4,7
13,7,24,16,6,4,6,0,0,8,53,87,8,11,5,6
12,5,19,15,4,1,9,-2,0,8,54,86,6,6,4,3
11,7,19,16,7,3,6,-2,0,9,56,87,6,11,5,1
12,6,24,17,6,-2,6,-1,0,8,53,87,5,12,5,2
13,6,21,15,5,0,8,1,0,10,53,87,9,11,4,1
12,6,25,15,8,3,8,0,0,9,56,83,6,11,1,3
14,4,25,18,3,4,7,2,0,9,50,90,8,13,6,5
8,4,22,16,6,1,6,3,0,8,51,88,9,11,7,5
11,6,24,12,5,4,6,3,0,9,53,87,6,10,3,4
13,6,24,14,4,1,8,2,0,11,52,86,8,11,3,1
12,4,22,16,5,0,5,1,0,8,53,91,6,13,5,2
11,5,22,14,3,1,6,4,0,12,55,86,6,11,4,1
13,5,23,14,7,4,6,0,0,7,53,89,4,13,3,4
12,7,19,12,4,2,5,1,0,3,53,91,10,11,2,3
12,5,21,13,2,-1,7,-1,0,7,54,87,7,11,2,4
13,6,23,15,7,3,7,1,0,8,56,88,5,12,3,6
11,5,23,13,6,1,7,2,0,7,53,87,6,14,6,4
14,7,21,15,6,2,6,1,0,8,51,85,5,11,6,5
12,5,22,13,5,0,6,1,0,10,52,86,7,8,3,3
12,6,19,10,5,2,8,2,0,7,52,88,8,13,3,3
14,5,22,11,5,4,7,0,0,7,53,89,7,13,5,4
13,6,21,11,6,4,7,1,0,8,52,86,7,13,4,4
13,4,22,11,7,2,7,0,0,10,52,88,9,15,2,5
11,6,22,13,6,0,6,0,0,8,52,87,9,11,4,4
15,5,19,13,3,3,4,1,0,5,51,87,10,13,5,3
15,5,20,15,3,3,6,1,0,10,54,87,6,12,3,6
10,5,18,11,6,2,6,1,0,5,52,87,4,10,6,5
12,3,20,11,6,3,7,-1,0,9,52,85,6,13,4,3
12,3,18,12,6,2,7,0,0,7,51,87,9,10,4,2
12,4,19,11,6,2,6,1,0,11,53,87,8,12,4,3
11,3,18,10,4,0,7,0,0,6,54,87,5,12,4,4
12,4,16,9,6,1,6,-2,0,9,53,86,7,11,0,4
