10,15,19,15,20,18,28,19,0,19,60,94,20,28,25,18
17,18,24,15,18,20,24,20,0,26,73,92,22,37,25,17
12,17,23,15,21,19,31,19,0,24,69,98,20,31,28,19
17,18,23,18,24,23,32,24,0,27,72,101,21,38,29,23
21,20,25,20,16,21,41,28,0,38,73,107,15,44,36,20
18,17,22,27,24,17,45,29,0,26,72,109,26,32,33,20
14,15,17,26,33,19,46,28,0,27,69,102,29,23,35,28
14,16,18,24,20,26,36,27,0,25,67,104,32,34,38,23
10,12,18,16,21,17,34,22,0,25,61,96,24,31,32,25
12,12,18,15,18,17,29,20,0,34,60,97,38,33,39,29
12,13,17,16,15,13,24,14,0,21,58,86,23,31,26,23
10,11,13,14,18,12,28,16,0,20,56,89,24,29,32,29
8,11,18,16,16,15,25,20,0,23,63,87,22,37,27,22
12,10,15,16,21,18,27,15,0,21,60,89,21,30,27,23
11,12,20,12,15,12,23,19,0,23,62,89,28,30,35,27
11,10,14,19,23,12,23,19,0,20,59,94,22,38,23,30
11,13,12,13,18,13,27,17,0,21,63,86,21,35,25,25
14,13,16,15,17,14,28,18,0,22,62,88,25,38,30,33
9,15,17,17,20,12,27,18,0,19,62,99,28,35,38,31
9,12,12,17,14,14,26,17,0,20,62,92,25,34,24,26
11,13,12,13,21,15,30,18,0,24,62,91,23,34,29,38
12,12,14,18,19,16,23,20,0,22,59,94,24,30,35,27
9,12,14,14,16,15,23,18,0,23,57,85,22,31,29,24
11,13,14,15,17,13,26,16,0,21,62,86,19,33,29,32
10,11,14,20,17,14,26,23,0,21,61,92,25,29,27,24
10,13,12,15,16,14,29,14,0,24,60,88,26,26,25,24
10,11,16,13,15,16,21,16,0,19,65,87,23,36,29,29
10,9,18,18,17,15,33,22,0,17,58,101,22,31,31,25
10,12,11,14,16,14,29,18,0,21,56,89,26,28,31,25
15,10,14,14,15,17,25,15,0,23,67,89,25,39,28,29
10,7,11,16,19,10,27,21,0,17,62,95,22,35,30,26
12,11,12,13,20,12,28,19,0,23,53,92,29,28,34,29
10,12,13,13,17,16,24,16,0,23,59,87,26,38,28,29
10,12,16,15,14,15,25,16,0,21,58,91,20,31,28,26
9,11,13,12,17,15,25,15,0,20,60,89,23,30,32,28
12,12,13,16,21,15,23,16,0,19,61,90,22,33,28,31
8,11,14,13,14,13,26,16,0,19,60,84,22,31,28,27
11,11,17,14,18,14,27,16,0,22,60,89,30,34,37,31
9,11,13,13,21,10,22,14,0,20,58,92,25,37,27,27
9,12,16,14,14,13,22,15,0,18,57,89,22,33,25,27
9,11,15,14,17,14,28,16,0,19,60,91,26,34,40,38
11,11,16,15,18,12,23,16,0,19,56,91,22,30,27,30
10,10,14,13,17,12,24,15,0,22,59,84,22,31,25,25
9,10,13,12,12,14,22,14,0,19,59,86,26,34,38,35
7,11,14,15,18,12,22,17,0,19,56,91,24,31,32,31
9,12,12,15,18,15,20,17,0,21,59,85,23,32,25,29
11,11,15,13,15,13,24,13,0,21,58,86,21,34,33,32
10,10,12,12,17,12,20,15,0,21,53,87,25,28,30,27
12,11,14,13,16,16,21,17,0,18,60,83,18,35,31,32
12,14,16,17,16,14,27,17,0,18,59,89,19,31,29,25
6,10,13,16,15,12,26,19,0,20,56,93,27,30,27,29
12,12,11,13,14,13,23,16,0,18,59,87,20,40,31,36
7,10,14,15,17,10,26,16,0,21,56,86,15,26,28,28
7,11,11,14,14,13,24,16,0,20,56,91,26,30,35,27
11,11,12,14,17,12,22,16,0,18,62,88,22,38,28,32
10,10,13,17,11,15,25,18,0,21,59,87,22,34,27,28
11,11,13,15,17,13,24,16,0,18,59,94,25,34,34,29
10,10,13,15,15,11,26,20,0,17,58,87,22,33,29,29
11,11,14,15,15,14,26,19,0,18,61,89,18,36,26,31
10,13,14,14,13,15,28,19,0,20,60,92,21,33,34,29
9,11,14,16,17,11,24,20,0,17,57,88,21,31,24,27
11,11,13,15,17,14,26,16,0,21,59,88,21,35,24,34
12,12,18,16,16,14,25,16,0,18,64,93,27,41,32,32
11,11,14,17,16,16,26,21,0,17,58,93,19,31,26,27
11,10,14,14,20,13,27,15,0,19,57,89,21,35,29,33
11,10,11,15,16,15,22,18,0,21,62,92,23,35,32,33
10,11,13,16,15,10,28,17,0,18,55,90,22,31,26,23
4,10,9,11,17,17,26,17,0,26,57,88,25,39,27,32
11,11,16,16,17,13,23,18,0,22,64,87,20,39,33,31
8,10,12,14,18,9,30,20,0,16,56,94,22,29,31,30
12,12,13,10,19,14,21,16,0,20,57,92,27,31,30,35
11,10,15,14,17,15,18,12,0,17,62,86,20,34,27,29
11,10,17,12,15,12,27,14,0,15,55,88,21,30,29,31
7,10,13,14,15,15,22,18,0,20,57,90,24,34,32,29
11,12,15,15,17,14,21,15,0,22,62,85,20,33,28,27
8,10,16,14,19,13,31,19,0,23,60,86,19,33,29,34
9,11,15,15,16,11,26,17,0,21,57,94,26,37,33,28
11,12,14,12,15,12,24,16,0,21,58,86,19,35,25,24
10,10,14,13,15,14,29,15,0,18,60,88,23,31,34,33
8,11,11,17,14,12,25,18,0,23,60,92,25,33,35,28
9,11,11,14,15,7,24,21,0,24,62,91,25,29,27,27
10,10,15,15,14,17,30,18,0,23,61,88,20,37,35,36
11,9,9,18,17,18,28,19,0,20,62,93,22,32,32,28
9,13,10,14,15,14,25,20,0,22,59,91,23,31,29,26
8,10,14,15,16,13,27,17,0,22,59,90,20,37,30,34
11,17,13,15,14,9,31,16,0,17,62,96,20,34,30,26
11,12,14,19,14,16,28,17,0,24,62,91,28,33,32,27
9,8,18,15,23,15,28,19,0,23,65,93,21,40,31,36
11,9,11,15,17,15,29,21,0,22,58,93,22,33,28,27
11,14,15,13,17,12,27,19,0,21,59,91,24,30,31,29
5,12,13,15,18,13,22,18,0,20,60,93,25,40,30,32
9,11,14,14,17,14,29,19,0,20,57,93,20,32,27,31
9,12,14,12,9,10,28,10,0,19,59,89,22,31,30,32
9,11,16,15,15,12,25,19,0,19,57,91,23,39,28,34
10,11,11,15,20,11,24,16,0,18,58,88,23,33,29,32
12,8,13,15,15,11,22,15,0,16,56,87,24,33,31,33
9,11,12,15,14,14,21,15,0,22,54,91,25,36,24,29
10,11,13,14,15,16,22,18,0,18,17,89,21,19,28,26
9,12,16,14,15,16,24,15,0,19,61,90,24,33,22,24
12,14,14,16,17,14,23,17,0,19,60,84,21,28,23,25
11,13,13,16,19,14,21,14,0,20,58,83,19,31,20,23
12,13,13,16,14,10,27,19,0,8,58,85,28,25,23,24
9,12,11,15,20,15,22,13,0,19,58,85,18,29,23,22
11,9,15,16,15,14,24,18,0,29,57,85,19,29,21,24
11,13,10,14,19,17,22,17,0,19,57,85,16,31,24,23
10,13,17,15,18,18,22,15,0,17,60,85,22,30,25,25
13,13,15,18,15,15,24,14,0,22,58,84,19,30,19,24
7,10,14,17,15,13,24,16,0,14,57,85,20,28,25,22
9,11,13,13,13,11,18,14,0,15,13,80,17,20,17,21
9,11,12,12,13,13,18,13,0,17,13,12,17,13,25,17
11,11,12,14,13,13,17,14,0,17,13,14,15,19,19,17
12,15,16,17,18,19,20,15,0,24,63,14,22,33,24,26
8,11,19,20,24,15,29,21,0,23,62,96,25,36,23,30
11,12,13,12,17,13,22,19,0,16,16,91,19,17,33,20
10,10,14,12,14,13,27,16,0,16,26,17,17,16,23,22
11,13,14,23,26,19,26,15,0,24,64,86,18,36,19,21
9,15,16,18,24,15,28,23,0,26,66,101,31,29,27,24
14,10,13,13,19,14,26,15,0,21,17,92,22,24,29,22
10,10,13,14,15,10,26,14,0,16,9,15,15,16,15,16
11,16,15,21,26,14,21,17,0,22,65,13,22,29,20,20
14,11,15,23,21,16,28,19,0,24,64,104,28,34,30,23
14,15,20,18,20,13,34,19,0,25,62,92,24,23,25,20
11,13,16,19,18,16,25,17,0,25,60,89,21,24,21,19
13,15,17,27,22,17,26,25,0,31,67,99,29,30,25,21
12,14,17,22,17,14,39,23,0,22,64,99,23,29,29,20
13,12,18,15,18,15,31,17,0,14,12,92,17,17,19,19
13,18,16,22,17,15,22,15,0,20,64,49,21,30,19,21
16,16,17,30,21,13,33,23,0,20,69,101,24,24,31,18
13,15,17,15,18,16,34,18,0,22,56,99,19,26,22,17
11,15,17,16,17,15,28,18,0,14,60,86,17,23,26,17
14,16,18,31,22,17,29,17,0,21,64,96,28,26,17,19
14,15,23,20,21,16,37,26,0,23,62,98,20,23,26,18
12,12,9,17,15,12,26,19,0,21,58,91,17,22,18,19
12,20,17,26,20,16,26,15,0,22,67,86,21,25,24,19
14,15,17,24,28,14,32,23,0,24,67,96,20,30,20,20
9,14,17,15,20,16,30,19,0,23,59,97,25,25,20,19
9,16,18,17,20,14,34,16,0,22,58,88,16,21,23,18
14,18,25,29,27,20,28,18,0,15,68,92,20,36,25,20
10,14,18,21,22,18,31,26,0,25,64,106,29,28,23,17
14,15,16,20,18,17,32,20,0,24,60,92,17,28,21,19
14,22,24,21,21,16,31,19,0,26,67,89,20,32,22,21
12,16,17,25,25,20,28,22,0,34,63,98,21,27,22,23
14,13,17,20,20,14,30,18,0,19,58,95,24,23,24,20
19,17,16,19,20,21,28,14,0,26,67,86,24,25,20,16
12,21,25,21,30,22,31,20,0,31,67,98,24,33,25,22
13,18,16,26,25,18,31,17,0,26,62,97,27,23,20,20
14,15,14,17,15,12,29,19,0,20,18,92,19,25,19,20
15,15,17,17,21,22,24,17,0,33,65,14,19,27,19,14
11,24,16,25,23,17,35,19,0,33,78,97,28,30,22,21
13,16,18,25,26,18,35,24,0,32,60,98,16,29,19,19
13,15,15,21,21,14,28,18,0,22,66,88,18,27,20,13
16,21,21,20,24,20,36,20,0,28,69,98,21,28,32,21
16,20,16,28,28,14,34,22,0,26,65,97,23,27,24,18
14,13,18,19,24,14,29,23,0,22,61,94,20,22,23,19
17,17,17,21,22,16,29,17,0,26,68,94,22,28,25,19
21,25,23,22,21,16,35,19,0,23,64,96,19,34,25,17
14,16,20,21,30,19,31,25,0,25,59,95,24,27,22,19
13,16,15,22,20,18,27,16,0,27,62,97,19,25,26,17
18,22,19,20,21,17,35,18,0,24,66,93,18,28,21,18
13,19,20,23,32,20,33,19,0,28,63,95,29,35,23,16
14,17,17,25,26,18,26,17,0,22,67,99,26,27,21,18
16,18,14,20,22,14,34,21,0,26,66,97,22,24,20,17
18,17,20,19,23,19,35,19,0,23,66,96,22,29,23,17
14,19,19,24,31,21,30,23,0,39,73,98,26,24,26,22
12,11,15,21,22,18,28,20,0,23,62,96,21,22,22,15
19,17,17,20,20,14,30,18,0,27,64,91,22,29,21,16
15,20,18,17,24,23,29,19,0,27,79,95,22,19,25,17
16,19,22,24,22,15,35,19,0,25,62,98,22,24,25,27
18,15,19,18,25,14,30,22,0,24,60,89,23,23,17,15
15,19,21,19,20,24,27,16,0,31,72,97,21,29,28,16
15,20,18,23,21,17,41,16,0,45,64,99,36,24,36,22
11,14,15,19,25,18,24,16,0,23,56,92,18,25,16,16
14,18,22,15,20,18,21,20,0,25,64,87,24,30,22,15
18,23,16,20,22,24,39,20,0,10,68,106,26,39,33,25
14,16,24,18,25,17,30,19,0,26,59,95,18,24,23,18
13,15,16,18,19,18,24,18,0,27,63,88,25,25,22,17
15,17,18,25,23,19,31,22,0,25,66,100,23,28,30,25
18,21,30,22,22,23,41,17,0,30,66,98,20,31,33,15
14,17,22,19,28,21,29,20,0,27,64,89,22,22,20,17
12,15,20,21,17,19,26,18,0,23,61,96,24,25,22,17
21,18,19,20,20,20,32,22,0,24,67,95,24,24,25,20
14,16,25,17,26,23,26,17,0,28,64,96,21,30,24,20
14,18,16,18,21,19,27,18,0,24,58,96,25,23,20,16
18,18,18,22,20,16,24,20,0,22,66,92,19,26,23,17
18,21,30,22,24,24,35,19,0,31,68,97,27,34,24,15
15,18,19,16,24,24,26,18,0,30,60,96,19,23,28,19
12,16,18,21,20,14,19,13,0,25,60,86,20,22,18,16
20,19,25,22,27,24,35,17,0,25,73,98,25,32,28,18
15,14,22,16,20,27,29,16,0,25,63,99,21,27,24,19
12,15,19,17,21,19,24,14,0,23,58,92,21,24,21,18
17,15,19,21,25,18,26,23,0,26,67,92,20,21,22,17
11,18,25,17,24,25,30,16,0,35,61,100,32,40,24,21
15,18,20,19,21,20,31,14,0,27,64,95,24,25,21,20
14,15,15,22,22,17,27,18,0,25,56,91,24,24,22,16
16,14,21,20,20,18,25,21,0,21,63,96,24,27,25,18
16,18,20,19,19,22,29,19,0,38,65,97,24,30,31,22
15,14,19,18,24,17,29,20,0,27,60,94,24,25,21,20
15,12,19,19,23,18,25,25,0,21,64,89,26,23,20,15
11,18,24,21,25,28,25,16,0,35,62,104,36,29,35,32
13,19,19,20,22,21,30,19,0,30,56,93,25,20,22,20
13,15,19,20,23,18,25,17,0,23,61,90,22,26,22,14
15,16,23,23,23,21,26,23,0,28,63,106,28,27,28,17
17,17,22,19,17,19,32,21,0,29,62,98,23,23,30,21
14,19,21,23,27,22,28,18,0,25,64,93,20,31,24,17
15,16,17,18,25,20,25,22,0,21,61,100,28,28,23,16
16,17,19,21,20,23,25,19,0,26,65,97,24,25,29,19
19,18,24,18,23,20,36,18,0,29,58,98,24,24,24,23
14,16,19,19,23,22,23,19,0,25,63,89,20,23,22,13
15,19,19,27,22,18,26,17,0,28,63,96,26,29,29,11
17,21,22,18,22,18,41,23,0,31,62,94,22,24,26,18
13,15,20,19,30,24,28,16,0,28,60,95,20,27,21,19
13,17,21,25,21,19,23,17,0,25,59,95,32,25,25,19
25,17,24,21,20,18,30,15,0,37,72,94,25,33,25,19
18,21,28,20,20,26,36,27,0,28,70,101,29,35,32,22
19,19,22,20,21,22,28,17,0,26,69,93,19,24,24,18
17,22,26,18,26,24,31,18,0,24,64,101,21,27,21,18
15,21,21,18,25,21,26,19,0,28,61,94,20,25,24,17
18,20,24,19,28,23,27,17,0,26,65,94,24,29,25,21
16,18,27,18,26,20,27,21,0,26,65,92,19,28,23,17
15,20,23,17,24,22,24,17,0,25,64,89,28,33,20,17
17,18,21,15,24,22,26,21,0,28,64,92,22,29,20,22
11,18,18,14,19,18,22,19,0,25,15,88,29,14,26,16
19,26,25,21,28,24,23,18,0,31,72,90,31,36,23,17
16,22,25,17,28,26,30,22,0,28,67,97,29,27,24,14
19,23,29,19,35,27,31,24,0,26,71,101,24,33,27,17
22,28,34,25,30,28,25,24,0,35,77,98,30,38,27,18
21,26,29,20,28,23,36,25,0,33,76,103,24,39,27,23
21,20,27,24,26,23,46,29,0,33,72,106,27,33,28,23
14,17,20,23,23,21,40,23,0,31,70,116,37,33,39,28
11,20,22,23,28,24,31,25,0,32,67,101,26,34,28,24
13,17,17,19,19,17,37,20,0,29,66,96,24,29,25,24
14,14,16,19,23,19,30,21,0,27,60,100,26,29,37,26
16,18,17,16,19,17,26,18,0,27,67,90,22,32,25,23
10,14,19,17,20,16,29,17,0,22,61,90,26,32,32,28
10,16,16,20,21,9,27,21,0,25,63,91,26,35,27,21
12,13,15,15,21,18,30,19,0,24,68,92,20,33,26,23
13,16,16,18,19,19,32,18,0,26,62,91,24,33,30,31
13,14,18,20,17,14,29,20,0,25,67,97,28,34,43,32
9,13,20,19,22,19,28,23,0,25,62,99,26,35,30,26
9,14,19,17,20,14,28,20,0,24,63,94,25,32,25,26
9,13,19,19,18,20,31,18,0,23,63,94,24,37,30,36
10,10,19,19,14,14,28,18,0,23,62,97,25,35,33,30
8,14,18,15,18,16,29,22,0,22,61,90,22,28,30,22
11,11,18,14,16,17,25,20,0,28,59,90,26,34,28,38
14,12,17,15,18,13,22,17,0,21,60,95,24,34,38,29
10,13,14,18,19,16,27,19,0,23,61,93,24,28,31,25
10,13,15,18,20,14,26,16,0,27,64,87,24,32,27,28
10,13,15,16,20,14,28,19,0,22,67,96,25,33,38,36
12,15,15,17,17,19,33,26,0,20,59,97,25,31,29,25
5,14,15,17,22,12,26,19,0,26,59,91,29,29,32,24
13,17,17,15,22,17,28,19,0,29,64,93,24,38,28,30
14,15,18,16,20,17,31,19,0,26,64,97,26,35,35,27
12,11,15,16,20,10,33,22,0,23,59,95,26,29,34,28
10,11,16,17,19,18,27,18,0,28,62,91,24,34,30,28
12,12,20,17,18,17,25,21,0,26,67,97,24,34,31,32
9,11,16,18,19,18,31,20,0,22,57,93,24,31,33,29
9,14,17,15,20,18,25,13,0,25,61,92,30,32,35,27
11,11,18,18,22,14,24,16,0,25,65,89,21,35,27,30
11,11,12,18,17,11,28,19,0,21,61,92,23,33,29,28
14,12,17,16,16,18,30,18,0,22,58,96,26,30,34,32
13,17,14,17,17,18,26,17,0,26,64,92,26,36,25,27
11,9,19,16,23,19,25,16,0,26,64,91,25,33,27,27
8,14,19,15,20,13,31,21,0,20,63,91,24,37,35,34
14,13,21,14,16,16,23,25,0,22,59,101,26,31,37,28
11,12,14,14,18,15,25,20,0,22,58,92,27,34,26,27
11,11,18,15,15,16,27,17,0,24,61,92,22,38,34,35
10,12,14,14,16,15,25,17,0,18,60,93,27,34,34,32
11,11,12,14,20,20,26,15,0,20,58,92,26,31,30,26
13,11,14,15,17,16,26,20,0,25,58,91,28,34,30,33
10,11,15,14,19,15,30,18,0,21,64,95,29,38,44,35
8,12,14,16,13,18,30,18,0,17,59,93,25,29,30,27
10,12,18,13,17,17,26,18,0,24,58,91,27,30,29,28
11,11,15,14,20,19,26,19,0,23,61,91,22,40,33,36
9,11,14,18,18,15,30,19,0,24,61,94,25,31,34,27
9,11,15,14,15,14,26,19,0,25,59,89,26,29,34,27
10,10,16,15,18,15,25,19,0,21,58,90,24,36,31,29
12,11,18,14,19,15,28,18,0,19,64,90,23,36,35,32
14,13,12,15,20,14,32,19,0,22,61,92,25,32,33,26
12,11,15,17,16,11,24,18,0,20,59,93,29,33,32,27
9,13,16,13,18,16,29,17,0,24,61,92,22,38,30,32
9,14,11,19,16,18,26,23,0,21,60,91,22,32,28,29
11,14,18,15,20,16,29,16,0,20,59,92,29,31,35,29
12,13,16,17,18,16,25,22,0,21,62,91,23,39,28,31
11,12,16,17,18,16,27,18,0,21,66,94,23,40,26,30
9,11,17,14,18,15,31,19,0,19,61,94,30,35,33,34
9,13,14,16,18,19,24,20,0,24,56,93,27,31,31,27
10,16,14,15,20,12,26,18,0,22,65,88,22,33,27,25
9,13,16,16,18,14,32,22,0,24,58,94,18,36,35,36
11,11,9,15,19,15,31,21,0,21,60,101,23,34,34,30
5,16,17,17,18,11,28,21,0,23,62,91,22,33,29,25
12,13,18,15,19,17,31,20,0,27,61,92,24,39,29,35
13,13,18,14,21,12,27,16,0,26,65,95,27,40,39,36
10,9,10,18,18,13,30,26,0,22,60,95,19,32,30,27
12,13,12,17,23,14,27,19,0,25,61,91,25,31,30,28
11,14,13,14,20,15,27,16,0,24,67,91,21,43,32,36
9,11,14,14,22,16,29,16,0,23,62,96,22,31,31,25
9,12,15,17,14,14,30,19,0,22,58,94,28,32,30,28
12,12,19,16,18,16,26,17,0,29,67,94,24,44,29,37
12,10,13,16,16,10,28,15,0,24,63,95,22,36,30,32
12,12,13,16,12,14,28,17,0,21,62,92,25,32,37,31
13,11,12,15,13,11,26,18,0,25,62,96,30,37,33,33
13,12,10,16,17,15,26,20,0,20,63,91,23,32,25,31
8,9,15,15,13,12,28,19,0,21,59,90,22,31,29,28
11,11,14,15,19,19,24,18,0,21,62,92,26,36,40,29
13,14,19,17,22,16,28,20,0,25,63,95,23,34,30,29
4,11,13,18,13,23,30,15,0,24,63,91,24,33,27,27
9,11,13,15,15,15,28,17,0,20,64,92,22,34,33,33
11,13,14,20,20,18,30,21,0,20,61,96,32,37,32,24
10,12,13,15,17,13,27,16,0,23,62,92,25,34,27,22
13,14,17,15,17,16,31,15,0,21,66,91,21,38,35,29
8,12,16,22,18,12,25,23,0,22,64,98,28,31,36,27
12,12,15,15,17,15,30,23,0,18,60,93,28,28,30,27
7,13,15,16,17,17,31,19,0,24,63,92,24,36,30,30
9,11,19,18,17,15,29,19,0,24,68,94,21,39,35,27
11,9,13,19,18,15,35,23,0,18,60,95,24,29,30,25
11,13,13,17,16,14,27,19,0,27,61,91,28,33,30,26
9,18,19,15,20,17,31,19,0,25,68,93,24,41,27,28
11,14,18,20,20,13,34,19,0,24,63,97,22,33,33,26
12,12,10,18,18,18,31,21,0,25,58,97,24,33,36,28
10,12,17,14,25,14,27,18,0,22,62,93,23,37,31,34
14,10,14,15,16,19,33,19,0,23,66,94,22,37,27,29
9,8,13,19,20,12,37,20,0,20,62,99,32,32,39,33
10,12,13,16,19,14,27,19,0,25,60,99,23,38,34,29
12,11,12,16,17,14,26,22,0,22,63,91,25,37,29,31
9,21,17,16,23,16,33,19,0,22,60,92,22,38,34,38
10,10,16,15,17,16,24,21,0,20,57,99,28,35,36,33
11,8,14,15,19,14,24,19,0,19,65,93,23,39,29,27
9,12,13,16,18,18,28,18,0,21,58,91,20,35,28,31
11,12,13,16,15,14,26,18,0,18,59,93,25,35,32,33
8,12,12,15,17,14,25,18,0,16,58,94,26,32,30,26
7,8,13,15,16,12,22,15,0,21,59,88,22,30,25,23
10,12,16,19,20,15,26,16,0,19,57,86,24,31,22,24
10,13,10,19,16,15,25,20,0,22,54,86,21,30,25,22
10,11,14,21,17,14,22,16,0,21,57,89,22,29,22,23
10,11,12,19,16,14,23,21,0,22,57,88,21,28,20,23
14,12,13,17,15,14,22,16,0,20,57,87,21,27,23,23
12,13,13,16,14,13,26,17,0,22,59,87,22,32,21,22
11,11,16,16,16,14,24,18,0,11,57,88,19,25,25,21
10,11,14,16,17,12,26,17,0,18,56,85,20,29,21,24
10,11,15,15,16,11,21,15,0,16,52,86,20,29,21,21
9,13,15,18,20,13,22,17,0,19,64,86,24,31,22,19
14,14,15,17,19,15,23,18,0,29,59,87,25,35,21,23
7,11,14,12,13,14,24,20,0,24,49,87,21,25,20,21
9,9,13,11,13,13,18,17,0,16,13,14,15,16,18,17
8,10,13,12,14,13,21,16,0,16,12,15,17,19,15,16
11,17,15,17,15,14,21,15,0,31,68,14,21,29,25,24
14,12,18,22,26,20,26,23,0,25,67,101,22,33,31,26
12,12,17,13,19,13,24,21,0,23,57,97,24,32,28,22
14,13,13,13,19,12,28,14,0,19,25,81,18,21,22,23
14,13,15,20,24,18,21,20,0,28,62,86,24,29,23,20
10,11,14,20,20,15,28,19,0,23,64,100,25,33,26,19
13,16,18,17,16,15,36,18,0,23,63,96,21,30,31,22
10,12,19,22,20,19,30,15,0,17,57,88,20,27,18,23
12,12,12,23,25,18,29,24,0,23,62,91,25,32,21,17
11,16,20,20,17,18,28,19,0,22,65,98,25,31,30,24
16,20,20,20,24,19,39,23,0,28,64,96,27,32,26,22
14,16,19,20,26,17,27,19,0,25,64,95,21,31,21,17
12,11,17,22,21,14,31,18,0,26,60,98,21,29,25,19
14,21,19,19,20,14,36,19,0,23,71,94,25,28,21,18
11,16,20,19,26,18,30,19,0,34,59,95,16,30,27,19
15,17,17,23,18,16,28,19,0,21,61,97,24,27,23,18
17,17,14,23,20,12,34,20,0,18,64,96,20,22,26,17
14,17,21,17,20,15,30,21,0,26,62,96,20,28,26,18
10,19,20,20,18,21,29,16,0,28,62,90,17,27,18,17
14,17,17,26,19,15,32,19,0,20,66,92,23,27,17,19
19,17,21,19,20,19,36,24,0,19,69,101,21,31,24,17
13,14,16,19,19,17,31,19,0,25,57,95,18,25,25,19
14,17,17,25,16,14,21,17,0,17,64,85,20,22,20,17
16,17,15,22,21,17,31,24,0,21,67,96,23,29,25,20
12,13,19,21,20,19,31,18,0,17,60,106,20,29,24,27
13,21,19,21,18,15,29,15,0,24,65,90,21,25,22,18
14,16,18,29,23,18,27,23,0,32,66,95,19,23,24,19
11,20,24,22,20,21,31,21,0,32,66,99,33,28,28,17
14,16,14,15,20,19,34,19,0,26,65,96,19,26,24,23
12,19,17,23,21,17,26,15,0,21,60,90,19,24,22,16
12,16,15,24,18,22,26,24,0,22,68,100,16,37,19,19
14,16,18,27,19,15,31,18,0,27,59,101,29,35,25,21
19,19,23,18,20,18,35,19,0,21,64,96,17,26,25,18
13,16,22,21,24,18,27,20,0,27,63,94,22,24,22,16
15,18,22,30,23,19,28,22,0,13,67,100,26,26,29,17
16,22,20,21,20,15,33,21,0,21,63,99,19,25,22,18
14,15,21,16,22,19,26,19,0,24,61,95,21,28,20,20
22,22,17,27,19,17,31,15,0,28,65,93,21,25,18,18
18,16,18,29,26,19,35,26,0,16,72,98,22,28,25,22
16,17,22,20,24,19,32,19,0,25,66,101,29,32,29,18
14,20,17,20,26,19,35,17,0,24,62,96,21,26,24,19
16,19,16,27,28,17,28,21,0,20,63,91,23,26,23,15
20,14,22,26,28,14,33,24,0,24,64,98,21,27,22,17
16,20,22,17,21,21,35,15,0,27,66,99,22,26,21,20
18,18,14,24,25,10,28,21,0,23,66,95,21,24,23,17
17,15,19,21,21,23,35,20,0,13,62,106,18,24,32,22
17,19,18,21,19,13,31,16,0,21,66,92,20,22,22,16
8,20,19,27,26,15,26,19,0,20,68,95,19,33,19,17
17,14,22,25,25,20,27,23,0,26,67,104,25,27,25,21
19,17,18,16,17,19,36,18,0,24,60,98,23,22,24,17
11,16,17,19,20,14,26,17,0,21,59,89,17,24,22,17
14,25,20,31,28,20,29,19,0,28,66,96,30,30,23,19
19,20,17,23,25,14,32,19,0,24,67,101,25,23,24,17
16,17,17,17,21,14,26,16,0,18,58,93,20,21,20,14
16,21,20,19,19,22,26,18,0,30,66,92,22,28,24,16
18,24,26,31,27,18,31,19,0,25,64,99,28,29,25,20
18,16,24,18,22,13,34,26,0,20,61,96,27,22,19,17
17,18,27,18,20,25,26,19,0,22,65,92,20,25,21,16
11,20,23,29,23,20,28,15,0,30,62,97,25,27,24,19
16,17,19,22,29,16,33,24,0,24,66,96,22,26,14,18
14,13,24,19,19,18,27,21,0,22,63,97,20,28,19,16
17,23,22,20,21,25,32,18,0,29,67,95,21,28,23,22
13,18,26,25,28,19,26,20,0,22,62,94,24,23,19,19
16,11,25,21,22,19,28,23,0,26,69,98,27,35,25,16
16,19,19,19,19,19,29,19,0,26,63,104,21,22,26,17
16,22,27,29,30,17,30,21,0,23,66,98,36,30,20,17
16,18,24,22,31,22,32,23,0,29,66,102,22,28,24,19
16,14,22,20,23,17,27,22,0,22,58,94,20,22,25,17
20,21,20,18,21,18,24,21,0,25,65,92,21,24,23,15
15,22,29,24,29,23,29,23,0,35,68,91,23,30,23,23
13,15,21,20,23,17,26,22,0,28,58,99,26,22,20,21
18,16,20,20,19,15,25,14,0,21,62,91,20,22,21,17
20,23,31,23,28,27,27,12,0,32,72,98,24,35,20,19
14,18,24,19,27,23,26,19,0,28,61,99,26,25,21,24
13,15,19,20,19,16,27,19,0,25,61,93,19,22,22,18
23,21,28,20,22,23,32,20,0,23,70,96,20,32,23,16
14,15,22,20,25,25,24,20,0,31,62,104,29,25,25,18
14,15,20,24,20,18,27,15,0,26,63,92,21,20,20,18
20,17,22,22,25,19,31,27,0,21,67,96,19,28,22,17
20,18,37,20,26,27,31,15,0,21,72,97,22,18,25,17
14,24,24,24,23,18,27,17,0,46,61,95,27,24,18,22
19,16,18,21,21,14,29,17,0,27,58,97,24,23,23,15
16,16,23,17,21,19,23,17,0,26,69,93,21,28,24,17
17,23,21,21,26,25,24,20,0,39,64,102,28,29,24,28
17,15,21,24,25,19,27,19,0,29,61,102,25,22,24,14
14,16,21,19,23,16,24,22,0,27,61,93,19,25,20,17
17,21,26,20,21,29,28,19,0,36,63,99,24,29,27,21
17,18,23,19,22,19,27,16,0,27,60,92,24,26,23,20
15,16,22,19,26,19,24,19,0,27,62,88,23,22,20,15
15,15,27,20,17,24,27,25,0,36,67,107,31,27,13,14
19,19,19,20,20,19,30,14,0,29,63,93,21,28,24,18
15,16,22,29,32,24,26,21,0,25,65,95,28,30,25,20
14,11,19,20,23,16,27,19,0,25,59,96,28,24,20,19
20,23,22,21,20,18,22,18,0,28,67,91,22,26,21,15
20,16,27,24,29,25,34,19,0,30,63,98,23,29,21,15
11,16,21,16,27,22,24,19,0,28,57,92,25,23,25,14
19,16,22,20,22,19,25,18,0,26,73,87,25,25,22,16
23,25,29,24,26,27,32,19,0,39,58,99,27,24,29,12
16,14,21,21,29,26,32,18,0,31,58,98,24,25,21,16
13,16,22,21,22,20,25,20,0,29,59,97,26,25,21,15
20,22,22,21,17,20,26,16,0,33,72,93,18,24,22,21
23,26,25,20,30,26,36,23,0,36,66,104,31,28,32,22
15,21,22,19,26,24,26,19,0,27,65,96,19,23,23,17
15,20,26,23,30,29,26,21,0,26,61,100,19,29,26,22
14,17,22,22,29,18,23,19,0,27,60,94,19,27,23,16
13,20,24,21,27,29,21,22,0,32,63,94,29,26,23,16
17,18,23,20,30,25,21,20,0,27,62,92,20,27,25,18
16,21,24,19,29,26,24,19,0,36,63,93,22,28,20,16
14,16,24,20,27,27,24,20,0,25,59,90,23,27,24,15
