17,13,13,10,14,15,15,11,0,18,59,88,19,20,12,17
16,12,13,12,9,17,19,12,0,19,57,90,17,18,14,13
15,13,16,11,11,14,17,9,0,16,57,86,16,19,17,13
17,15,17,12,12,17,16,10,0,19,59,90,17,18,12,15
17,13,17,12,13,12,17,9,0,17,55,90,16,21,14,15
19,13,15,13,11,16,19,7,0,16,58,89,19,21,15,15
23,15,21,14,13,14,16,9,0,17,58,90,16,20,15,12
21,18,20,13,14,19,15,13,0,22,59,90,17,23,15,15
25,17,22,15,13,20,17,11,0,8,62,92,19,19,10,15
24,19,22,12,13,18,20,13,0,21,63,93,15,22,17,18
27,22,27,13,15,18,16,11,0,14,62,93,15,18,14,12
29,23,24,17,16,20,17,9,0,19,60,95,23,20,12,14
24,24,25,18,16,19,16,12,0,21,63,94,18,18,16,16
28,25,28,19,18,22,18,9,0,20,63,96,19,22,16,17
27,24,28,18,19,22,18,15,0,22,60,96,19,21,20,15
28,23,28,19,17,23,19,13,0,22,62,92,19,23,17,14
27,25,27,21,20,23,23,15,0,24,65,93,16,25,18,13
26,25,29,20,19,22,22,15,0,24,64,96,20,23,16,13
27,27,30,25,18,23,22,14,0,19,62,94,23,22,19,14
30,26,29,26,19,24,24,15,0,26,64,93,21,22,15,16
25,27,28,25,22,27,25,18,0,19,68,96,20,19,18,18
27,29,28,26,21,25,27,20,0,26,64,96,25,27,20,14
26,31,26,27,22,24,28,19,0,28,63,95,17,27,19,17
27,29,28,27,22,24,31,14,0,25,65,96,22,22,16,17
24,29,31,31,26,24,30,20,0,29,68,93,33,25,16,17
23,28,30,32,22,25,31,16,0,28,67,96,20,22,18,18
23,29,32,32,25,30,32,19,0,26,70,96,30,25,19,15
21,25,28,28,23,27,32,18,0,29,66,97,21,23,19,17
21,25,32,30,29,32,35,21,0,35,68,95,26,23,22,16
26,31,28,30,19,25,32,19,0,20,65,101,29,26,27,6
28,27,21,32,33,35,41,25,0,39,62,100,27,25,11,19
24,28,27,31,25,29,39,22,0,37,70,98,25,24,22,12
17,27,27,27,29,28,33,19,0,41,67,92,29,20,17,17
21,25,31,28,20,30,34,18,0,36,68,98,27,22,19,17
21,23,30,21,23,29,31,19,0,32,69,97,24,28,21,15
21,25,28,28,26,29,30,19,0,36,68,93,23,26,19,18
22,26,30,29,25,30,33,19,0,35,71,98,27,26,19,16
23,28,30,28,26,31,31,19,0,33,66,98,27,27,22,15
22,28,31,28,23,31,32,21,0,36,65,100,28,27,24,14
21,27,32,28,25,32,36,16,0,34,67,98,30,25,22,15
20,27,32,28,24,30,34,20,0,30,64,97,23,21,17,16
19,25,30,27,23,30,33,18,0,29,63,96,24,23,22,15
23,27,33,27,25,30,31,20,0,29,70,96,27,26,20,18
22,24,27,28,23,29,34,18,0,33,65,97,27,25,19,17
26,27,28,31,26,32,32,18,0,32,68,97,24,27,21,19
25,26,28,26,23,26,34,21,0,28,68,98,27,24,20,15
22,28,32,29,25,28,35,20,0,30,68,98,24,23,19,17
21,28,28,27,24,29,34,19,0,34,67,97,27,22,20,14
25,30,31,30,22,30,30,19,0,32,69,98,27,25,21,19
19,27,32,30,25,28,31,19,0,36,67,102,26,27,23,13
23,28,29,30,25,31,33,19,0,33,65,100,23,25,19,14
21,27,30,28,26,30,35,21,0,31,68,98,27,25,21,17
21,27,32,30,22,25,35,22,0,31,69,97,27,20,18,16
24,29,32,31,24,29,34,21,0,31,69,98,27,22,18,15
26,29,34,28,25,24,35,20,0,35,66,98,24,25,18,16
22,28,30,27,26,31,30,18,0,31,68,94,25,23,19,16
22,25,33,26,26,33,33,18,0,31,64,96,26,23,19,15
26,27,28,26,28,29,33,19,0,32,67,99,28,24,21,13
25,28,32,27,24,30,30,18,0,32,70,97,24,25,18,16
22,30,31,29,25,29,31,21,0,33,67,96,24,20,23,15
27,31,29,30,28,29,34,20,0,35,70,98,23,24,19,15
25,30,31,28,27,30,32,21,0,30,65,97,27,21,20,16
29,26,30,29,24,27,30,18,0,30,65,99,24,22,15,18
23,27,28,30,29,31,31,18,0,32,65,99,22,24,18,22
25,28,30,30,27,29,28,19,0,30,68,97,27,21,18,15
23,27,29,27,27,30,29,17,0,31,67,98,25,25,20,16
24,28,29,29,26,29,31,17,0,34,69,96,23,27,20,15
26,28,28,27,25,31,30,19,0,34,67,98,27,23,22,16
27,29,33,29,27,30,31,19,0,35,64,97,23,22,19,17
25,28,29,27,23,30,28,16,0,31,64,95,26,22,22,15
27,26,32,25,25,25,28,19,0,34,66,96,25,24,17,15
25,29,29,28,24,27,26,17,0,31,67,93,24,22,20,14
25,29,27,29,27,31,31,20,0,30,62,98,25,22,20,18
26,28,31,28,26,28,31,19,0,32,65,96,24,25,22,16
27,30,34,28,26,30,34,21,0,32,70,95,24,25,18,16
25,24,32,29,28,31,28,16,0,33,65,100,24,23,17,16
24,28,30,29,28,30,31,18,0,28,65,99,24,23,20,15
26,26,35,27,29,29,31,18,0,33,70,95,23,26,19,19
23,29,27,30,30,32,33,20,0,32,68,96,22,24,25,14
24,26,28,30,28,28,33,20,0,37,70,98,27,24,18,15
24,26,28,27,26,27,34,19,0,29,67,97,26,25,20,15
20,28,27,32,27,29,31,20,0,31,65,95,26,22,20,16
21,26,28,29,28,25,35,21,0,37,65,97,25,24,17,13
21,21,29,29,24,28,30,19,0,36,69,97,25,21,22,16
23,30,30,29,26,33,34,21,0,34,71,99,24,23,21,15
25,33,28,29,25,31,34,20,0,30,69,97,27,24,21,15
23,29,28,25,26,29,30,18,0,30,67,98,24,24,18,15
26,32,26,28,25,29,29,19,0,34,66,96,24,23,19,16
23,23,31,28,21,33,33,19,0,32,68,98,27,23,21,16
23,25,31,27,20,29,30,18,0,32,65,99,22,25,20,17
22,26,34,29,26,31,32,18,0,31,66,96,25,25,21,17
22,23,31,28,25,33,32,18,0,35,69,99,27,26,20,15
25,25,31,27,24,31,30,19,0,28,69,95,29,24,17,15
25,25,28,30,25,31,32,21,0,35,69,96,25,23,22,17
25,24,30,25,25,28,32,18,0,34,58,97,23,22,22,13
27,25,28,29,25,26,33,19,0,31,67,93,32,22,16,15
20,26,30,31,21,32,23,23,0,35,69,97,27,25,17,25
20,22,32,27,26,32,32,18,0,35,67,96,24,25,22,17
22,28,28,31,27,28,32,21,0,37,68,94,27,23,21,19
30,25,37,30,27,32,36,19,0,27,72,95,27,27,19,18
24,28,31,30,19,30,34,19,0,35,67,100,22,24,27,18
23,28,31,30,25,32,32,22,0,32,67,97,30,22,19,16
26,29,30,29,23,30,34,20,0,34,67,99,24,24,21,15
24,26,31,29,25,29,32,20,0,34,68,96,25,23,17,16
27,27,27,30,25,32,33,17,0,35,70,97,26,23,19,14
22,26,29,25,28,30,33,20,0,30,68,97,27,21,20,18
26,29,28,28,25,29,35,18,0,29,70,97,28,24,22,17
24,31,31,30,28,30,35,23,0,35,69,99,24,25,22,19
23,28,34,29,27,30,35,21,0,33,64,97,25,27,23,15
25,26,28,30,27,29,34,20,0,33,69,96,24,23,22,14
24,27,29,29,26,31,37,20,0,30,69,97,27,21,23,14
20,28,32,32,28,28,35,18,0,33,69,99,28,24,22,13
19,28,28,30,27,27,35,20,0,33,66,97,23,24,20,16
22,26,29,31,25,29,35,18,0,32,72,98,27,23,21,18
22,24,32,29,25,28,29,19,0,29,66,96,23,24,20,16
24,26,29,31,27,30,35,23,0,33,66,98,26,25,19,14
26,28,32,30,30,31,37,19,0,31,66,94,28,26,17,14
23,27,33,32,30,29,32,21,0,31,68,98,29,25,19,15
22,26,30,31,23,30,31,19,0,31,69,99,26,25,17,14
24,26,29,29,24,29,35,16,0,29,68,96,26,24,17,14
23,26,28,30,26,25,34,22,0,29,69,96,25,24,17,17
25,26,32,28,24,28,37,18,0,31,69,98,26,25,20,13
26,30,31,29,26,28,35,19,0,33,69,97,27,22,20,16
24,31,31,28,25,25,31,21,0,28,71,95,24,24,16,15
24,29,24,32,27,27,40,20,0,31,70,101,22,26,20,16
22,29,28,33,26,29,37,19,0,31,68,97,25,25,17,15
21,28,28,29,23,28,38,21,0,32,68,98,27,27,21,15
21,28,25,26,22,27,36,16,0,28,72,98,23,23,23,17
22,29,28,28,30,23,35,19,0,30,69,97,26,23,22,15
23,29,29,32,27,27,36,21,0,30,65,98,25,25,18,18
20,28,28,32,25,29,39,20,0,34,66,95,29,24,20,15
22,29,26,30,27,27,36,21,0,31,70,100,23,25,22,16
23,29,29,30,21,26,35,22,0,32,71,98,25,25,21,15
26,26,31,33,26,30,37,23,0,31,68,99,27,25,21,15
21,28,33,30,23,28,34,20,0,31,69,97,25,23,24,12
24,31,33,30,25,27,35,18,0,31,67,98,22,24,20,15
24,28,28,28,20,26,34,16,0,29,68,97,27,22,18,15
23,30,29,30,22,24,33,23,0,27,70,95,25,26,20,15
25,29,30,32,27,28,35,21,0,31,73,97,22,24,22,16
24,27,27,32,24,27,36,22,0,28,67,99,28,22,20,16
22,27,26,31,27,26,35,22,0,29,68,99,22,22,19,17
23,27,29,32,25,26,34,18,0,33,65,97,26,24,19,16
20,28,26,31,25,29,36,21,0,28,69,97,25,22,22,16
22,27,27,28,26,24,28,19,0,26,69,98,25,24,16,19
24,28,28,33,23,27,37,19,0,29,67,99,27,23,19,15
27,28,31,31,28,27,40,22,0,31,70,102,26,23,22,15
24,26,32,31,28,27,35,20,0,30,66,96,28,22,18,16
22,26,31,30,23,26,33,19,0,28,70,96,22,21,20,15
26,28,31,34,27,31,34,17,0,31,71,101,29,22,20,15
27,28,32,32,27,30,35,20,0,29,70,98,24,23,18,15
25,27,29,30,30,24,35,19,0,30,68,96,21,22,18,15
26,29,30,29,24,28,31,21,0,31,68,96,24,22,19,16
25,29,29,30,24,34,35,20,0,32,69,98,25,21,20,19
22,28,33,27,26,26,36,20,0,29,66,98,23,21,20,15
24,26,29,29,27,28,38,19,0,27,67,97,23,22,18,17
26,29,30,33,27,28,34,20,0,25,71,98,24,25,18,16
26,30,33,34,29,28,34,19,0,29,68,97,24,22,19,18
25,28,31,31,26,27,36,21,0,28,67,99,26,22,19,13
21,30,28,27,25,31,37,20,0,32,65,97,23,23,21,10
23,29,28,32,23,29,37,21,0,29,66,97,23,24,17,20
20,28,31,31,26,29,36,24,0,31,68,98,25,22,18,14
19,26,29,31,26,24,34,22,0,32,71,100,33,18,23,16
23,27,21,30,27,28,34,20,0,24,67,97,22,21,16,17
20,26,25,32,27,27,39,19,0,30,68,98,27,23,18,14
27,26,28,33,24,28,37,25,0,30,70,99,26,24,21,15
23,23,31,29,25,27,35,21,0,30,69,99,25,23,21,16
22,28,29,29,24,25,34,19,0,32,70,97,22,24,20,16
24,28,30,30,22,25,33,20,0,27,68,94,21,25,18,14
24,28,29,27,27,26,37,20,0,23,69,99,25,24,19,14
27,28,27,30,25,30,41,19,0,30,70,97,24,23,18,16
23,27,27,30,28,25,37,18,0,31,68,102,27,22,16,17
24,26,27,31,23,26,34,19,0,26,69,97,24,22,18,18
23,28,29,27,23,29,35,21,0,28,66,96,23,25,18,19
22,27,29,30,26,25,36,19,0,30,67,99,24,25,20,15
23,26,26,29,25,26,39,20,0,28,67,97,26,21,19,17
23,28,29,29,23,25,32,21,0,31,67,94,21,23,21,13
24,29,29,29,26,26,35,21,0,25,70,96,22,23,17,15
22,29,29,27,25,29,35,18,0,27,67,99,22,22,15,14
24,27,27,31,25,27,34,20,0,32,64,95,25,22,21,16
26,29,30,30,26,28,34,16,0,30,67,98,24,23,20,17
25,28,31,31,23,29,34,20,0,28,67,94,24,21,19,16
27,31,33,30,27,28,35,20,0,30,67,99,25,23,23,17
29,30,31,31,26,31,33,20,0,31,68,100,22,23,20,17
27,29,32,29,24,28,36,17,0,29,67,93,22,23,18,11
26,27,28,30,24,25,35,18,0,29,66,95,22,23,19,15
22,29,31,32,26,29,34,21,0,29,70,95,25,25,19,11
23,30,29,32,23,27,31,18,0,25,70,97,23,22,17,16
27,30,28,32,23,29,35,21,0,31,65,100,23,26,18,17
24,28,26,32,22,28,35,20,0,27,68,98,22,20,17,15
21,28,31,29,24,26,36,19,0,29,70,98,24,21,21,18
23,28,28,31,21,25,34,21,0,25,67,97,24,24,17,19
23,28,28,33,27,29,34,19,0,28,68,98,27,25,17,13
22,27,30,34,24,30,36,22,0,28,70,97,25,27,20,15
20,27,31,32,24,28,38,19,0,30,66,100,23,22,18,19
25,30,30,33,24,30,37,21,0,29,69,97,26,23,21,17
25,30,33,33,24,32,34,20,0,34,69,97,22,22,17,15
27,32,30,34,25,30,37,18,0,31,67,98,26,22,20,17
26,29,31,33,28,31,34,22,0,30,68,100,24,22,20,16
25,29,28,34,27,30,34,19,0,30,67,95,21,23,23,16
23,30,28,32,24,26,30,16,0,25,69,96,23,20,17,19
27,30,31,32,22,26,36,19,0,25,68,98,24,22,15,14
26,28,29,34,27,28,39,20,0,32,69,96,27,19,19,16
25,30,32,34,27,26,35,22,0,32,71,98,30,26,21,14
27,32,30,32,27,28,38,21,0,33,71,98,22,24,21,15
24,29,32,32,24,30,35,20,0,34,72,99,27,24,22,16
24,27,30,30,25,29,36,22,0,33,70,97,24,23,19,16
23,26,28,32,23,29,35,21,0,30,69,94,24,22,17,17
22,30,24,32,24,28,39,21,0,33,69,98,26,24,22,16
22,28,26,31,27,27,36,23,0,30,68,98,25,25,20,13
21,28,30,31,25,29,35,21,0,29,67,96,24,26,18,17
26,29,31,30,27,30,35,21,0,33,66,98,25,24,20,15
25,31,32,32,26,28,34,22,0,28,70,97,25,22,21,16
26,29,30,31,27,27,35,21,0,27,68,98,24,26,18,19
23,30,29,28,24,27,36,21,0,29,69,98,22,23,18,16
25,32,31,32,24,29,36,18,0,32,70,96,23,24,20,15
26,31,32,31,27,27,32,24,0,30,70,98,22,22,22,13
27,28,30,32,25,28,36,18,0,31,66,100,23,22,19,20
26,29,34,31,24,29,33,23,0,30,68,96,24,24,18,17
23,28,26,30,22,26,33,21,0,27,67,96,24,23,22,13
28,28,25,28,24,27,35,20,0,29,70,98,25,23,20,16
24,28,29,27,24,26,36,21,0,31,68,97,22,22,20,19
22,29,28,29,23,26,35,19,0,29,67,99,23,23,18,14
24,29,26,34,22,26,35,21,0,26,67,98,19,24,18,14
22,28,28,31,22,26,38,19,0,26,69,99,25,22,17,16
26,30,30,34,23,29,36,18,0,24,70,96,23,22,17,16
26,30,28,31,21,27,37,16,0,26,68,99,22,25,18,10
28,30,32,30,24,29,36,19,0,31,67,95,23,27,18,14
26,28,29,29,23,23,30,18,0,26,68,95,22,22,19,15
27,29,30,28,19,27,32,17,0,24,65,96,20,22,18,14
27,26,28,29,22,27,36,17,0,24,68,97,23,21,17,18
27,29,29,31,21,25,35,18,0,27,67,95,21,22,19,15
26,30,32,33,24,26,35,20,0,26,69,96,24,22,21,16
24,31,28,31,23,26,35,18,0,28,71,98,22,23,14,13
25,30,28,32,22,26,38,18,0,25,71,98,27,22,17,15
23,31,30,33,26,24,37,19,0,28,69,97,20,22,17,15
23,26,27,32,23,22,37,17,0,24,67,96,20,22,17,13
23,30,26,31,22,25,37,16,0,22,70,97,20,23,15,15
24,28,28,33,27,25,38,24,0,26,69,97,21,22,17,15
27,30,26,27,22,26,38,19,0,26,69,96,23,22,19,16
22,29,30,32,27,27,35,19,0,26,64,96,24,22,19,15
23,28,28,27,23,28,36,18,0,30,69,97,23,21,17,13
25,28,29,30,21,27,31,15,0,29,64,95,19,22,20,12
26,29,27,30,22,27,30,19,0,28,66,97,22,20,17,15
27,29,30,30,24,29,29,20,0,29,65,97,23,21,18,16
26,29,28,30,23,28,34,16,0,27,68,94,23,21,18,15
27,30,25,30,21,28,33,21,0,26,68,94,26,20,19,14
25,29,27,27,22,25,32,19,0,26,66,98,23,21,16,14
26,28,27,28,23,27,35,15,0,27,65,96,21,22,18,15
27,30,28,30,22,25,33,16,0,28,68,99,22,22,15,16
28,28,27,29,20,26,32,17,0,26,68,95,21,25,16,17
29,30,27,28,22,26,35,15,0,27,69,96,21,23,18,15
24,27,26,27,25,27,37,16,0,30,65,97,19,22,16,17
26,29,27,30,21,26,34,16,0,29,68,96,24,22,14,15
26,27,26,28,23,21,31,17,0,26,67,96,23,24,19,16
26,27,25,27,22,22,30,18,0,24,66,96,21,21,15,18
23,26,23,29,22,22,27,16,0,25,64,95,20,23,15,15
23,25,24,28,19,25,31,16,0,25,66,92,24,20,16,12
24,21,25,23,18,23,28,13,0,23,63,92,21,23,16,15
26,21,27,16,18,20,29,15,0,23,70,93,22,17,16,15
14,15,20,23,18,17,25,11,0,19,59,89,20,21,17,17
20,19,19,14,22,12,16,14,0,25,50,88,11,16,16,11
20,22,18,18,17,19,25,14,0,21,60,90,20,21,15,14
22,20,24,22,15,21,26,11,0,26,63,91,19,21,14,13
21,18,21,19,15,19,24,12,0,21,60,91,16,19,12,17
20,17,20,18,15,18,20,14,0,24,65,92,22,20,12,14
20,19,17,19,15,17,23,14,0,21,62,90,20,19,13,14
23,17,20,19,13,17,22,12,0,20,64,93,17,23,16,15
19,15,21,16,15,14,17,15,0,21,58,91,19,21,17,13
20,17,20,15,15,19,19,14,0,19,51,89,18,17,13,9
13,14,19,15,14,20,21,11,0,22,62,84,31,19,22,15
18,14,18,15,13,13,19,12,0,17,59,85,14,18,10,10
19,14,19,15,16,17,19,11,0,19,61,88,17,21,15,13
21,14,14,15,15,15,19,9,0,19,60,92,19,21,15,12
19,16,16,14,15,14,19,7,0,18,61,92,20,20,14,14
18,15,18,14,15,16,19,13,0,20,56,91,21,22,16,15
13,13,15,13,14,17,21,12,0,17,60,88,15,19,15,17
16,12,17,15,14,18,21,11,0,17,61,89,16,20,15,13
12,14,14,15,13,12,18,10,0,18,57,88,14,22,10,11
16,14,15,16,15,15,18,10,0,15,57,89,14,17,15,15
17,14,16,15,16,14,19,10,0,19,60,90,19,16,12,11
16,13,16,15,12,14,20,11,0,19,61,91,18,20,13,16
16,13,14,12,12,15,18,13,0,18,60,87,17,21,13,13
16,13,16,16,12,15,18,9,0,20,59,90,19,22,13,14
16,12,16,13,13,13,21,11,0,20,60,88,15,20,14,13
15,13,14,12,14,18,17,10,0,19,60,89,14,19,17,12
14,13,11,12,15,15,17,11,0,19,59,89,18,22,17,15
13,13,18,13,13,14,17,11,0,16,61,90,19,18,14,14
12,17,12,12,13,14,18,9,0,23,58,89,14,17,14,14
17,12,13,10,18,11,25,7,0,27,60,93,12,31,20,13
8,13,17,13,16,16,15,9,0,17,64,90,18,14,18,16
11,12,16,14,12,15,17,13,0,15,58,88,17,21,10,12
14,11,15,15,13,16,18,12,0,17,57,88,16,17,12,14
14,13,13,17,9,15,22,7,0,24,54,86,15,19,21,13
2,9,10,15,13,11,20,13,0,17,55,84,12,16,12,11
16,14,15,17,11,13,20,11,0,17,59,86,19,19,12,13
17,15,14,13,11,15,19,13,0,19,58,90,16,21,15,12
17,14,18,12,12,16,20,11,0,23,60,89,17,19,16,9
6,11,17,12,13,13,19,11,0,18,58,90,18,24,12,17
11,13,17,13,15,13,16,11,0,14,57,85,14,17,12,13
12,12,14,13,13,13,19,13,0,16,56,84,17,19,13,12
10,10,13,12,12,16,16,10,0,32,59,82,12,18,10,14
16,17,15,14,12,13,20,11,0,22,60,88,15,21,15,11
18,14,15,12,12,17,19,10,0,26,59,91,20,21,7,13
13,11,17,13,12,16,19,13,0,18,62,89,19,18,14,11
12,11,14,12,13,12,18,10,0,14,57,82,12,19,14,14
12,9,14,13,13,16,21,11,0,17,66,84,14,17,14,16
15,14,17,14,10,13,18,12,0,15,60,89,16,18,15,12
18,8,16,14,12,16,19,12,0,18,60,92,19,21,13,14
12,13,12,15,12,13,18,10,0,22,58,87,18,19,14,10
12,11,17,12,12,16,16,11,0,4,56,88,17,22,13,12
13,13,18,13,12,17,18,8,0,18,55,85,16,16,13,14
12,13,14,14,12,11,26,4,0,15,58,83,19,20,16,11
19,14,15,14,12,16,18,11,0,15,60,89,18,20,13,15
15,13,15,12,12,16,19,11,0,17,61,92,17,21,14,14
13,11,14,13,13,12,18,8,0,26,55,90,13,21,12,15
9,11,15,11,12,16,20,10,0,16,55,87,16,18,13,15
20,11,12,15,13,15,19,11,0,16,57,85,17,18,14,13
14,14,11,13,13,13,20,12,0,20,59,88,16,19,12,15
18,13,15,14,15,15,19,10,0,20,61,93,18,20,18,11
16,14,14,12,15,17,17,10,0,16,59,88,15,19,10,15
16,11,13,14,11,12,18,9,0,13,55,89,17,19,14,15
12,12,16,13,11,13,16,8,0,16,53,85,12,19,17,14
12,11,13,10,13,15,16,9,0,17,50,79,17,15,12,16
13,13,13,13,14,15,21,8,0,15,59,88,17,17,15,10
13,11,14,12,16,13,18,10,0,18,61,89,17,20,13,12
13,11,14,14,13,14,18,10,0,17,56,87,19,18,15,13
13,11,14,12,13,16,17,12,0,16,62,89,20,22,16,15
15,12,13,13,13,12,18,10,0,15,57,92,16,20,14,16
16,13,18,15,15,14,19,10,0,16,58,92,21,22,15,15
10,12,13,10,14,14,17,12,0,16,56,88,14,20,12,14
12,10,15,12,13,14,17,11,0,16,55,87,17,20,11,13
12,12,13,10,13,13,17,7,0,16,53,81,15,19,11,14
5,10,9,13,13,11,15,11,0,21,57,83,15,31,14,11
14,17,14,12,12,11,18,9,0,20,63,91,19,20,15,12
14,13,17,11,12,16,18,10,0,23,62,92,17,20,13,14
13,12,17,12,12,18,15,10,0,15,62,93,13,22,14,11
11,8,12,13,12,14,18,10,0,14,53,85,17,17,12,12
9,6,15,13,12,13,18,12,0,19,54,84,17,21,15,12
12,10,15,14,10,16,17,10,0,18,58,83,11,22,17,12
18,15,11,13,12,11,17,8,0,23,59,91,16,22,15,15
15,13,13,13,13,11,17,11,0,18,60,92,18,21,14,14
13,11,14,11,12,11,16,11,0,16,58,88,15,16,11,14
12,11,11,12,17,12,15,12,0,18,53,82,14,20,13,11
8,11,15,12,12,12,16,6,0,16,58,77,22,20,13,14
14,14,13,13,11,15,20,17,0,19,60,92,18,19,15,19
13,11,15,12,13,14,19,7,0,13,61,91,19,22,14,14
14,13,15,12,12,15,18,8,0,14,58,91,18,19,12,12
9,12,13,12,11,14,18,12,0,11,55,91,15,16,17,17
11,11,12,18,11,12,18,8,0,19,59,86,18,19,12,11
12,12,15,12,12,13,18,12,0,12,58,88,17,23,14,14
14,13,13,13,10,13,15,10,0,17,60,89,15,17,13,15
14,13,13,12,15,14,21,10,0,15,61,88,23,22,13,16
13,10,14,13,14,15,18,11,0,18,58,91,15,23,13,13
11,15,13,6,9,15,15,10,0,4,64,87,15,23,23,16
9,9,11,10,14,4,15,9,0,15,63,84,17,19,14,11
12,12,14,12,14,20,18,10,0,21,59,83,24,20,14,13
13,12,13,13,12,13,16,11,0,17,58,89,18,18,12,13
13,12,11,12,13,15,17,8,0,17,62,89,17,19,15,14
16,13,15,12,12,14,17,10,0,20,63,91,18,17,9,11
11,10,15,11,13,14,16,11,0,18,57,90,17,19,12,14
9,13,13,12,10,13,15,10,0,19,55,85,11,21,12,14
9,8,10,10,12,13,16,9,0,15,51,83,17,20,12,13
11,9,11,11,14,11,10,8,0,22,58,85,14,20,12,19
15,9,14,15,15,14,16,10,0,20,61,91,17,18,14,11
12,9,13,12,12,15,18,8,0,20,60,94,15,18,14,14
9,10,11,10,10,20,17,11,0,18,55,88,16,19,11,12
10,12,14,11,13,11,18,9,0,16,50,82,14,21,13,10
10,9,14,10,13,14,16,11,0,20,55,80,13,18,11,13
16,17,12,12,11,13,16,10,0,23,63,85,16,20,14,14
19,13,14,12,12,13,18,11,0,21,60,93,18,21,12,13
13,11,13,12,11,11,16,10,0,19,60,89,17,28,15,15
10,11,16,10,14,13,14,8,0,17,53,81,17,22,12,13
11,11,16,10,13,12,16,8,0,15,57,79,18,19,13,12
12,8,15,12,12,14,15,7,0,19,60,86,16,22,13,9
17,13,15,12,15,14,18,8,0,20,62,91,20,20,14,13
10,13,13,12,14,14,18,11,0,14,50,90,17,21,13,15
11,11,13,11,11,14,16,8,0,22,54,84,15,20,17,12
11,10,13,11,15,14,13,7,0,14,56,82,16,21,10,15
14,13,17,11,14,14,16,11,0,18,63,86,18,22,14,12
20,13,13,12,13,17,17,7,0,21,59,96,18,23,17,16
12,12,16,11,12,12,16,11,0,16,56,89,15,17,15,15
11,10,15,13,11,13,18,11,0,13,54,85,16,18,13,10
11,17,15,10,13,12,16,8,0,13,54,81,18,21,15,13
15,13,13,12,14,14,16,6,0,18,61,87,15,19,17,13
20,13,18,13,14,16,18,10,0,20,60,93,20,23,10,13
10,12,14,12,13,15,16,8,0,20,58,93,18,23,12,12
10,11,8,10,15,11,14,8,0,19,53,86,16,19,11,11
12,12,12,12,10,13,17,9,0,15,56,82,13,18,16,13
16,13,16,11,14,15,15,11,0,21,57,83,17,20,14,15
17,12,16,12,13,15,18,9,0,17,59,92,16,22,15,12
12,11,13,11,13,9,19,12,0,18,56,94,19,21,16,15
9,12,10,10,7,14,19,11,0,15,53,79,14,19,13,14
8,13,12,12,12,13,18,7,0,16,56,80,16,19,11,10
16,16,15,12,13,15,22,9,0,15,61,93,18,22,12,11
16,12,14,12,12,17,15,10,0,17,54,92,16,23,15,13
12,10,14,18,13,14,20,11,0,17,60,90,19,18,14,12
10,10,9,11,12,14,17,8,0,17,53,82,15,18,15,13
12,12,16,11,10,15,15,8,0,17,55,79,15,19,15,12
12,12,15,12,10,13,18,9,0,16,60,86,20,19,22,16
20,12,17,14,12,15,19,10,0,20,63,92,19,23,11,11
13,11,14,13,14,13,17,10,0,16,58,93,15,19,14,15
8,11,13,13,12,14,19,12,0,17,54,83,13,19,12,13
13,11,14,13,14,17,18,10,0,21,53,79,14,18,15,15
12,12,13,14,14,15,17,9,0,19,61,86,12,20,11,12
18,12,13,13,13,14,18,9,0,15,58,93,15,20,11,14
12,13,13,11,13,12,18,12,0,18,55,89,15,18,13,13
9,11,15,10,15,10,16,10,0,16,54,82,15,18,14,14
11,8,12,11,11,11,17,12,0,15,51,81,16,21,14,14
16,12,13,12,14,18,18,11,0,16,60,88,16,22,12,11
13,12,14,12,12,13,18,10,0,17,60,94,18,20,12,14
16,13,11,11,12,13,20,8,0,21,60,88,17,20,17,15
11,11,21,14,11,8,19,9,0,4,56,90,15,13,14,14
15,11,13,12,12,14,15,9,0,20,60,88,15,20,11,14
15,6,16,13,10,14,16,9,0,17,57,91,18,17,13,11
15,10,13,9,12,13,17,11,0,18,57,92,21,19,13,12
12,11,7,12,9,9,19,8,0,17,54,83,21,20,14,23
13,11,16,13,17,10,14,12,0,18,57,90,15,19,6,14
15,11,16,14,10,15,17,8,0,19,59,91,14,22,13,13
16,9,16,10,14,11,18,11,0,17,60,89,19,21,13,16
12,11,14,12,12,13,16,7,0,18,56,90,18,19,11,15
14,12,16,13,13,14,17,11,0,9,58,86,14,11,15,14
19,11,15,11,13,14,18,10,0,19,61,94,19,22,17,14
17,13,14,11,14,14,17,9,0,22,62,92,17,17,13,15
11,9,12,11,14,14,19,4,0,18,52,88,13,19,16,14
11,11,17,13,11,15,18,8,0,19,57,83,19,17,13,16
13,16,14,12,13,15,15,12,0,19,63,87,16,22,17,6
18,11,16,12,14,16,18,10,0,26,62,91,15,19,15,17
9,12,13,11,12,21,19,12,0,16,57,89,24,20,16,14
10,9,9,12,12,15,17,11,0,16,50,78,14,18,12,11
11,12,14,12,10,12,16,11,0,17,57,80,15,17,12,15
18,13,13,12,13,12,18,10,0,15,60,87,16,19,13,11
16,10,12,12,16,10,17,8,0,18,59,88,19,23,13,13
12,12,14,14,13,11,18,9,0,12,56,90,14,20,14,12
11,17,14,12,14,13,17,11,0,21,55,81,15,20,14,11
14,11,16,12,11,15,16,11,0,19,59,89,16,18,12,18
15,16,14,15,12,14,19,9,0,18,58,92,16,21,14,11
13,11,12,13,15,13,17,12,0,16,55,89,17,20,13,14
12,16,15,11,11,14,13,7,0,16,57,87,15,12,16,15
16,11,12,13,15,15,17,8,0,21,61,90,15,18,14,15
16,8,15,11,14,16,21,9,0,17,57,95,17,22,17,14
16,12,13,13,10,15,18,12,0,15,54,89,17,15,13,13
15,10,12,12,12,12,18,11,0,19,59,88,14,18,16,13
18,12,10,11,12,14,16,10,0,18,60,88,19,20,13,14
19,15,16,13,14,13,17,8,0,17,61,89,17,18,15,15
16,12,14,13,11,14,17,10,0,19,61,89,19,19,17,15
13,12,14,14,14,12,16,8,0,15,60,88,13,19,13,12
13,11,10,13,14,11,16,12,0,17,59,87,19,17,12,12
12,12,14,9,11,10,17,7,0,16,58,87,16,18,11,14
13,10,13,12,12,15,17,10,0,16,62,87,13,21,13,15
15,12,15,11,11,10,16,8,0,18,59,90,17,20,14,16
14,13,12,12,12,17,17,10,0,21,59,89,17,18,13,11
9,9,15,12,11,15,17,11,0,16,51,90,17,19,13,6
13,12,17,10,14,13,15,9,0,26,59,83,19,19,19,14
16,12,14,12,12,14,19,8,0,19,60,88,18,18,11,13
12,11,12,14,15,14,19,9,0,20,55,90,20,21,15,14
7,9,11,12,11,14,15,11,0,16,55,86,16,21,10,14
13,11,15,11,11,9,16,12,0,26,56,82,30,20,15,13
17,11,11,12,12,12,17,10,0,20,61,90,16,23,12,12
13,8,12,10,13,14,17,8,0,15,46,89,18,18,18,11
13,10,13,12,11,14,17,8,0,18,58,84,15,19,14,13
13,12,11,10,16,12,17,9,0,14,58,85,5,21,15,14
17,13,13,12,12,13,18,11,0,9,57,92,15,20,15,16
8,10,11,12,13,15,18,10,0,16,55,92,14,26,15,12
10,9,15,12,12,12,18,11,0,16,56,86,15,20,15,13
16,10,13,12,14,18,15,9,0,15,60,85,18,22,14,16
15,11,12,10,13,17,15,10,0,20,61,91,22,21,14,14
10,11,13,11,19,11,16,10,0,19,53,87,19,18,14,14
9,10,12,12,11,14,18,10,0,16,56,84,14,18,13,10
12,11,10,13,13,12,18,11,0,19,59,84,11,22,9,13
13,8,14,12,13,15,16,8,0,21,59,89,17,21,11,15
10,9,13,12,13,12,17,11,0,20,56,90,16,20,11,15
10,12,14,12,12,15,17,11,0,14,57,89,18,19,12,12
10,8,11,10,11,14,17,10,0,16,59,88,17,18,13,11
15,9,13,10,10,10,17,9,0,19,59,87,15,26,8,14
14,10,14,13,14,13,17,8,0,16,56,87,16,21,11,11
15,13,15,10,14,15,18,9,0,14,60,87,15,17,14,13
15,12,13,9,12,15,16,11,0,17,55,93,16,24,12,15
15,10,14,10,11,16,16,7,0,10,58,91,20,18,12,14
16,14,15,12,11,15,15,12,0,16,59,88,17,22,16,12
13,11,14,10,13,15,15,8,0,18,56,92,17,19,15,15
9,11,14,12,7,7,18,14,0,35,66,86,29,21,6,18
12,11,11,11,11,12,17,12,0,18,57,87,19,19,15,16
18,13,11,13,11,16,16,11,0,18,60,89,17,22,12,15
11,10,14,12,12,15,19,7,0,19,58,88,17,21,14,15
10,11,13,12,13,13,18,13,0,17,59,86,15,20,15,15
15,12,14,12,13,13,15,9,0,15,60,78,17,21,18,12
16,11,14,13,11,15,18,7,0,15,57,91,17,19,14,13
15,8,14,13,10,12,15,11,0,16,68,92,13,17,13,13
14,15,7,16,11,14,21,8,0,2,51,83,11,18,18,18
13,13,12,11,9,14,17,13,0,18,58,89,18,21,12,10
12,12,11,10,11,14,17,10,0,20,57,89,15,19,13,15
13,12,11,12,10,12,16,9,0,17,60,86,16,18,13,11
10,11,13,13,13,14,18,11,0,16,58,88,15,22,16,14
11,9,13,12,12,14,16,11,0,19,57,89,14,21,13,16
9,11,14,14,13,13,17,11,0,13,57,87,16,17,16,15
17,11,14,11,14,17,18,11,0,16,57,90,19,22,17,15
12,10,12,10,12,12,17,8,0,19,58,90,17,22,13,13
13,11,12,9,13,14,15,9,0,17,58,86,18,21,15,11
15,12,14,12,12,12,15,8,0,16,57,90,14,17,15,14
10,11,14,12,10,12,15,11,0,18,57,86,15,22,14,13
11,13,15,12,14,13,15,7,0,17,60,86,18,20,12,10
17,10,15,9,11,15,16,8,0,18,57,92,16,20,14,14
15,10,14,10,15,15,16,8,0,16,58,88,15,17,18,13
17,10,15,12,12,14,15,9,0,15,54,85,13,22,12,13
14,11,17,12,12,14,19,13,0,18,59,92,16,21,23,13
14,10,14,13,12,18,17,8,0,21,61,89,18,16,12,15
16,12,11,9,11,14,17,10,0,16,56,89,18,20,16,15
12,11,11,11,13,5,15,7,0,31,55,86,8,19,11,13
12,10,12,12,13,15,16,8,0,17,56,85,13,18,14,14
13,10,14,10,14,12,16,9,0,16,56,88,19,15,12,13
14,10,14,11,13,16,20,9,0,17,57,90,19,20,17,14
10,9,13,12,16,7,17,8,0,16,55,85,12,24,6,18
12,16,11,13,15,12,17,9,0,17,62,82,15,17,9,12
14,9,13,12,16,17,15,9,0,18,59,87,15,20,13,13
17,11,12,12,12,13,17,10,0,18,58,89,20,21,12,16
10,11,17,9,12,13,16,14,0,16,61,89,17,17,12,15
14,12,12,11,13,15,18,8,0,14,55,90,19,21,13,15
15,11,13,11,13,11,16,6,0,19,58,89,16,21,13,11
15,11,13,12,13,12,19,9,0,19,60,88,14,19,14,14
13,9,12,11,12,12,16,9,0,18,55,91,14,21,12,12
11,11,13,10,12,12,15,11,0,15,58,87,10,18,17,11
15,12,13,12,15,15,15,10,0,20,61,89,12,20,16,11
13,11,13,11,14,15,17,11,0,18,57,88,17,19,15,13
9,10,16,8,9,13,18,6,0,14,55,85,13,19,2,13
13,11,13,11,13,13,17,7,0,17,58,80,14,17,13,13
14,10,13,12,12,15,16,7,0,19,61,88,18,20,13,11
13,8,12,11,11,12,15,10,0,19,50,89,13,19,17,13
13,11,16,9,12,4,15,8,0,31,57,80,27,24,15,12
16,12,12,12,12,13,17,8,0,18,62,84,18,22,11,13
12,11,15,13,12,13,19,11,0,17,58,90,18,19,16,10
10,8,11,12,18,13,16,9,0,16,55,82,19,19,18,15
11,12,14,12,9,17,18,7,0,15,58,83,14,9,12,15
13,11,14,12,13,16,18,10,0,15,57,89,15,23,12,16
15,10,11,12,12,14,17,11,0,20,59,89,16,21,12,13
14,9,12,10,12,10,20,13,0,15,52,88,20,16,14,11
12,10,15,11,12,11,13,13,0,11,57,82,18,15,13,14
20,13,19,12,13,15,17,11,0,18,61,89,19,19,14,15
13,12,15,10,10,15,16,9,0,18,55,91,20,22,13,11
12,10,14,12,11,14,16,8,0,16,53,81,13,20,12,15
17,14,13,13,10,14,17,9,0,18,63,76,16,18,14,15
16,10,16,14,14,14,17,9,0,19,60,93,18,18,17,13
12,12,13,12,12,10,17,13,0,17,54,90,17,20,11,22
12,5,11,9,13,13,14,9,0,17,52,84,20,20,16,15
17,13,14,12,11,13,19,10,0,16,60,87,16,22,14,14
15,9,14,12,12,16,17,10,0,18,60,90,16,20,12,15
13,10,16,17,8,7,17,9,0,12,61,90,15,12,14,10
12,9,6,6,12,10,20,11,0,6,61,83,32,22,2,8
17,13,14,12,15,15,18,8,0,17,59,90,17,22,11,16
16,10,13,12,14,15,17,11,0,13,61,91,16,20,16,13
16,10,13,6,15,14,19,12,0,16,63,88,16,19,13,12
16,13,18,14,10,15,16,10,0,19,56,84,16,22,15,14
14,12,14,12,13,15,16,11,0,16,59,87,18,21,14,15
9,10,14,13,10,13,16,13,0,20,60,88,15,18,15,12
14,10,11,12,11,14,19,10,0,16,58,86,18,22,16,13
17,12,14,12,12,13,17,10,0,22,58,90,15,20,18,15
15,11,9,12,11,11,15,10,0,20,59,90,18,21,13,15
12,11,13,13,14,13,16,9,0,16,57,89,23,19,14,13
12,10,9,12,12,17,17,10,0,19,58,86,17,19,12,15
19,12,13,13,14,12,14,10,0,17,60,87,14,17,15,13
15,10,15,10,13,11,15,11,0,19,63,88,19,22,15,14
13,10,13,11,12,13,15,14,0,15,56,88,16,20,15,17
11,12,11,12,8,15,15,11,0,21,60,84,15,22,13,13
17,11,16,14,12,14,16,10,0,16,60,89,18,18,14,15
9,12,12,10,9,14,16,8,0,14,55,87,20,21,18,17
12,10,14,14,12,17,16,8,0,16,56,81,14,19,14,13
17,12,15,12,12,14,22,9,0,17,63,94,18,17,11,12
17,13,16,11,14,15,18,10,0,16,59,92,17,22,12,15
12,12,13,11,13,11,17,10,0,15,56,85,15,22,12,16
14,9,15,12,14,16,17,8,0,16,60,84,17,21,19,15
19,16,19,12,13,15,20,11,0,23,61,97,17,21,14,13
16,10,16,11,14,14,14,8,0,22,59,92,12,16,12,15
5,10,14,11,12,15,16,11,0,17,64,85,16,19,13,10
18,11,15,13,13,14,15,9,0,17,61,90,15,23,12,13
18,11,13,11,11,15,18,10,0,18,60,91,19,19,14,15
19,10,15,13,11,15,18,8,0,17,60,91,17,18,12,14
19,11,14,12,13,13,16,8,0,19,58,88,18,20,15,14
17,11,13,14,15,13,16,10,0,21,60,91,18,20,15,17
15,16,14,9,13,13,16,11,0,19,60,90,15,20,18,10
17,12,15,12,12,13,17,11,0,15,61,88,16,21,14,11
15,12,14,12,13,12,18,9,0,19,58,88,19,22,13,14
18,12,14,14,10,12,16,8,0,19,61,90,17,23,15,14
16,13,16,13,14,15,18,12,0,16,57,90,18,22,14,13
12,10,15,15,15,12,16,9,0,22,54,90,15,18,14,12
15,12,13,13,13,13,16,10,0,17,57,87,16,20,12,12
13,12,13,11,13,18,18,11,0,15,57,90,19,23,15,12
18,13,15,14,13,15,18,7,0,18,58,87,15,20,12,10
17,13,13,13,12,14,15,10,0,22,59,89,15,19,14,12
16,11,13,13,12,12,19,11,0,18,60,91,18,20,11,12
15,12,15,14,14,15,17,10,0,15,56,89,16,21,15,14
18,12,15,13,11,17,15,9,0,16,60,88,18,23,14,14
23,15,18,11,12,14,16,12,0,21,62,91,15,21,12,13
21,19,20,14,13,18,15,11,0,18,62,93,21,19,15,14
27,16,22,13,14,17,17,9,0,18,66,93,14,24,13,15
26,17,21,13,15,17,15,12,0,17,57,92,19,21,15,17
26,20,23,13,13,17,16,8,0,12,64,89,19,19,16,15
24,21,21,16,13,19,19,9,0,20,61,96,19,23,15,17
25,20,27,16,17,22,17,11,0,17,57,94,19,19,15,15
29,23,24,16,14,21,17,9,0,20,60,93,19,17,15,14
28,23,24,18,14,25,18,12,0,22,63,96,21,20,15,10
27,24,26,18,17,20,19,10,0,18,62,95,19,23,15,17
30,27,28,21,16,22,18,10,0,20,64,95,19,20,15,16
26,27,27,21,19,25,22,11,0,23,63,93,20,23,17,16
27,26,26,25,17,21,20,14,0,29,65,96,21,23,11,18
25,27,28,24,21,26,24,14,0,21,64,97,21,23,19,13
29,26,25,25,22,22,25,15,0,25,63,95,20,20,14,14
26,25,28,27,19,26,26,15,0,25,65,95,21,23,17,15
26,24,31,27,18,25,26,16,0,25,64,98,24,20,14,15
26,27,26,25,20,25,25,16,0,24,64,94,21,25,17,14
28,29,30,26,19,30,27,12,0,28,67,95,26,24,18,13
26,25,28,25,21,26,27,17,0,26,67,98,23,22,17,15
26,26,26,29,24,22,30,17,0,23,63,96,26,23,16,14
25,24,27,27,23,27,29,17,0,28,65,98,20,23,18,15
27,28,26,26,23,27,29,17,0,24,65,95,29,22,18,15
24,29,28,25,21,24,27,19,0,25,69,97,21,23,18,14
24,28,28,29,23,25,31,19,0,23,68,97,24,20,23,16
25,29,28,29,22,26,32,17,0,29,65,93,27,24,18,15
24,29,29,32,23,27,30,19,0,25,66,97,27,24,22,16
24,26,30,29,26,27,31,20,0,31,67,96,24,23,18,18
20,25,28,27,25,27,32,16,0,32,65,95,21,24,27,15
22,28,29,30,25,28,34,22,0,30,71,99,26,27,18,15
20,28,29,27,25,27,37,19,0,29,68,95,24,22,22,17
19,27,26,28,24,27,34,21,0,31,69,95,22,24,18,18
20,28,30,28,23,26,32,17,0,35,66,95,26,21,21,13
23,26,28,29,23,25,34,21,0,28,72,98,21,23,20,17
21,25,28,32,24,27,37,21,0,32,65,97,24,22,22,17
21,24,27,29,24,25,32,17,0,30,70,96,27,25,17,17
21,26,30,25,26,24,33,19,0,33,69,97,24,23,23,17
20,28,27,26,23,29,35,24,0,33,68,98,25,24,18,18
20,26,28,27,25,28,36,20,0,34,67,98,29,24,18,14
21,24,26,27,27,29,32,17,0,34,69,97,27,23,22,14
21,26,28,31,26,30,35,19,0,26,70,101,28,23,21,15
22,26,30,29,27,27,35,16,0,33,69,97,24,27,19,18
20,28,31,31,26,30,31,21,0,29,66,99,29,23,24,16
22,27,29,27,27,28,35,18,0,33,70,96,27,25,25,15
20,26,30,29,28,32,34,20,0,32,67,98,27,24,21,19
22,25,30,29,27,31,35,20,0,30,66,98,28,28,19,18
23,24,29,29,27,30,31,18,0,33,67,100,23,24,21,14
22,28,31,26,23,30,30,18,0,31,64,94,23,22,21,16
22,25,28,28,24,30,31,18,0,30,67,97,25,22,23,16
21,27,28,30,27,34,34,21,0,31,66,98,29,23,21,17
24,27,29,30,22,30,31,18,0,32,67,96,23,25,18,16
25,29,28,28,23,27,35,20,0,32,65,96,27,22,19,15
22,26,31,29,26,26,31,19,0,37,67,96,23,24,21,16
25,27,29,27,24,30,34,19,0,37,69,98,24,23,18,15
27,28,26,29,22,33,33,19,0,29,72,96,26,25,20,15
23,28,29,27,24,28,32,20,0,31,66,96,27,23,20,16
24,28,26,27,22,26,31,18,0,34,68,95,25,25,17,17
22,29,31,29,26,27,34,19,0,33,68,94,23,23,19,15
23,26,28,31,29,27,34,19,0,31,65,98,28,23,20,14
23,29,32,29,25,27,31,19,0,35,65,100,26,25,18,17
22,28,29,32,25,27,35,19,0,33,69,96,26,23,19,16
23,27,31,30,25,29,32,20,0,35,69,96,24,24,18,16
23,30,29,29,26,29,33,19,0,36,68,93,23,21,23,17
27,28,33,28,24,30,31,21,0,35,67,98,23,24,20,16
26,29,29,29,22,30,32,19,0,34,70,96,25,23,18,15
23,27,28,27,18,29,32,19,0,27,66,97,22,22,17,15
25,29,32,28,23,28,30,19,0,36,64,96,25,23,17,15
23,26,32,26,26,33,29,17,0,33,67,96,25,21,19,16
25,25,32,27,23,26,29,19,0,27,68,97,26,22,20,17
27,28,32,26,26,29,29,17,0,31,63,96,24,22,18,12
27,28,32,28,23,30,31,19,0,33,65,96,24,22,21,16
28,25,32,28,26,28,32,17,0,30,65,94,24,20,19,16
27,28,29,28,29,33,29,20,0,32,67,94,20,26,22,16
24,25,33,27,27,30,30,19,0,30,67,98,24,19,24,17
27,28,31,31,26,28,31,19,0,28,63,94,22,22,18,15
23,24,30,28,22,26,32,17,0,31,65,98,24,22,19,16
27,30,29,28,25,27,31,21,0,28,69,94,25,23,14,14
26,27,28,30,26,30,30,16,0,27,66,97,22,22,20,18
24,28,28,30,26,29,29,19,0,30,65,95,25,23,17,17
26,26,31,28,27,32,26,17,0,31,69,96,24,24,20,17
25,29,32,27,27,34,32,17,0,31,66,98,25,21,20,17
27,32,30,28,25,30,30,18,0,34,67,97,24,24,20,16
29,28,32,27,25,29,29,20,0,30,67,97,27,22,18,17
28,25,32,28,28,29,29,21,0,30,65,96,23,24,21,15
24,27,29,26,24,26,29,17,0,32,69,95,22,20,17,18
28,34,28,26,24,28,29,18,0,28,65,94,24,22,23,15
27,28,30,28,24,28,29,18,0,33,66,95,24,21,16,15
26,24,30,27,24,28,28,17,0,26,65,96,22,22,20,15
27,28,30,29,20,27,30,19,0,30,64,98,25,24,18,16
27,32,33,28,23,30,28,20,0,32,67,99,21,22,19,16
26,31,28,25,26,28,29,18,0,30,65,94,25,23,15,14
25,34,28,27,25,27,27,18,0,33,66,96,24,22,21,14
25,31,33,27,24,33,30,19,0,33,62,98,24,25,17,16
24,30,32,29,27,29,32,20,0,30,67,98,27,22,18,15
27,27,29,29,27,32,29,18,0,28,67,96,24,23,17,15
26,25,32,30,26,30,32,17,0,34,66,99,26,23,18,14
24,30,33,29,27,31,30,21,0,29,66,96,25,24,17,15
24,28,31,30,26,33,33,21,0,35,66,94,24,23,20,17
24,27,30,30,28,30,30,20,0,33,66,95,23,23,19,13
22,27,30,30,26,32,34,19,0,26,65,95,26,24,19,16
22,28,31,29,27,30,34,21,0,36,69,96,26,22,16,15
22,26,33,29,26,29,31,20,0,33,68,95,22,23,19,17
23,28,29,32,27,32,31,19,0,32,66,94,24,23,19,17
21,25,31,30,28,32,33,24,0,34,65,98,26,22,21,18
26,29,32,29,25,33,30,19,0,32,66,96,24,22,20,15
24,28,30,27,24,29,31,18,0,34,68,93,24,24,17,17
23,26,28,26,24,32,33,19,0,34,68,95,26,26,20,14
24,27,26,25,24,30,29,19,0,29,64,96,24,23,19,18
25,27,28,29,24,30,29,18,0,28,67,94,23,23,18,14
24,26,28,26,25,26,29,17,0,29,67,96,29,23,18,14
24,26,27,27,20,26,30,19,0,30,65,95,20,24,20,16
25,25,28,27,24,30,30,16,0,33,65,97,24,25,19,16
23,27,28,28,23,25,32,18,0,32,69,96,26,21,18,14
23,27,32,28,25,33,32,18,0,33,64,98,24,24,18,14
23,28,31,29,22,32,31,18,0,34,66,96,26,23,21,14
26,26,29,27,26,28,33,17,0,31,66,96,22,21,22,15
23,25,30,29,23,29,32,20,0,33,71,96,23,25,20,14
24,28,28,28,23,33,32,17,0,30,68,98,24,25,18,19
22,24,28,27,25,30,33,20,0,29,66,99,24,22,21,14
22,30,30,29,27,29,30,17,0,32,65,95,19,24,21,15
22,27,30,27,26,28,35,21,0,32,70,98,24,25,16,15
22,28,28,29,23,30,29,23,0,31,69,99,25,23,20,15
24,28,32,29,27,28,32,22,0,34,68,99,27,23,18,16
22,28,30,30,24,27,35,20,0,34,69,97,31,20,20,15
24,27,31,32,29,32,34,22,0,32,67,97,27,24,23,17
23,28,27,30,25,31,35,18,0,32,69,97,28,24,20,12
21,27,32,32,23,29,31,19,0,35,68,93,21,25,20,15
25,28,28,31,27,31,30,21,0,33,66,95,25,23,20,16
27,27,31,31,27,34,32,17,0,35,68,98,28,25,18,17
21,25,27,28,24,28,32,21,0,31,65,97,27,24,19,16
26,28,26,28,22,30,31,21,0,30,65,97,23,23,22,16
27,26,30,28,27,30,32,19,0,32,72,99,24,22,21,14
21,28,30,29,24,27,32,18,0,27,67,97,25,24,17,13
26,31,28,29,26,30,34,21,0,32,68,98,24,25,17,13
23,26,29,29,26,28,32,18,0,28,70,96,25,22,18,15
23,29,28,31,24,29,31,23,0,29,69,97,24,25,19,17
23,28,31,29,24,30,37,22,0,32,70,100,26,24,21,16
20,25,31,28,26,30,34,18,0,25,67,99,23,24,17,14
21,27,29,28,23,30,35,20,0,32,63,97,24,21,19,15
25,29,29,29,26,29,36,20,0,30,67,97,28,24,21,17
27,28,29,31,27,30,35,20,0,31,68,98,24,24,22,14
24,27,27,28,25,26,34,22,0,33,68,100,24,26,18,19
22,28,28,31,27,28,35,20,0,26,68,97,24,23,19,15
25,26,28,28,25,25,34,20,0,30,69,96,24,24,21,13
26,28,27,30,24,29,35,19,0,30,68,99,26,23,16,15
24,28,32,31,24,28,33,18,0,31,69,98,25,24,19,16
24,29,32,34,24,27,35,20,0,33,67,100,27,23,19,18
24,30,33,33,27,30,35,22,0,30,67,94,24,23,20,13
26,29,33,31,26,30,34,21,0,30,70,98,25,24,20,15
23,28,31,30,24,26,33,18,0,32,65,99,23,21,18,16
25,27,32,27,22,26,29,18,0,29,69,98,23,23,18,16
25,27,29,29,24,26,32,19,0,28,70,97,24,22,19,16
24,28,27,29,25,29,33,18,0,29,65,95,24,20,21,15
25,27,28,27,22,29,34,18,0,32,66,93,26,23,19,14
26,28,28,28,25,30,33,17,0,28,67,97,25,25,19,13
25,29,33,27,26,30,35,24,0,31,67,96,25,21,22,18
25,29,28,28,26,27,35,19,0,35,68,97,24,22,18,15
23,27,31,29,25,26,31,20,0,29,71,95,25,24,18,18
22,29,33,32,24,27,35,17,0,30,65,96,24,23,23,13
25,30,31,29,25,29,36,16,0,29,70,94,24,25,17,15
23,26,31,32,28,29,38,20,0,31,69,96,27,26,19,19
23,26,27,29,24,26,37,19,0,32,67,97,23,23,19,18
21,27,29,29,24,28,36,19,0,30,68,96,25,24,19,13
22,27,28,28,25,26,38,23,0,25,65,98,25,21,18,19
22,26,30,27,26,26,41,20,0,29,70,99,25,24,20,16
24,29,27,29,29,25,40,20,0,27,69,96,23,24,20,15
23,28,27,27,26,31,37,20,0,27,68,98,23,24,19,16
22,27,26,31,23,26,39,18,0,27,71,98,25,27,19,17
23,29,27,29,27,30,36,21,0,31,68,100,27,25,19,16
22,28,26,30,24,27,35,20,0,26,69,95,29,22,16,15
26,28,31,29,26,25,33,19,0,27,68,100,23,25,16,15
23,27,30,29,22,24,33,18,0,27,68,99,26,23,17,17
23,27,27,27,25,28,31,19,0,30,69,100,22,24,17,13
24,30,30,28,24,22,36,20,0,30,69,97,23,25,19,13
25,30,31,27,27,25,35,20,0,29,71,96,24,23,21,15
25,28,30,27,25,26,35,19,0,29,64,96,23,23,19,14
24,29,26,30,25,28,32,23,0,29,70,98,23,26,19,13
23,29,28,32,22,27,34,19,0,28,69,99,24,25,18,17
23,30,28,29,26,28,36,17,0,31,67,97,21,24,19,16
20,27,29,31,24,26,35,19,0,28,69,100,23,22,19,12
24,28,31,30,21,25,34,18,0,33,65,98,23,21,18,15
22,28,26,32,23,27,36,24,0,31,69,100,23,23,20,15
24,28,26,28,24,25,35,21,0,26,67,94,24,24,18,17
21,28,29,32,26,25,36,23,0,29,66,98,22,23,22,18
25,28,25,32,23,26,34,19,0,25,70,96,26,22,22,17
25,30,28,35,23,23,37,18,0,32,69,95,24,23,17,14
23,28,31,31,25,27,37,20,0,33,69,97,20,22,19,17
23,29,32,30,24,29,37,18,0,27,69,96,26,23,19,15
26,26,33,32,22,27,34,19,0,31,67,96,21,23,17,15
23,33,33,30,25,25,32,18,0,27,68,96,26,23,20,16
25,29,33,31,26,29,33,17,0,31,69,94,21,22,17,14
29,27,31,29,25,26,32,17,0,25,69,95,24,21,19,15
28,28,34,31,26,29,31,18,0,24,67,98,24,18,19,13
28,28,33,29,25,27,33,17,0,32,66,93,25,19,19,14
25,27,32,29,26,29,31,20,0,27,71,96,24,24,18,15
24,28,33,29,22,28,35,20,0,32,68,95,20,23,16,17
27,28,32,29,25,28,34,16,0,32,68,98,26,27,18,16
24,29,30,29,24,27,36,21,0,28,69,99,24,22,18,16
22,28,27,28,22,27,35,20,0,23,66,99,25,26,15,14
26,28,26,30,24,28,34,16,0,28,70,98,23,21,18,15
26,28,29,31,26,28,37,21,0,28,69,98,25,23,17,13
24,28,29,33,27,28,35,17,0,31,70,97,24,22,18,15
26,29,30,30,25,27,38,21,0,27,67,101,23,22,24,18
22,28,29,31,26,25,35,22,0,29,65,95,28,25,19,15
22,29,28,32,23,27,31,18,0,26,68,94,22,26,19,17
23,30,31,32,23,24,33,18,0,29,69,98,22,22,20,15
24,29,29,30,25,29,38,21,0,30,70,96,27,26,19,16
23,28,29,30,23,28,35,18,0,28,68,100,24,22,18,13
21,28,25,30,25,29,33,20,0,25,70,96,26,26,21,17
24,28,26,30,22,26,35,19,0,29,70,98,23,22,17,15
22,27,28,29,27,28,36,19,0,24,70,97,20,24,20,14
25,27,27,31,27,29,37,21,0,29,68,98,26,24,18,16
28,28,29,31,26,26,33,18,0,29,68,97,21,19,18,15
25,27,25,29,24,26,34,20,0,29,67,97,22,24,21,15
24,27,28,30,22,25,33,18,0,29,66,98,24,22,17,16
25,29,27,27,21,23,32,19,0,30,69,95,25,22,17,15
23,27,29,29,25,24,35,17,0,25,68,95,22,22,17,16
26,28,28,30,23,28,36,16,0,25,69,95,23,22,17,18
26,27,29,33,25,25,35,19,0,28,68,98,24,22,20,16
25,28,27,30,24,26,36,19,0,25,72,96,25,26,19,15
22,25,28,31,22,27,35,20,0,24,65,98,21,21,19,15
25,24,26,29,22,24,35,21,0,26,68,95,19,24,18,15
25,28,29,30,25,23,34,18,0,26,66,97,24,23,21,17
27,26,30,31,26,25,39,17,0,30,69,93,21,25,20,17
22,26,26,28,23,24,36,20,0,26,68,99,23,22,15,13
25,25,27,26,25,27,35,19,0,31,69,97,25,23,18,16
22,29,27,27,26,27,36,17,0,26,68,96,23,24,18,16
27,28,29,27,23,24,35,17,0,25,70,97,22,21,18,15
22,30,26,28,23,25,34,17,0,26,70,94,23,21,19,18
25,30,28,28,23,23,33,18,0,25,70,97,24,20,19,16
27,31,27,30,24,25,33,16,0,30,65,99,23,22,17,16
27,31,28,31,24,26,35,18,0,26,69,96,28,22,18,16
28,28,28,28,25,26,31,20,0,28,66,98,21,22,16,12
27,29,27,27,23,25,32,15,0,24,64,97,23,22,19,16
27,29,32,29,25,30,30,18,0,27,64,95,24,23,18,15
24,33,29,28,24,27,32,13,0,26,68,96,23,20,17,15
25,30,30,29,23,24,32,18,0,26,66,97,25,19,16,15
30,31,27,28,22,27,30,15,0,25,65,98,22,22,16,16
27,28,32,30,23,26,32,17,0,25,66,94,22,22,14,16
28,29,31,30,23,27,32,19,0,27,69,96,24,23,17,15
25,30,26,30,24,26,34,21,0,28,69,98,22,22,15,15
26,28,28,30,26,27,33,17,0,28,70,98,23,23,16,11
25,30,29,29,25,27,33,22,0,30,65,96,24,23,18,12
23,28,27,30,25,24,30,16,0,30,68,96,22,22,18,15
23,29,27,28,23,24,33,17,0,30,64,96,21,21,21,16
23,27,27,28,23,23,32,19,0,27,66,95,23,21,17,16
25,29,28,30,22,25,31,16,0,31,67,94,20,26,17,15
25,30,30,31,22,25,35,19,0,24,69,96,22,22,17,16
25,28,28,33,25,27,32,18,0,30,68,98,24,24,19,15
25,29,29,34,22,25,34,20,0,26,70,97,22,23,16,18
27,27,30,31,23,26,31,18,0,28,68,95,23,24,20,16
25,27,27,32,21,26,32,16,0,28,68,93,22,22,21,18
25,29,26,31,22,28,35,16,0,29,65,96,24,20,19,15
25,30,30,30,23,28,35,20,0,25,67,96,23,24,17,18
28,29,30,31,25,30,30,17,0,28,67,98,20,24,18,14
27,30,33,30,27,29,32,17,0,29,68,97,20,19,18,16
26,31,28,31,25,31,30,17,0,30,67,97,19,21,19,14
25,29,31,29,24,29,31,16,0,30,68,94,23,21,18,16
27,29,31,29,24,26,33,18,0,35,69,98,25,24,18,13
25,29,27,30,24,27,32,17,0,27,68,96,24,23,19,15
25,29,30,31,26,28,36,21,0,27,65,96,24,22,18,17
23,26,29,31,26,28,37,21,0,29,66,97,26,22,19,16
22,29,31,32,25,30,37,17,0,25,68,98,26,23,20,13
26,31,28,32,24,26,36,20,0,31,67,96,25,22,19,17
25,28,31,31,23,28,36,21,0,30,72,98,24,24,20,16
25,28,33,29,25,25,36,23,0,29,71,96,26,25,20,13
25,28,27,29,27,28,36,21,0,27,69,98,22,22,18,19
24,27,27,27,23,26,35,16,0,31,68,97,27,23,19,13
23,28,27,26,26,27,36,22,0,27,70,95,19,23,19,14
23,28,27,32,25,30,36,19,0,31,69,95,25,25,18,13
23,27,30,31,25,29,37,20,0,30,70,97,21,24,17,15
25,29,30,31,23,27,35,21,0,32,70,96,23,24,19,15
28,30,28,33,26,25,35,20,0,30,70,96,23,23,19,18
25,28,30,30,26,25,36,24,0,29,64,98,20,24,18,18
26,29,30,29,25,26,34,18,0,29,67,96,24,20,16,15
27,29,32,27,27,26,33,17,0,30,69,97,20,23,19,19
28,29,30,29,25,28,31,20,0,24,69,95,23,24,19,17
27,30,26,28,24,25,30,15,0,25,68,97,24,22,16,16
28,30,30,28,26,26,34,20,0,26,68,97,24,24,18,16
29,29,28,30,26,27,32,19,0,28,70,97,22,21,18,18
27,30,32,30,24,28,33,19,0,28,69,99,23,23,16,14
25,29,27,31,23,28,33,15,0,28,66,96,24,20,18,15
22,31,28,32,25,23,35,19,0,27,68,97,26,22,19,17
23,30,30,30,22,26,34,20,0,27,69,95,23,22,17,16
25,25,29,29,24,26,33,20,0,27,67,98,22,22,17,14
24,29,26,27,23,22,31,16,0,24,66,95,23,25,17,17
24,28,28,29,21,25,35,16,0,24,67,97,20,23,20,17
26,30,27,28,23,26,36,17,0,29,65,97,24,23,16,15
25,30,27,32,24,25,35,17,0,30,67,95,24,24,16,13
25,30,28,32,21,25,33,19,0,30,70,97,25,23,20,15
25,29,30,30,20,25,32,19,0,29,67,98,19,22,18,17
29,30,29,32,23,26,33,19,0,31,67,99,22,25,18,15
28,30,28,30,21,28,30,18,0,25,66,99,20,20,15,15
28,30,30,31,21,28,35,20,0,30,66,98,21,23,20,15
28,29,30,27,22,27,32,17,0,26,64,97,24,22,19,15
27,27,28,27,22,21,31,12,0,24,65,97,21,21,21,15
24,29,26,29,23,25,28,16,0,24,67,94,22,22,18,16
26,29,29,27,21,22,33,16,0,26,65,93,22,22,18,15
24,29,28,32,20,25,32,17,0,20,66,95,22,18,18,15
27,31,28,31,24,26,35,15,0,26,67,97,23,24,17,12
24,30,30,31,21,25,35,16,0,24,64,98,21,21,17,15
26,29,28,32,23,25,35,16,0,23,69,96,25,23,16,15
24,31,27,30,21,23,34,18,0,27,67,97,23,21,20,17
25,28,32,29,23,25,33,20,0,29,66,98,23,24,19,16
26,31,28,32,23,27,34,19,0,29,67,98,24,20,17,15
24,28,28,29,21,25,34,17,0,28,67,95,20,21,17,19
22,28,30,32,21,23,35,18,0,25,66,96,20,22,14,11
22,29,26,30,22,23,33,18,0,25,68,95,21,20,19,13
25,28,31,32,23,27,34,17,0,25,66,96,19,24,19,15
28,29,26,31,21,26,40,15,0,24,68,95,21,24,18,14
23,29,27,28,22,26,36,20,0,27,67,95,18,23,17,16
24,29,30,28,21,22,35,16,0,30,64,96,22,22,19,15
21,30,30,27,23,25,31,15,0,26,65,94,24,18,18,17
24,28,27,28,22,23,31,15,0,23,67,93,19,21,17,17
25,29,29,29,23,23,32,15,0,24,66,95,21,24,17,14
27,29,28,28,26,23,30,13,0,24,68,94,18,21,17,15
25,29,24,28,21,23,32,15,0,28,61,96,19,20,16,16
25,29,25,26,22,26,30,16,0,24,67,96,24,23,16,17
25,29,25,28,22,22,30,15,0,25,68,96,19,19,19,15
24,28,28,28,22,23,35,18,0,24,66,93,21,22,16,15
27,29,28,28,20,20,32,17,0,25,65,93,24,22,16,14
24,29,28,29,22,21,32,14,0,26,67,97,21,21,19,12
26,27,19,22,21,20,32,16,0,20,66,96,22,18,17,12
22,23,28,24,22,18,24,8,0,25,58,93,23,23,9,17
19,24,23,23,17,18,27,14,0,24,63,89,19,19,19,14
21,27,25,24,17,18,27,16,0,21,64,92,20,22,15,16
25,27,25,24,18,19,28,16,0,22,63,94,19,22,16,14
22,25,21,23,20,21,29,13,0,22,64,93,19,21,15,15
20,25,26,23,17,20,29,15,0,25,65,94,19,20,15,17
22,23,24,21,18,20,30,12,0,21,63,96,15,23,12,12
22,22,25,22,16,18,28,11,0,23,55,91,13,23,15,19
20,20,20,20,16,20,26,10,0,23,61,94,20,21,15,16
17,17,21,18,16,20,26,12,0,20,60,94,22,19,16,17
17,22,25,18,14,19,25,13,0,21,60,90,17,20,12,13
20,18,23,23,16,18,22,12,0,23,69,86,16,19,14,11
21,17,19,17,16,9,19,13,0,21,60,89,23,23,19,10
23,19,22,19,17,19,21,11,0,17,62,90,21,19,13,12
22,19,22,18,16,20,23,11,0,20,63,93,17,24,17,14
17,17,18,15,15,15,23,11,0,20,59,90,18,19,14,17
17,13,14,16,14,15,20,11,0,19,60,88,18,19,8,11
16,14,17,15,16,17,19,10,0,20,59,84,21,20,13,14
15,15,15,16,22,17,13,13,0,20,62,86,16,21,20,15
18,16,17,14,14,15,19,13,0,19,60,89,16,20,13,15
20,16,16,17,13,15,21,13,0,20,62,93,20,20,17,14
18,15,16,14,14,14,21,11,0,19,63,91,20,20,16,13
18,14,19,12,12,14,20,13,0,20,59,91,17,26,14,13
16,14,19,17,15,16,21,8,0,19,60,86,18,21,16,13
14,15,18,12,12,14,19,12,0,20,57,86,13,17,12,11
16,13,17,13,13,15,22,13,0,17,60,87,16,17,12,13
15,13,18,13,10,14,20,10,0,20,59,89,16,21,15,15
16,13,10,12,12,15,18,10,0,17,56,88,18,20,14,13
13,15,18,13,13,16,15,8,0,19,61,91,17,17,15,14
16,13,16,15,14,15,19,9,0,21,59,88,14,19,12,13
15,12,16,14,12,16,20,10,0,16,59,89,16,18,15,14
17,14,17,15,12,14,19,8,0,17,60,94,17,17,17,13
16,12,18,14,13,14,20,11,0,17,60,90,17,19,15,16
15,12,16,14,10,14,17,10,0,15,57,89,18,18,11,13
15,11,13,10,11,14,16,11,0,17,57,88,16,18,13,13
14,13,15,15,11,12,19,10,0,19,56,89,15,22,12,11
12,13,13,12,14,12,19,11,0,19,60,92,13,27,13,10
11,12,13,12,15,15,18,10,0,21,55,84,17,19,14,14
13,12,15,14,6,20,13,11,0,16,57,75,19,19,16,8
16,12,15,13,13,17,20,11,0,12,62,90,14,23,13,14
16,14,14,14,12,14,19,10,0,15,60,92,18,26,13,12
10,14,12,14,13,15,19,10,0,20,53,89,19,21,16,13
12,11,12,12,12,13,19,11,0,18,57,85,19,18,13,15
15,13,13,13,14,13,17,12,0,16,57,83,16,17,11,12
12,11,15,15,8,13,19,15,0,19,58,84,8,19,24,18
17,10,15,12,15,15,16,11,0,19,62,90,16,22,13,11
18,13,18,12,13,16,16,11,0,18,61,88,15,20,13,14
14,13,15,15,12,16,15,9,0,18,58,88,15,21,13,12
11,11,13,12,10,11,17,12,0,13,54,88,12,16,17,13
13,12,12,12,18,10,24,7,0,21,56,92,19,24,13,18
16,13,13,16,12,12,16,9,0,18,59,85,13,18,16,12
17,12,13,15,12,14,20,13,0,17,60,90,16,22,13,14
14,12,14,13,13,14,16,9,0,22,58,90,19,18,14,11
15,13,16,11,11,14,17,11,0,17,58,89,15,19,12,16
16,12,13,14,12,15,15,9,0,22,56,88,17,19,14,13
17,13,17,15,12,12,16,11,0,18,61,88,19,20,17,14
13,12,15,12,15,12,18,9,0,18,60,86,18,22,13,13
16,12,15,12,14,15,18,10,0,18,61,92,16,21,14,16
15,12,16,13,14,11,18,11,0,16,57,89,14,17,14,13
21,10,15,12,13,17,20,12,0,20,56,89,25,20,14,15
15,9,15,14,12,13,19,12,0,20,57,86,15,22,15,11
16,13,13,11,11,13,15,6,0,19,65,89,16,24,14,11
15,12,13,16,14,16,16,9,0,23,56,93,13,26,18,14
12,13,14,13,12,11,14,12,0,19,59,91,14,23,13,14
11,12,16,14,12,15,19,10,0,17,56,90,14,20,14,13
9,9,13,13,12,14,15,10,0,20,52,84,17,21,9,12
13,11,16,11,13,15,17,5,0,20,59,81,15,15,16,15
12,11,13,12,16,14,17,6,0,20,59,89,17,21,15,13
15,12,14,13,13,13,15,11,0,18,60,88,15,21,13,13
15,13,13,13,13,14,19,11,0,17,61,86,17,21,16,12
16,12,10,12,12,12,18,9,0,15,58,92,15,19,13,12
13,13,12,11,13,13,18,10,0,20,59,92,18,19,14,14
14,11,15,14,13,14,16,10,0,17,62,91,14,22,15,14
12,10,15,12,12,12,20,8,0,15,61,92,16,19,12,13
10,13,14,15,17,12,10,6,0,11,56,87,14,21,12,13
11,11,14,12,12,13,15,11,0,18,55,85,13,18,11,14
13,10,13,12,19,8,19,10,0,14,54,88,16,17,17,12
13,13,14,14,11,14,19,10,0,19,61,87,16,17,14,12
16,11,14,12,11,13,17,12,0,19,62,90,16,22,14,16
12,11,12,12,11,14,16,13,0,13,56,88,19,18,16,15
10,11,13,14,16,13,15,12,0,18,54,81,13,20,12,12
14,11,16,11,12,16,11,7,0,20,58,85,21,23,14,11
13,13,15,13,13,16,17,9,0,15,57,91,15,19,12,13
14,13,14,14,11,14,17,10,0,20,60,93,15,22,16,15
12,12,13,13,13,15,18,9,0,17,58,90,17,20,15,13
14,11,2,12,11,11,19,11,0,17,57,89,16,20,16,13
9,11,13,11,10,14,15,8,0,20,55,83,14,15,12,11
12,11,11,13,15,14,15,10,0,34,56,87,14,17,12,12
10,11,14,12,13,15,17,11,0,17,59,88,16,23,17,10
15,11,13,11,12,14,16,11,0,17,59,89,14,18,12,10
15,12,13,14,12,14,16,11,0,15,58,92,17,21,12,14
11,13,13,9,11,16,16,9,0,16,61,88,16,19,13,12
8,11,12,12,12,15,15,10,0,15,59,86,18,20,12,15
12,12,13,11,14,10,19,10,0,16,61,86,18,18,14,11
15,11,17,13,13,16,19,7,0,18,62,90,20,24,13,14
12,12,13,13,13,12,16,10,0,24,60,94,16,19,12,18
10,9,14,12,11,11,17,9,0,19,57,88,18,17,12,12
12,9,14,11,12,14,15,8,0,15,58,85,13,22,14,11
13,10,13,11,13,14,16,11,0,18,56,88,18,21,14,13
14,11,13,9,15,16,20,13,0,18,66,88,19,22,12,10
12,13,14,12,12,15,17,11,0,19,58,87,17,20,12,10
15,12,15,12,12,13,19,11,0,16,61,89,14,18,15,15
15,12,13,14,15,18,18,10,0,20,61,96,14,19,15,15
14,13,13,13,13,15,16,9,0,19,61,90,17,19,15,15
12,10,15,14,10,13,19,10,0,10,59,89,17,23,15,14
15,12,11,14,12,17,16,9,0,17,53,90,16,17,13,10
12,10,13,14,4,15,17,11,0,12,60,83,18,21,13,14
15,12,13,12,12,14,17,9,0,17,59,89,14,24,15,12
12,13,11,13,13,11,15,10,0,16,58,91,19,19,15,14
10,11,15,9,15,10,18,11,0,17,54,89,14,17,12,13
11,11,14,11,10,16,16,9,0,15,55,83,13,19,14,12
11,12,13,13,14,10,18,5,0,16,54,82,16,20,12,11
13,12,14,14,11,13,17,11,0,15,60,89,16,20,11,11
24,11,18,13,16,13,19,10,0,18,61,96,14,24,15,14
17,11,15,10,12,15,17,11,0,15,56,93,13,21,16,15
12,11,15,11,14,9,18,9,0,16,52,83,15,19,13,12
10,11,16,11,10,11,18,8,0,19,56,78,14,21,11,14
15,14,16,11,13,13,18,9,0,17,59,86,15,20,15,10
18,12,14,11,11,14,16,9,0,16,58,92,19,22,18,16
13,16,13,11,12,10,16,7,0,17,56,95,16,19,13,13
12,13,13,13,13,11,18,12,0,16,52,87,15,20,16,13
12,10,12,11,12,11,15,11,0,18,56,80,16,18,13,14
16,10,15,11,13,19,15,8,0,34,59,84,4,20,16,13
19,13,16,13,15,12,19,7,0,21,62,94,20,19,18,10
17,10,19,14,10,15,19,11,0,18,59,95,17,22,11,15
10,10,13,11,12,13,17,13,0,14,55,84,15,15,15,16
9,11,13,12,10,12,18,9,0,14,55,80,13,21,16,12
12,11,12,11,10,14,16,4,0,20,61,87,16,21,11,21
21,12,14,12,14,13,17,12,0,14,64,93,22,24,16,15
13,10,12,9,12,15,16,9,0,18,56,97,17,22,15,14
12,10,15,11,13,15,14,9,0,15,59,85,14,19,12,12
12,11,12,12,12,13,18,9,0,15,57,83,16,21,13,10
16,13,15,12,12,17,18,9,0,19,61,90,16,22,15,16
15,12,13,13,11,11,20,11,0,22,63,94,16,20,14,15
11,7,15,12,12,11,17,9,0,20,55,93,17,22,12,11
7,9,11,12,12,13,17,9,0,13,52,86,14,16,14,14
14,8,13,12,12,16,14,9,0,15,56,82,15,20,13,14
17,13,13,12,11,12,15,12,0,17,62,86,12,22,10,13
15,12,16,12,12,16,18,7,0,21,59,89,17,21,14,14
15,13,14,12,14,12,20,9,0,16,55,89,14,23,14,12
10,12,13,12,14,12,14,9,0,15,57,84,14,18,11,11
11,12,11,12,13,13,14,9,0,18,56,83,16,20,10,13
15,11,14,11,13,14,19,12,0,18,59,93,14,21,12,18
17,9,14,12,13,14,16,11,0,18,59,93,14,25,13,14
16,12,15,5,13,15,19,8,0,16,56,91,17,20,16,15
12,11,15,11,11,14,15,11,0,18,56,85,16,18,12,15
14,12,14,11,14,12,16,9,0,16,58,82,16,15,13,15
17,11,15,12,10,16,17,7,0,19,57,91,16,20,11,13
13,11,16,11,11,12,20,10,0,15,60,91,17,23,10,13
18,9,14,12,11,14,19,11,0,20,51,89,19,19,15,16
11,11,13,11,13,14,17,10,0,14,54,83,11,16,12,11
11,16,15,11,15,13,17,1,0,17,60,80,19,20,18,12
17,12,14,11,13,13,18,12,0,20,60,90,18,19,11,12
12,12,11,10,15,17,19,6,0,16,60,91,16,20,14,16
13,12,15,10,13,12,16,9,0,19,58,92,17,19,13,12
14,14,13,11,13,13,16,11,0,20,60,87,18,21,14,16
16,11,16,14,12,16,17,10,0,18,62,98,16,19,9,17
12,10,10,13,13,14,17,9,0,18,56,90,16,20,16,12
14,13,20,11,14,15,15,5,0,21,58,87,18,18,18,11
12,10,14,13,22,16,20,8,0,15,56,83,28,17,21,6
17,13,14,15,15,17,18,9,0,13,57,88,17,20,13,13
18,7,16,11,15,13,19,9,0,19,59,91,18,17,15,15
15,12,10,12,15,11,18,10,0,0,54,89,21,20,16,13
13,11,14,12,14,18,15,6,0,20,55,84,14,19,10,12
13,11,13,12,12,11,15,10,0,18,58,80,17,15,13,12
17,14,13,14,11,13,19,9,0,21,66,90,16,22,11,13
16,11,17,12,14,15,20,9,0,16,61,92,22,22,14,17
12,11,14,11,12,14,16,8,0,15,53,88,16,17,14,10
11,11,11,9,13,14,17,8,0,20,53,82,14,17,13,12
15,12,13,12,12,15,16,10,0,20,62,91,17,22,16,13
18,12,14,14,13,11,16,9,0,17,61,91,13,23,18,12
14,12,14,12,10,13,15,6,0,15,57,87,18,18,6,9
10,11,11,12,10,15,16,9,0,14,53,82,14,16,16,9
10,10,7,10,12,12,15,10,0,22,59,82,16,24,12,12
17,13,18,13,14,15,17,11,0,11,62,89,23,22,15,12
14,16,12,11,13,11,16,7,0,20,59,92,16,19,17,14
12,10,13,11,10,13,15,9,0,13,55,93,15,19,13,12
12,13,11,11,10,10,19,9,0,12,56,85,20,22,12,15
16,12,15,15,11,14,16,10,0,21,61,91,13,18,16,14
15,13,14,11,12,14,14,11,0,20,57,88,16,21,14,13
12,10,13,11,14,14,16,6,0,22,59,90,18,17,10,13
14,12,13,12,14,11,17,9,0,19,59,89,16,18,12,14
15,9,14,12,11,14,16,11,0,14,60,89,16,22,17,14
12,11,13,12,13,15,18,7,0,15,59,93,17,23,16,13
10,11,9,10,9,16,16,11,0,14,55,87,14,22,7,12
14,12,13,10,13,17,15,11,0,21,57,89,15,20,14,16
15,10,16,12,12,16,19,9,0,20,61,88,17,22,10,12
11,10,15,13,13,17,19,6,0,17,59,88,18,20,15,14
14,12,12,12,14,14,19,7,0,18,58,90,15,20,14,15
13,9,12,12,12,15,15,6,0,15,61,89,13,21,15,15
12,10,15,13,11,15,16,8,0,16,57,89,16,21,12,14
7,16,18,10,12,15,19,8,0,15,60,87,13,18,15,10
14,10,13,11,11,11,21,7,0,20,58,84,19,18,10,1
16,12,14,12,12,13,16,10,0,20,59,88,15,20,12,13
12,12,13,12,12,15,17,10,0,17,58,90,16,21,13,14
9,11,12,13,17,13,14,9,0,17,56,85,27,15,17,12
11,9,14,11,15,14,14,8,0,13,58,84,16,20,13,12
18,10,16,11,11,15,16,7,0,21,60,89,14,23,12,13
12,12,14,12,12,15,17,7,0,16,57,89,13,19,11,14
11,11,14,12,11,15,14,7,0,18,57,90,16,23,17,14
14,8,11,12,11,13,17,11,0,17,57,90,14,21,15,10
10,8,13,11,13,15,15,7,0,18,58,89,16,21,16,12
14,10,13,11,13,15,16,9,0,22,59,87,15,19,15,14
15,10,13,10,12,17,14,7,0,18,58,90,15,20,13,13
12,10,10,10,9,6,16,11,0,31,55,88,5,21,15,10
10,13,12,10,12,13,17,4,0,16,55,81,14,20,16,13
17,12,12,12,13,15,19,9,0,16,61,83,20,20,13,13
14,12,14,11,14,13,20,12,0,17,63,90,19,22,15,11
12,9,13,13,12,13,16,9,0,15,56,89,16,11,13,10
4,11,10,12,12,13,19,6,0,25,58,83,9,16,12,13
12,9,12,14,11,12,19,8,0,17,60,88,15,22,11,11
15,10,16,12,17,15,14,11,0,14,60,92,17,21,13,17
12,10,13,12,13,13,17,10,0,16,58,88,14,22,12,12
12,12,12,11,12,14,10,13,0,17,58,88,14,18,16,15
12,12,14,14,14,12,17,10,0,17,59,89,13,23,13,12
15,10,16,10,12,13,17,8,0,20,56,88,15,21,14,13
7,11,16,12,13,12,18,10,0,25,57,86,14,19,11,13
13,16,10,12,13,16,14,6,0,20,57,83,14,19,11,14
12,10,14,10,13,13,15,11,0,18,56,88,14,18,12,13
11,12,13,12,12,16,16,8,0,19,59,88,16,20,12,14
12,10,15,11,12,17,15,8,0,21,56,89,16,20,13,13
12,10,12,12,13,13,18,10,0,17,60,88,16,20,16,15
14,11,15,11,13,14,16,8,0,17,57,88,17,19,15,13
13,10,14,9,14,13,16,10,0,15,61,92,19,18,10,12
19,12,15,12,15,13,18,9,0,17,56,91,16,22,13,11
17,12,11,11,15,15,15,11,0,18,56,91,18,22,15,11
13,12,13,10,13,11,17,10,0,16,56,85,15,17,14,13
15,9,14,12,11,14,8,7,0,15,58,84,16,22,15,8
17,11,13,13,14,15,17,10,0,20,61,90,18,18,12,14
14,11,11,11,11,15,19,11,0,20,59,93,16,21,16,14
12,10,13,11,13,14,15,8,0,19,58,90,14,20,17,11
13,12,14,12,14,13,17,8,0,16,59,91,17,17,12,14
14,12,10,11,12,13,19,11,0,20,57,88,20,20,12,12
12,11,14,11,11,16,17,11,0,18,59,86,18,21,11,10
12,12,11,11,12,11,16,11,0,18,55,88,18,19,13,11
13,9,13,11,12,14,20,12,0,20,56,89,16,18,13,14
7,11,13,15,17,15,16,8,0,17,55,87,23,18,16,18
9,10,11,13,8,12,18,14,0,15,59,85,12,16,20,17
16,11,13,12,13,15,15,10,0,20,62,89,15,22,12,14
12,13,13,11,11,15,17,10,0,17,60,91,18,18,14,13
15,11,12,10,14,13,16,7,0,18,59,88,16,19,13,15
14,10,15,11,10,12,18,10,0,16,57,88,16,23,15,10
13,10,14,13,13,16,16,12,0,19,58,84,18,20,15,13
15,14,15,11,11,16,14,9,0,17,57,88,16,23,13,14
15,11,16,11,12,12,17,9,0,15,60,90,16,19,15,15
12,9,13,11,13,14,15,9,0,14,58,90,17,21,15,16
13,8,16,11,17,8,16,11,0,21,52,88,18,27,11,14
13,13,15,10,12,13,17,10,0,16,59,87,14,20,12,10
15,11,12,13,15,11,16,10,0,19,60,88,15,22,10,12
14,11,13,11,12,15,17,10,0,15,59,86,15,18,16,14
12,13,11,11,10,15,16,8,0,17,59,88,14,21,17,10
11,12,15,12,10,14,19,11,0,16,58,88,19,18,13,12
13,12,14,11,13,18,17,9,0,17,62,87,10,20,14,10
13,10,12,12,11,12,15,9,0,17,57,90,17,18,12,15
15,10,13,12,16,13,16,11,0,18,55,91,17,19,15,13
9,11,11,9,11,13,15,9,0,16,56,89,14,16,15,15
14,11,12,11,12,12,14,6,0,17,52,85,6,18,9,5
15,13,12,14,13,14,18,11,0,17,60,89,15,20,15,12
13,11,11,10,14,15,14,10,0,15,56,89,14,19,15,14
7,13,7,12,12,10,15,11,0,26,50,78,27,20,7,10
12,11,16,12,16,15,16,8,0,14,56,87,19,20,15,13
16,12,16,11,13,13,14,8,0,15,61,94,17,20,15,11
13,12,13,11,12,14,19,9,0,14,57,87,19,18,13,14
14,10,12,12,13,15,17,9,0,18,54,86,17,20,16,9
15,11,14,13,11,11,16,6,0,19,60,89,15,22,14,13
16,11,13,12,14,14,19,9,0,18,58,94,15,22,15,13
11,9,16,10,13,11,17,8,0,20,55,88,14,15,13,11
7,12,15,11,12,12,19,10,0,13,50,80,18,22,14,14
13,11,14,11,19,17,16,13,0,18,60,82,16,21,8,17
15,11,15,12,13,12,15,10,0,14,60,91,19,23,18,15
15,10,13,8,14,14,15,10,0,14,53,88,17,18,15,14
11,8,13,12,12,14,16,6,0,18,57,83,13,15,12,14
18,11,15,12,14,14,15,7,0,17,60,87,13,20,19,14
14,10,13,11,12,12,18,12,0,17,58,93,14,21,11,16
10,7,10,7,19,12,15,11,0,14,47,86,18,18,16,15
10,11,16,11,14,4,15,12,0,34,60,78,20,21,8,16
15,11,15,13,11,15,15,7,0,19,56,89,14,19,14,14
13,11,12,14,11,13,16,11,0,17,58,89,15,23,13,11
12,10,3,10,11,11,17,8,0,26,55,87,17,11,12,13
8,13,14,10,12,13,18,8,0,17,57,85,19,18,12,13
15,11,13,12,12,15,19,8,0,18,58,86,20,25,13,12
11,12,13,10,14,15,15,10,0,20,59,96,14,19,16,16
12,10,9,12,12,13,15,10,0,18,53,84,16,17,13,10
11,10,11,12,14,11,13,6,0,17,60,84,17,21,14,13
19,11,14,11,16,18,17,9,0,23,59,93,13,17,9,13
14,11,12,12,14,11,19,8,0,19,53,90,13,19,19,13
11,10,13,9,12,15,15,6,0,20,57,80,20,20,11,12
14,5,13,13,13,13,16,8,0,20,61,85,19,21,11,13
18,10,15,12,13,10,19,10,0,19,58,89,14,23,15,13
8,13,12,10,13,16,15,11,0,12,62,85,16,16,14,10
11,10,11,11,13,15,14,10,0,11,54,85,12,20,15,13
15,11,13,12,13,14,16,5,0,12,58,86,18,20,13,15
16,11,14,13,13,14,15,12,0,12,57,92,19,21,21,11
11,10,10,10,13,14,18,9,0,19,55,90,21,19,17,12
13,11,12,12,12,12,15,10,0,19,56,87,13,18,10,13
14,12,15,12,10,11,15,12,0,18,60,91,15,19,15,14
15,12,13,12,14,13,16,10,0,19,57,86,18,21,15,11
11,10,12,12,13,13,19,13,0,18,59,89,17,22,12,14
15,11,17,12,12,11,17,10,0,15,57,90,17,18,12,13
11,10,12,12,13,14,20,11,0,17,57,90,19,22,10,15
14,10,14,13,12,13,16,11,0,15,58,89,14,19,18,13
11,12,15,12,10,15,13,9,0,17,59,87,18,19,12,13
13,11,13,12,11,12,16,9,0,15,59,88,18,24,14,11
10,14,10,11,13,12,16,11,0,15,58,90,19,18,16,16
13,11,13,11,12,11,17,10,0,19,55,88,18,19,15,12
10,12,14,11,12,11,16,7,0,14,58,85,15,19,15,13
14,12,13,12,14,13,17,8,0,14,61,88,16,20,12,15
11,12,16,11,11,12,15,11,0,10,58,88,18,18,14,12
12,11,12,11,13,13,15,9,0,16,55,83,14,19,12,10
15,11,15,10,12,14,14,10,0,15,59,80,14,20,12,13
16,11,16,12,14,16,18,8,0,19,58,93,19,18,15,14
10,11,10,10,12,11,15,9,0,16,55,87,15,18,13,14
12,11,15,11,15,11,17,9,0,16,58,88,3,19,10,15
18,10,15,12,10,15,15,11,0,18,61,92,19,20,17,15
18,10,13,10,13,12,17,9,0,19,54,90,16,21,12,13
11,12,12,11,10,13,17,8,0,18,56,83,17,20,14,13
19,11,13,14,11,13,16,7,0,20,61,85,17,22,12,15
17,13,16,10,12,17,17,11,0,13,58,97,18,19,12,15
15,11,7,14,4,13,14,8,0,4,53,89,10,15,14,13
15,11,11,13,12,13,15,9,0,15,60,85,17,19,15,13
18,12,14,11,12,16,17,10,0,18,59,87,16,20,16,13
16,13,13,12,16,14,16,10,0,21,59,92,16,22,16,15
20,10,14,12,14,13,15,9,0,21,58,92,20,23,15,12
14,13,13,13,13,13,16,11,0,19,58,88,16,23,15,15
18,11,16,11,12,13,16,9,0,19,57,90,14,19,15,16
15,11,13,13,15,11,17,9,0,16,58,88,17,18,13,14
18,12,17,13,12,12,15,8,0,16,56,89,14,21,15,12
15,12,17,12,15,12,16,10,0,20,57,89,15,20,15,13
