13,11,13,14,13,14,14,9,0,20,52,82,15,17,10,10
14,10,16,13,10,14,16,9,0,6,54,83,15,15,12,9
14,12,13,11,17,16,18,8,0,27,53,97,9,19,14,14
16,13,17,14,13,11,17,8,0,15,59,83,13,18,12,13
15,14,21,17,15,18,7,6,0,21,57,79,13,19,9,3
20,21,26,21,18,20,17,11,0,29,60,92,16,19,12,10
21,22,29,21,24,26,23,15,0,30,61,91,22,18,17,12
22,20,29,22,23,27,24,15,0,29,64,97,22,20,17,12
18,20,26,22,19,27,26,17,0,34,63,97,25,21,18,11
17,16,19,22,25,22,27,14,0,29,64,96,22,23,20,15
19,16,20,19,19,25,26,17,0,42,57,92,20,17,19,14
14,15,20,20,19,18,27,17,0,37,60,98,22,26,21,16
14,15,19,17,13,18,22,16,0,24,62,93,23,26,18,13
12,15,16,21,16,17,25,10,0,24,59,89,22,24,21,15
11,13,16,18,16,21,24,18,0,29,58,89,24,26,23,12
8,11,16,21,17,15,25,18,0,19,60,88,23,22,18,16
14,15,16,17,16,17,26,15,0,24,61,91,25,24,17,14
12,13,18,18,16,14,31,15,0,23,58,93,24,25,25,17
12,8,16,19,16,18,26,15,0,26,61,87,27,27,23,16
12,12,18,17,18,18,26,20,0,22,63,93,24,26,24,16
7,11,14,18,14,18,24,12,0,22,59,88,24,27,22,18
12,10,15,18,12,19,28,16,0,20,58,89,19,22,20,17
9,10,15,15,17,15,23,15,0,27,62,88,23,27,22,14
8,11,14,17,18,14,29,14,0,20,57,93,23,26,21,16
9,10,14,16,18,15,25,16,0,23,58,88,25,27,24,17
9,10,14,16,12,15,25,12,0,19,58,88,23,25,22,14
11,7,11,18,14,16,26,15,0,23,61,90,24,24,24,19
7,10,11,15,14,14,26,12,0,21,60,89,22,25,25,17
6,11,13,16,16,13,23,13,0,24,60,88,23,26,22,20
9,11,17,15,16,17,23,13,0,18,60,90,26,27,27,13
7,11,13,15,15,16,27,15,0,26,61,91,23,29,25,16
10,9,14,19,15,15,25,16,0,22,58,88,20,27,23,17
7,10,12,15,17,14,22,15,0,21,60,87,25,28,20,15
11,12,16,16,16,16,24,17,0,21,60,89,22,25,20,17
14,9,14,14,16,16,23,13,0,20,61,86,25,28,22,17
7,12,15,17,16,16,25,12,0,22,63,84,23,27,20,16
9,10,14,16,14,15,23,13,0,21,58,88,22,27,23,18
7,12,12,14,15,17,22,11,0,25,58,86,24,26,25,16
9,10,15,16,16,16,23,15,0,22,58,91,22,30,24,20
14,12,16,17,15,16,26,15,0,25,60,87,23,30,26,20
10,8,16,17,16,18,28,14,0,22,59,88,24,27,22,18
11,12,15,16,15,18,24,12,0,24,59,88,23,26,23,18
8,10,17,17,16,17,26,15,0,21,58,92,27,28,28,19
9,11,16,18,17,13,23,16,0,24,62,91,24,26,23,13
8,13,12,15,19,13,23,14,0,25,59,88,25,27,23,17
9,11,16,15,19,19,25,17,0,26,63,89,26,26,25,19
7,11,15,16,18,18,26,14,0,23,56,91,24,30,25,17
11,12,13,17,19,18,26,15,0,25,59,87,23,27,23,17
7,10,12,17,16,16,29,11,0,24,61,89,22,27,22,17
10,12,15,18,16,16,26,14,0,26,61,89,23,24,24,17
9,13,12,20,18,19,30,19,0,23,62,95,24,29,27,19
9,11,12,18,20,17,26,15,0,23,61,90,25,27,24,16
12,10,15,18,12,16,31,14,0,22,62,91,24,29,19,17
8,13,12,18,19,16,25,16,0,21,61,89,27,29,23,17
11,12,16,18,16,17,26,16,0,25,62,93,22,30,25,18
8,13,15,18,18,17,30,16,0,25,63,91,26,27,24,18
11,10,13,16,15,15,26,13,0,19,61,89,23,25,24,15
8,11,14,18,16,24,26,16,0,26,60,91,26,27,23,19
10,12,14,16,20,17,25,20,0,25,61,89,26,29,24,17
9,11,12,16,17,19,26,16,0,25,61,90,30,28,24,16
10,12,13,19,19,17,29,21,0,25,62,93,27,29,22,20
13,13,19,19,20,18,30,16,0,22,62,95,23,27,23,17
9,13,15,18,19,18,26,17,0,27,62,89,22,29,24,15
8,12,15,17,18,16,29,14,0,28,59,92,24,31,22,19
7,12,15,18,18,16,27,18,0,24,61,88,28,26,22,16
9,12,14,19,18,21,25,12,0,24,62,91,23,27,22,19
10,14,15,18,16,21,28,16,0,26,64,92,27,30,22,19
6,13,17,18,17,13,28,16,0,24,58,92,24,28,25,19
9,9,14,16,20,18,25,18,0,25,61,87,26,28,21,17
9,6,11,17,18,16,27,12,0,24,60,91,23,30,26,16
9,10,15,17,16,14,27,19,0,25,60,90,25,30,25,19
13,14,15,18,17,17,27,17,0,23,66,89,27,30,26,18
10,12,15,16,18,17,34,19,0,23,61,95,25,28,25,19
11,13,12,17,13,17,25,16,0,26,59,90,23,26,22,18
9,10,12,19,16,17,28,18,0,25,59,91,26,26,23,17
9,13,11,18,15,16,25,18,0,25,61,92,26,28,23,20
7,12,14,18,17,17,27,16,0,27,63,91,25,28,27,17
9,11,14,16,15,15,27,16,0,22,62,87,23,28,22,18
9,10,12,17,16,18,30,17,0,25,61,93,27,30,25,22
13,12,16,19,17,14,27,16,0,27,60,90,25,30,21,19
9,11,12,18,15,16,26,18,0,23,62,89,22,28,27,21
7,8,13,17,18,16,28,16,0,23,58,88,26,29,26,19
14,12,14,18,14,18,32,16,0,28,60,91,25,32,23,16
10,13,12,18,16,16,30,16,0,22,64,91,23,24,23,18
8,13,15,18,20,17,25,17,0,26,60,88,27,28,29,18
10,13,15,19,13,13,30,15,0,24,61,92,25,28,26,19
8,13,16,20,17,17,27,15,0,21,61,91,23,29,23,17
8,12,12,20,19,16,31,17,0,24,63,92,27,27,25,17
10,10,12,18,18,13,28,13,0,22,60,93,21,26,23,19
12,12,10,19,18,16,31,16,0,22,61,92,27,28,25,18
6,8,13,16,15,15,30,16,0,23,62,93,20,27,23,20
9,12,15,17,19,19,30,19,0,28,61,92,23,28,23,20
7,13,15,18,18,17,31,15,0,24,62,93,25,28,25,22
10,11,13,21,17,18,31,17,0,25,63,93,26,32,25,20
7,12,17,19,17,16,30,18,0,26,61,93,26,28,24,18
9,11,11,17,16,14,26,14,0,25,63,91,24,26,22,18
10,9,15,15,19,17,30,19,0,23,61,94,26,24,24,19
10,9,13,18,17,18,30,18,0,23,61,92,28,27,22,19
7,13,14,19,18,16,31,19,0,27,63,94,25,27,27,18
11,13,13,16,19,16,30,18,0,25,61,95,25,26,27,18
9,11,16,19,14,16,27,16,0,25,60,88,25,30,22,19
11,8,16,18,16,15,29,15,0,21,60,92,23,28,19,19
8,12,13,18,15,14,27,16,0,22,62,91,27,30,23,18
8,13,17,19,15,17,30,18,0,28,66,90,22,29,23,18
5,10,15,19,18,15,31,20,0,23,59,94,27,31,26,18
10,15,13,21,18,20,30,16,0,24,63,92,24,26,24,18
8,13,14,19,15,17,31,17,0,24,59,90,23,29,23,16
11,13,13,20,15,15,29,17,0,21,62,91,27,28,23,17
9,13,15,20,15,17,29,15,0,28,65,91,24,30,25,19
14,12,13,19,17,17,31,19,0,23,64,92,23,27,25,18
9,11,11,17,16,19,28,17,0,21,62,89,24,30,24,19
7,9,10,17,18,14,32,17,0,25,61,93,25,29,25,17
8,11,14,18,16,15,33,16,0,22,62,92,23,31,23,19
13,16,15,20,17,17,29,18,0,24,65,94,26,28,21,19
8,14,14,19,19,18,33,19,0,24,66,96,28,29,27,18
10,14,14,18,16,17,29,19,0,27,64,90,25,26,22,16
9,11,16,20,20,16,31,20,0,24,62,92,26,25,26,17
9,13,16,17,17,16,31,19,0,25,63,95,25,27,22,18
7,15,14,19,15,17,33,18,0,26,61,94,24,27,24,19
11,12,14,20,17,17,31,16,0,28,64,91,26,29,26,18
8,12,14,18,17,15,31,15,0,23,62,92,27,31,24,20
12,13,15,17,16,18,31,14,0,24,60,93,23,27,28,18
11,15,15,18,16,16,32,19,0,25,60,90,23,32,26,19
10,15,17,19,19,21,31,17,0,23,65,92,27,31,22,18
9,12,13,21,20,17,31,16,0,27,66,93,27,31,22,17
11,12,17,19,21,17,32,17,0,27,63,93,22,29,20,18
8,13,16,21,18,19,31,16,0,26,65,93,24,30,25,18
9,10,16,22,18,17,31,13,0,21,60,95,27,30,25,18
11,12,17,21,20,19,27,15,0,28,62,94,24,30,24,17
7,14,13,22,20,17,36,20,0,24,62,95,27,28,26,19
9,11,13,20,20,16,32,14,0,20,61,90,25,24,27,19
9,13,17,21,17,16,31,19,0,18,65,92,22,29,24,18
8,13,15,20,19,16,31,19,0,23,64,89,26,31,26,20
10,13,14,20,23,19,31,16,0,23,61,94,22,29,24,18
10,14,15,22,17,21,32,18,0,27,63,95,27,26,27,21
11,12,16,22,18,20,32,18,0,21,63,95,25,27,25,21
9,14,13,21,15,16,31,19,0,22,62,93,25,33,21,14
12,16,15,21,18,14,31,15,0,21,64,91,23,30,22,21
9,13,15,22,16,16,31,19,0,24,61,93,24,29,25,17
10,12,14,22,19,15,31,20,0,23,67,95,22,27,22,17
9,11,14,18,18,12,36,19,0,22,64,91,24,27,22,21
7,10,16,21,18,17,31,19,0,25,64,94,27,28,23,19
7,13,13,18,17,17,31,17,0,22,65,96,26,28,26,15
7,9,14,18,15,13,30,13,0,20,63,90,22,27,26,17
10,11,15,20,17,15,30,17,0,22,64,89,26,30,24,18
12,13,20,19,19,16,31,19,0,24,63,93,25,30,22,20
10,14,16,19,19,17,31,17,0,24,65,93,26,28,25,17
9,15,17,20,18,20,31,19,0,23,63,93,27,29,25,17
9,12,17,21,17,16,30,16,0,25,59,93,25,30,24,17
9,11,14,20,20,20,31,20,0,21,63,91,25,30,22,18
8,13,15,18,16,16,32,20,0,23,61,97,23,28,26,20
9,10,15,19,16,16,30,15,0,24,64,94,23,28,25,19
8,10,17,17,16,17,29,16,0,27,64,92,26,29,26,18
7,12,15,18,17,17,29,21,0,26,61,91,20,29,23,17
8,11,12,18,16,18,29,18,0,21,62,90,24,33,23,18
12,13,15,21,16,17,32,17,0,26,63,94,25,32,23,21
11,12,13,18,18,17,31,20,0,24,65,91,24,30,26,18
7,13,17,19,16,16,32,16,0,21,61,88,23,28,22,17
8,13,15,19,18,18,29,18,0,23,64,91,24,28,24,17
10,11,16,19,19,14,30,19,0,23,65,93,26,31,19,18
9,11,11,19,20,16,34,18,0,25,65,92,24,27,23,20
12,14,13,20,21,16,33,16,0,26,60,92,23,28,24,18
8,12,14,18,16,12,34,15,0,22,62,93,23,25,24,15
9,11,15,18,18,18,28,17,0,22,55,93,22,25,19,17
7,11,13,17,16,17,26,13,0,20,59,85,16,23,17,14
6,13,12,16,12,18,27,13,0,18,58,86,19,23,17,12
8,11,15,15,13,11,26,14,0,21,59,85,20,22,17,17
11,10,9,15,13,18,22,10,0,16,56,85,19,20,18,13
7,9,13,14,14,13,24,15,0,19,56,83,16,23,18,14
11,10,13,17,14,17,25,14,0,19,58,82,18,23,18,12
7,12,12,17,14,11,26,16,0,19,56,83,19,21,15,12
11,10,11,18,13,16,26,13,0,20,59,83,17,21,19,12
8,10,15,17,14,14,28,15,0,20,59,87,17,20,18,13
10,9,13,15,15,16,25,11,0,19,58,84,17,22,17,13
5,9,15,16,14,14,26,12,0,19,53,82,17,21,17,13
9,11,10,14,14,15,24,12,0,16,51,78,19,22,15,12
7,9,10,12,13,12,21,11,0,17,26,11,15,16,16,11
6,9,12,10,12,9,17,10,0,11,12,21,14,12,8,11
8,10,14,16,15,11,21,10,0,16,57,48,19,20,12,12
9,12,17,14,15,14,23,8,0,18,51,84,17,19,15,12
11,10,12,15,11,15,20,10,0,14,58,82,16,19,12,9
10,18,14,16,15,12,19,12,0,15,56,83,15,20,14,9
12,12,15,16,13,20,21,13,0,17,54,83,15,20,14,11
11,10,14,11,12,12,20,6,0,13,49,85,17,21,13,9
10,10,11,13,10,14,17,9,0,16,53,79,13,19,12,12
9,11,10,14,16,9,18,9,0,11,52,82,15,17,13,9
23,14,16,15,13,17,19,10,0,17,61,82,15,20,14,11
13,13,14,15,12,12,20,5,0,31,54,83,20,23,4,4
15,10,18,14,13,16,24,8,0,13,56,82,10,16,14,10
13,9,12,12,13,9,16,10,0,14,54,83,15,19,12,9
9,6,11,10,11,12,17,11,0,12,49,78,13,18,10,7
9,6,9,13,16,11,21,11,0,13,52,75,14,18,11,8
14,8,10,13,12,10,18,9,0,15,56,80,15,17,9,9
15,18,15,15,11,10,18,19,0,13,57,80,15,17,18,13
13,11,10,14,15,20,21,10,0,13,57,88,7,20,8,11
11,8,11,10,14,11,19,8,0,14,51,84,17,17,12,9
7,10,10,12,10,11,16,9,0,14,45,79,14,15,10,10
5,8,10,10,11,8,16,9,0,13,26,59,13,10,9,11
8,9,11,14,10,7,14,8,0,14,30,35,13,14,8,10
16,11,13,13,9,13,18,11,0,13,55,68,12,24,12,9
15,15,17,16,11,12,17,10,0,19,56,88,12,19,16,10
9,11,14,13,9,8,21,11,0,2,55,88,25,19,12,10
9,9,11,12,13,9,16,8,0,11,48,84,11,16,11,9
6,2,8,10,7,10,15,5,0,9,27,61,8,13,8,6
10,8,10,13,8,8,15,8,0,10,19,28,12,12,9,8
10,12,11,12,10,6,16,4,0,19,52,17,14,18,8,8
16,16,18,11,16,11,15,9,0,12,55,85,13,19,11,10
12,13,11,13,9,11,17,8,0,10,54,89,1,18,9,10
10,12,10,10,11,9,18,5,0,14,34,81,14,15,11,10
4,8,7,10,10,9,16,8,0,13,19,27,12,11,12,7
10,4,12,9,8,11,15,7,0,15,16,28,12,11,8,6
10,10,11,10,11,10,18,11,0,12,49,13,11,10,11,8
13,10,8,13,10,12,15,8,0,16,57,81,15,20,9,7
13,15,14,14,13,10,20,12,0,14,57,83,16,17,13,12
19,12,14,10,12,15,18,10,0,21,54,88,11,12,17,9
10,9,11,10,11,13,17,12,0,13,47,81,14,16,11,9
9,10,12,10,12,10,14,1,0,13,25,9,8,12,9,7
9,8,8,11,9,4,13,7,0,8,30,40,13,10,10,5
13,15,7,14,11,10,15,9,0,5,57,84,14,18,7,11
16,12,15,14,11,13,17,6,0,18,57,88,15,18,10,12
12,9,21,13,10,16,16,9,0,-1,53,87,23,16,9,12
10,11,9,10,10,11,15,5,0,12,49,80,15,16,9,12
9,8,11,11,12,8,13,6,0,10,23,55,12,13,8,9
11,5,8,11,10,8,14,8,0,10,53,54,14,18,11,7
5,10,4,11,11,2,16,8,0,9,53,83,7,12,8,11
11,11,11,12,12,10,14,11,0,14,53,82,13,20,13,10
13,10,16,10,11,10,17,9,0,10,56,84,11,16,14,9
12,11,11,13,10,8,16,7,0,14,51,84,14,19,14,10
10,9,14,12,12,13,14,6,0,10,42,76,9,18,8,11
10,9,8,11,10,10,13,7,0,12,41,56,14,12,7,8
12,8,14,12,10,11,14,9,0,14,56,81,12,20,8,8
14,12,15,14,12,11,16,6,0,12,57,88,13,20,12,11
13,10,12,12,11,10,15,7,0,14,53,88,15,17,23,11
11,6,9,11,9,9,15,8,0,10,49,82,16,16,11,11
9,10,10,10,9,3,15,0,0,15,43,77,11,14,11,10
9,7,9,11,11,11,13,7,0,15,51,68,12,17,9,10
10,10,9,13,10,9,17,8,0,11,51,79,15,17,13,9
16,11,11,16,8,14,16,7,0,12,56,86,14,15,8,7
11,11,12,14,10,8,14,11,0,11,52,84,13,18,12,12
13,8,10,9,12,10,18,6,0,10,51,81,12,17,11,11
10,9,10,10,8,10,14,6,0,12,55,85,14,20,9,8
13,12,12,13,10,11,17,8,0,14,53,79,11,17,12,9
13,13,12,14,10,10,16,8,0,14,51,83,12,17,8,10
12,11,12,10,10,11,15,8,0,15,53,82,10,17,12,8
11,11,10,9,12,14,16,8,0,12,53,87,14,16,9,8
11,6,8,11,11,8,13,10,0,10,51,78,15,17,10,9
8,10,10,12,7,8,21,9,0,12,51,77,14,16,14,9
17,11,13,13,11,7,15,9,0,12,58,84,13,19,12,11
12,12,11,12,13,12,13,6,0,13,48,86,7,18,9,7
10,8,10,9,10,9,16,5,0,9,51,85,14,16,8,9
10,10,9,11,13,8,14,9,0,10,50,86,14,19,10,11
14,7,10,12,11,7,15,6,0,9,51,80,15,16,13,10
11,8,10,12,11,10,15,8,0,12,52,77,14,14,10,12
11,9,14,10,12,9,15,10,0,16,51,79,13,16,13,10
12,12,10,10,7,10,15,7,0,11,53,80,12,17,10,11
12,12,15,14,10,21,15,6,0,12,58,81,18,18,12,9
10,12,19,11,8,7,18,4,0,7,51,88,12,12,17,3
15,13,10,10,12,13,15,8,0,14,52,87,1,24,11,7
10,11,21,12,8,1,20,5,0,14,53,88,19,21,15,18
12,5,10,11,9,10,14,7,0,15,50,79,9,18,13,11
13,8,11,9,10,6,16,9,0,15,52,80,11,19,10,11
12,8,10,12,10,6,12,6,0,19,52,80,8,18,11,9
9,9,10,11,10,9,15,5,0,14,53,84,12,17,11,9
14,10,13,13,10,10,11,4,0,16,50,80,17,19,12,12
9,13,18,10,12,11,15,9,0,9,56,86,14,17,12,9
10,10,11,10,12,6,15,6,0,16,48,82,12,15,12,7
10,8,10,11,11,11,17,9,0,9,51,80,14,17,8,8
10,7,10,10,11,10,12,6,0,15,50,76,12,19,9,9
13,10,8,12,10,3,14,8,0,4,54,81,12,24,12,10
13,14,14,10,10,11,14,6,0,20,56,86,13,16,7,9
11,10,11,11,20,12,16,9,0,16,53,80,12,18,20,12
10,7,9,8,8,10,14,9,0,8,51,81,12,17,10,10
12,8,7,11,9,11,13,8,0,13,48,76,12,16,11,9
13,9,9,8,10,11,11,8,0,10,53,79,14,17,10,9
16,12,13,15,11,11,16,6,0,17,57,85,13,18,9,9
18,9,5,10,9,11,15,7,0,5,62,84,19,20,11,8
9,10,11,11,10,10,14,7,0,11,50,86,15,16,12,11
9,10,11,10,7,14,16,10,0,9,50,79,10,17,8,10
10,10,7,10,9,9,13,9,0,10,48,76,13,14,10,6
9,9,10,13,8,11,12,6,0,15,51,78,12,17,10,10
13,15,11,13,11,11,14,3,0,13,54,82,14,19,6,11
12,10,13,10,11,13,16,8,0,12,50,85,15,19,12,10
11,6,9,11,10,11,14,9,0,12,51,81,11,17,12,9
10,7,7,11,9,7,16,4,0,13,50,77,13,14,7,8
14,13,10,12,11,6,14,6,0,14,52,81,14,17,11,10
13,11,15,13,9,7,15,8,0,19,53,80,13,18,8,9
15,12,15,12,13,9,17,8,0,9,45,84,11,19,12,12
10,12,14,12,11,7,14,7,0,11,51,91,10,17,7,6
13,10,13,11,10,9,11,9,0,17,52,84,14,19,9,10
14,13,11,11,11,11,16,9,0,13,54,84,10,19,11,8
12,10,11,10,11,9,11,6,0,10,54,84,13,18,7,9
12,11,10,13,10,12,14,11,0,16,49,85,11,15,9,10
10,12,8,9,10,6,13,5,0,13,49,81,10,15,9,9
9,9,12,10,10,10,13,10,0,11,53,77,14,17,12,9
11,13,10,12,12,14,14,10,0,10,54,80,5,17,11,9
13,15,13,10,10,14,14,9,0,13,53,82,17,15,11,9
14,11,12,12,10,10,21,10,0,14,51,82,15,17,12,7
12,8,12,10,11,11,14,7,0,13,47,78,12,17,11,9
9,7,11,10,9,10,13,8,0,13,51,76,12,15,9,7
7,11,10,9,9,10,12,6,0,10,53,78,12,17,7,10
16,11,14,14,11,7,13,5,0,26,53,85,13,12,12,8
16,14,15,12,12,13,14,9,0,14,54,83,13,19,12,9
12,8,14,10,11,10,16,8,0,12,53,85,15,17,5,6
9,8,13,10,10,2,14,4,0,12,52,80,12,16,6,8
8,4,7,11,12,7,11,2,0,14,48,79,12,13,10,11
14,9,11,12,8,8,11,6,0,9,57,81,13,17,7,8
13,12,15,11,11,11,17,6,0,15,54,82,12,17,13,9
14,10,13,12,12,11,17,5,0,10,54,89,17,14,14,9
9,13,11,13,9,10,11,10,0,9,51,82,14,15,7,8
9,9,14,12,9,7,12,7,0,13,50,79,12,16,9,11
11,10,11,10,7,12,15,8,0,12,55,82,12,16,9,6
9,8,10,10,9,10,13,7,0,12,50,82,13,17,8,10
14,9,12,10,11,16,14,8,0,12,54,86,11,18,14,9
15,11,13,10,15,15,15,8,0,14,49,85,13,21,13,7
10,8,15,11,10,8,12,6,0,14,53,81,13,16,9,11
16,12,12,13,12,12,11,6,0,17,55,83,16,17,5,14
16,11,13,10,10,13,14,8,0,9,53,85,15,19,11,10
9,8,11,14,13,9,14,7,0,10,51,82,13,19,13,11
14,9,11,11,8,10,15,4,0,10,53,83,13,17,7,7
14,11,10,6,10,14,15,8,0,17,53,78,13,19,7,9
14,11,11,10,9,9,13,10,0,15,57,82,12,19,12,7
5,10,13,10,12,8,11,4,0,19,53,82,14,21,7,7
11,4,10,11,11,9,14,10,0,15,49,82,13,18,6,8
9,8,12,9,8,5,12,8,0,13,52,77,11,17,9,10
12,3,9,10,7,9,14,7,0,14,54,76,12,17,14,9
15,14,16,14,11,9,16,1,0,14,56,83,14,19,10,8
17,14,17,13,14,14,13,8,0,16,53,89,15,17,7,11
8,7,13,9,11,11,15,6,0,13,52,83,12,16,9,6
12,12,8,10,10,7,15,8,0,11,49,80,13,17,8,13
13,10,11,9,10,11,13,6,0,16,55,80,10,19,13,10
14,12,15,12,10,11,15,3,0,9,59,81,12,17,13,12
12,10,11,12,11,11,7,5,0,14,53,72,15,18,12,18
10,6,11,10,10,11,15,6,0,12,50,80,13,14,12,8
10,10,10,12,11,11,14,5,0,12,51,79,13,18,12,6
11,10,11,10,12,10,14,8,0,11,53,79,10,17,13,11
14,12,15,13,11,9,14,5,0,12,55,86,11,20,10,9
14,8,21,11,11,14,16,6,0,7,53,84,8,26,12,11
14,9,11,9,12,12,15,7,0,12,52,83,15,16,11,7
12,10,11,10,10,10,14,11,0,11,54,84,13,18,9,11
9,10,13,12,11,11,10,7,0,9,51,88,8,18,14,13
10,9,10,9,7,13,14,2,0,18,63,85,23,22,-2,19
10,8,7,11,10,9,17,7,0,14,49,79,16,17,11,9
9,8,9,8,11,10,12,6,0,13,52,78,13,13,11,11
10,8,12,10,8,11,14,6,0,9,54,80,13,18,10,7
12,9,12,11,9,9,12,6,0,19,54,81,10,17,12,7
18,10,15,12,12,14,22,9,0,12,58,90,17,18,12,10
9,9,13,10,12,10,13,2,0,13,51,88,16,15,-6,11
13,10,15,17,10,10,12,9,0,13,60,81,13,20,9,10
8,10,12,9,11,10,17,5,0,15,50,77,15,9,1,15
14,7,15,10,11,10,16,9,0,18,56,77,13,19,9,12
12,12,13,11,6,10,18,4,0,14,53,94,17,18,8,5
10,10,11,10,6,9,12,5,0,12,51,81,10,17,10,10
16,10,15,13,11,12,12,7,0,2,57,79,12,16,9,9
9,9,15,12,10,11,13,6,0,13,53,84,15,16,11,9
9,7,15,11,12,8,17,9,0,30,53,84,12,23,12,9
9,10,9,11,8,13,13,8,0,12,46,82,13,16,12,10
10,12,18,10,12,8,12,6,0,22,53,80,17,12,13,11
15,13,17,16,12,15,13,6,0,16,55,85,12,18,12,11
12,12,14,14,13,13,14,7,0,15,61,88,14,16,10,8
11,7,13,13,10,11,13,6,0,13,49,82,11,17,8,12
9,15,9,12,7,7,16,8,0,12,50,78,12,18,10,4
15,12,17,13,12,12,11,6,0,19,53,72,16,18,10,16
14,14,20,13,16,15,17,10,0,20,53,86,13,17,14,11
13,14,15,12,15,10,15,7,0,8,49,86,11,19,1,12
12,8,12,13,11,10,14,7,0,16,52,81,11,16,9,7
12,12,15,10,11,14,14,8,0,18,54,83,13,18,9,8
12,10,16,11,11,12,16,8,0,14,53,82,11,17,8,6
12,11,15,11,10,16,16,9,0,16,54,83,13,16,12,6
11,9,13,11,13,12,16,6,0,10,56,84,14,16,12,8
14,11,15,13,10,14,12,7,0,14,57,84,13,17,10,8
14,8,14,11,12,13,12,6,0,12,53,83,13,18,11,10
13,9,13,14,10,11,13,11,0,13,50,83,11,17,10,10
11,10,12,13,11,10,14,10,0,16,52,86,16,22,8,8
12,11,14,11,12,12,16,5,0,16,55,82,14,17,10,7
13,9,15,10,12,13,19,11,0,13,54,84,16,17,10,9
15,14,20,14,12,7,14,8,0,14,58,83,17,15,5,7
17,21,20,15,13,16,11,9,0,19,56,85,16,18,10,8
20,20,25,18,18,21,16,9,0,23,62,89,20,22,11,8
19,21,27,20,21,26,20,11,0,27,61,91,17,17,14,11
22,20,32,19,23,25,21,13,0,29,61,92,21,20,14,11
20,20,25,22,23,26,23,14,0,32,63,93,24,21,13,11
17,19,22,21,19,20,23,16,0,23,63,92,21,20,14,12
17,16,21,20,18,23,25,14,0,30,64,95,24,22,16,9
14,18,20,22,20,16,26,16,0,36,52,91,24,20,21,11
18,11,20,15,17,20,24,15,0,27,60,93,21,24,17,14
14,15,20,17,16,16,26,13,0,22,60,91,21,24,21,12
13,13,21,18,17,20,22,16,0,22,61,91,23,22,16,15
11,13,18,20,17,18,24,12,0,24,55,92,22,21,20,13
8,15,16,18,17,16,23,14,0,26,60,87,24,27,21,17
12,12,14,17,19,16,24,13,0,26,58,90,26,27,23,15
10,10,15,16,16,17,26,11,0,23,60,89,21,24,19,16
8,10,15,16,18,16,27,15,0,22,56,90,21,25,20,15
10,5,14,17,15,17,25,15,0,22,57,87,24,26,22,14
11,10,13,16,16,14,24,12,0,24,60,87,22,26,21,19
8,15,14,17,16,17,24,13,0,23,59,88,24,26,22,17
8,11,10,16,14,13,22,16,0,27,60,85,25,24,20,17
7,9,11,15,18,18,23,11,0,27,58,88,23,25,24,16
10,11,20,13,15,13,24,16,0,23,58,88,20,25,22,18
8,9,13,16,16,18,21,15,0,24,59,87,23,29,23,20
9,10,12,15,12,13,22,13,0,25,57,88,26,26,22,14
11,11,15,14,13,15,21,14,0,28,59,89,25,28,23,15
6,11,13,14,15,16,19,15,0,19,58,88,22,25,23,15
8,14,13,14,17,15,24,13,0,24,58,84,24,28,22,17
9,14,12,17,17,15,23,13,0,24,59,88,25,24,24,18
9,11,13,13,15,13,24,14,0,21,57,89,24,26,22,17
10,10,15,16,10,14,24,15,0,23,62,84,19,27,24,17
11,9,14,17,11,13,26,16,0,21,59,87,23,26,22,19
10,9,16,16,15,18,22,14,0,23,61,88,25,29,23,17
11,11,14,15,13,11,24,14,0,23,54,88,22,24,25,17
8,9,16,18,17,16,21,11,0,26,60,86,22,27,25,16
9,9,11,14,15,17,24,16,0,24,61,88,21,28,22,18
7,12,15,15,13,16,23,11,0,22,55,88,22,27,21,17
9,11,11,14,11,16,26,13,0,23,59,88,22,27,23,18
10,8,12,15,13,12,24,12,0,21,53,89,22,23,24,16
8,10,14,18,16,15,20,12,0,22,60,88,24,28,22,20
9,11,12,15,16,17,22,13,0,24,60,87,22,28,21,15
11,10,13,14,15,14,28,13,0,24,59,87,28,27,26,13
10,11,15,16,17,17,26,16,0,22,59,93,22,27,22,18
11,10,18,17,13,16,24,19,0,24,58,88,23,28,20,16
9,10,19,18,17,18,26,13,0,25,59,90,27,26,25,17
9,11,14,15,15,16,24,15,0,26,58,89,20,21,24,15
9,12,17,17,17,18,25,16,0,23,60,89,22,27,26,15
10,11,14,16,20,17,22,16,0,21,60,90,25,25,21,15
9,12,15,17,14,13,24,13,0,21,61,89,24,28,20,16
9,12,15,18,16,16,26,17,0,25,59,88,24,25,25,14
10,11,13,17,17,16,27,14,0,24,61,93,23,27,22,17
7,11,14,17,19,16,26,14,0,27,61,90,25,30,23,18
9,11,13,18,19,13,26,18,0,23,61,93,23,22,22,17
9,12,12,17,12,16,23,15,0,24,58,91,26,26,22,17
9,12,14,16,17,17,26,14,0,24,59,91,25,27,27,20
9,12,18,16,19,17,26,14,0,24,58,90,24,28,20,17
9,14,13,18,16,21,24,15,0,26,61,92,23,29,25,15
12,11,14,18,19,19,26,17,0,29,61,91,25,26,24,17
13,11,15,18,14,17,23,16,0,24,61,88,22,26,22,13
11,11,15,17,15,17,26,16,0,25,60,89,24,26,23,14
10,13,15,18,20,16,25,15,0,24,62,91,21,28,21,19
12,12,17,17,19,16,26,17,0,24,62,93,25,25,25,20
11,12,17,18,17,17,26,13,0,25,61,94,25,27,22,19
10,13,14,18,17,17,27,15,0,24,62,89,25,25,21,15
7,12,17,18,16,21,29,15,0,28,61,93,22,31,27,16
12,12,12,17,16,19,28,19,0,30,59,88,26,25,24,18
12,11,15,18,20,16,31,17,0,27,59,92,26,29,25,17
11,12,16,19,17,20,27,14,0,26,60,92,23,29,22,17
12,12,14,18,16,17,24,15,0,26,61,91,25,26,21,13
11,15,17,19,18,17,29,14,0,27,62,94,25,28,24,19
8,15,15,22,19,21,26,15,0,24,60,93,24,27,21,13
9,14,17,19,20,17,29,16,0,24,62,93,22,29,25,20
11,10,15,19,20,15,28,16,0,27,62,93,25,26,23,17
9,11,16,19,17,19,29,18,0,25,62,89,25,27,24,19
11,14,16,19,20,21,26,18,0,25,60,93,24,29,22,16
14,12,16,17,18,17,26,18,0,27,61,89,20,28,24,19
10,12,15,21,19,20,27,19,0,29,64,93,23,28,23,16
9,13,14,18,17,16,28,18,0,25,62,92,23,24,24,17
9,12,9,18,19,20,28,16,0,23,62,93,24,27,26,17
10,13,15,17,18,15,29,16,0,24,63,94,26,30,25,19
9,12,16,18,16,17,27,16,0,25,63,91,23,28,22,17
11,14,15,20,16,20,26,16,0,26,62,93,24,26,25,17
13,12,15,16,19,20,28,19,0,28,60,94,24,28,23,17
9,11,14,18,15,16,28,17,0,26,58,91,27,28,23,18
10,13,15,17,16,18,30,18,0,25,61,91,25,29,25,19
9,10,14,21,16,18,29,15,0,25,63,90,28,27,24,18
8,13,17,19,17,14,29,19,0,24,61,90,20,29,20,17
9,12,15,17,19,18,25,18,0,24,61,93,24,28,22,16
12,9,15,17,16,13,28,13,0,23,60,91,21,27,23,15
10,12,14,15,16,14,29,16,0,22,61,86,25,28,21,17
10,12,14,20,20,18,28,17,0,28,60,94,28,29,22,17
9,10,13,17,16,20,27,15,0,24,57,93,25,28,26,19
8,10,13,19,14,17,24,15,0,23,62,91,23,30,20,16
11,14,17,18,17,18,26,19,0,24,62,93,25,30,28,18
12,12,15,16,19,17,26,16,0,23,63,90,22,27,23,19
10,13,16,17,15,18,26,19,0,27,63,90,24,27,27,17
6,13,15,20,14,18,26,16,0,24,60,91,23,28,22,15
9,11,15,17,17,20,22,17,0,21,63,87,24,28,22,14
7,9,15,22,17,15,25,16,0,24,62,93,24,29,23,18
9,10,12,16,20,16,28,16,0,19,57,93,23,29,23,16
12,14,15,18,18,18,27,16,0,24,59,92,26,28,26,18
7,12,15,17,20,19,28,14,0,23,60,93,25,28,25,19
11,12,15,17,16,17,26,17,0,24,59,92,27,27,22,18
10,10,17,18,19,17,28,17,0,26,61,91,30,27,25,21
8,10,14,17,19,16,28,18,0,26,60,90,23,25,22,20
10,11,14,15,18,15,27,12,0,23,59,89,26,26,23,17
9,15,17,17,19,17,30,18,0,26,61,92,26,26,23,14
11,11,15,19,19,19,32,18,0,26,60,92,26,29,24,18
12,13,14,18,16,15,27,19,0,31,62,91,22,25,21,19
9,11,14,18,16,16,31,13,0,26,62,91,22,26,25,17
9,11,15,17,17,16,27,16,0,27,58,96,25,25,27,15
9,13,13,17,19,17,30,15,0,25,60,91,25,29,24,18
12,10,15,16,18,16,26,16,0,26,62,93,28,27,22,21
9,11,11,18,16,19,31,18,0,26,61,94,27,29,24,18
13,13,13,21,17,17,27,15,0,26,64,92,26,25,22,17
10,12,16,17,19,20,31,20,0,29,63,91,26,28,24,18
11,11,18,18,19,17,29,16,0,22,62,91,30,27,25,19
7,12,15,19,20,19,25,14,0,23,61,90,23,30,24,17
10,12,14,21,17,17,30,17,0,25,60,91,24,29,23,18
10,11,14,16,17,15,27,17,0,23,62,88,26,28,22,13
10,14,17,20,20,20,31,18,0,27,64,93,27,29,24,17
8,12,14,18,18,17,31,19,0,28,62,95,29,26,21,18
9,10,17,19,14,15,30,16,0,23,63,91,22,22,23,13
10,13,18,19,19,20,32,18,0,25,63,92,26,32,23,17
9,11,15,19,18,21,28,19,0,26,62,92,25,28,23,16
11,12,17,18,19,16,30,19,0,25,63,92,23,27,23,16
12,12,13,18,21,20,28,19,0,24,63,89,27,32,21,17
8,12,13,19,19,16,28,19,0,23,61,93,24,28,25,20
11,12,16,19,19,17,30,17,0,23,62,93,26,27,22,18
11,13,15,18,19,16,27,14,0,26,63,92,27,29,26,18
9,10,11,18,16,15,30,16,0,24,63,88,24,30,27,20
8,13,16,18,15,18,30,15,0,23,63,94,25,26,22,16
12,14,17,21,18,17,31,18,0,26,68,93,28,31,21,16
6,13,17,20,20,16,36,19,0,27,60,96,23,30,26,17
11,13,16,23,18,17,29,14,0,26,64,88,24,29,23,17
11,15,18,20,19,17,29,19,0,23,61,93,25,29,23,16
9,14,15,22,18,21,30,18,0,21,63,94,23,29,27,16
10,12,17,21,15,19,33,14,0,29,63,93,28,30,23,18
12,15,14,22,17,16,29,17,0,23,63,93,20,28,26,18
11,14,15,19,18,18,29,16,0,24,63,95,23,28,25,16
9,14,15,20,18,17,31,15,0,24,59,92,22,27,24,15
13,13,16,19,18,17,31,19,0,28,61,93,25,29,24,17
10,17,14,18,17,16,31,17,0,21,58,91,22,26,26,18
8,14,12,19,16,18,33,19,0,24,63,93,23,27,24,16
11,14,20,22,20,21,31,17,0,26,63,94,28,28,26,14
12,16,16,21,19,20,33,21,0,27,65,95,26,28,26,16
11,14,20,21,17,16,30,18,0,21,61,93,28,27,23,14
9,13,18,19,20,14,31,15,0,26,62,94,28,30,22,17
9,11,16,21,15,16,31,14,0,23,63,96,25,27,22,16
10,14,16,21,21,16,32,17,0,24,62,95,25,28,23,18
9,13,15,21,17,19,33,19,0,23,65,93,25,29,24,18
11,12,16,22,18,17,30,17,0,21,66,94,27,30,26,17
9,10,15,18,17,18,31,15,0,27,64,95,22,29,25,18
9,12,13,20,19,15,28,16,0,24,63,95,23,31,21,17
10,10,16,19,16,14,32,15,0,24,62,93,26,28,23,16
9,14,17,19,15,16,31,15,0,26,63,92,25,27,27,17
9,14,16,20,17,18,32,19,0,26,63,94,28,27,26,17
11,15,18,23,18,23,35,20,0,27,68,94,28,29,23,16
10,15,17,22,14,18,34,20,0,28,64,98,24,27,25,18
13,12,18,18,16,17,28,17,0,26,61,91,23,29,21,19
10,13,14,22,17,12,28,14,0,21,64,91,24,27,23,19
9,11,14,20,19,17,34,21,0,27,64,91,25,30,22,16
10,10,15,20,17,17,31,19,0,22,63,90,22,26,24,17
8,12,14,18,17,18,31,21,0,22,63,93,26,30,22,18
8,10,12,19,20,16,33,18,0,21,62,90,22,27,24,20
9,14,14,18,18,14,33,18,0,22,63,89,22,29,22,17
10,14,13,19,16,18,29,18,0,24,64,93,24,29,24,17
10,10,14,18,18,16,31,17,0,25,62,93,25,27,24,17
9,11,12,20,18,16,28,15,0,19,62,88,24,28,24,17
6,12,15,19,17,18,31,16,0,22,64,88,22,29,21,14
9,14,14,22,18,15,33,17,0,22,63,94,25,31,23,16
9,14,17,21,16,16,31,19,0,25,62,94,23,27,25,14
14,16,21,19,22,18,32,17,0,25,63,93,27,30,24,17
11,15,18,18,16,18,31,18,0,22,62,94,26,27,27,17
10,14,20,20,19,21,34,21,0,27,61,91,22,30,22,17
16,13,19,21,16,18,29,19,0,26,64,93,23,29,23,17
9,15,15,20,17,15,30,18,0,23,59,92,26,29,24,18
9,12,13,20,16,14,27,15,0,23,62,91,24,27,20,18
12,10,14,21,19,15,29,16,0,23,64,89,24,25,22,13
4,12,13,18,19,17,31,19,0,23,63,92,24,27,22,17
10,12,18,20,19,17,30,17,0,21,62,92,22,25,22,13
7,14,15,21,18,17,28,21,0,25,63,94,23,28,23,19
9,15,14,20,20,21,32,17,0,24,63,95,24,27,24,18
10,13,17,21,18,18,30,17,0,23,63,91,22,31,23,17
11,13,13,20,17,14,31,16,0,23,63,92,20,30,23,16
7,13,16,20,16,18,31,15,0,20,65,93,20,29,22,19
10,15,16,21,19,20,32,19,0,23,63,93,24,31,24,17
10,14,15,20,18,14,32,19,0,24,64,91,25,32,25,18
9,12,16,21,17,16,32,16,0,22,62,93,22,27,22,16
14,13,16,20,19,19,32,17,0,23,63,90,24,28,22,14
10,13,16,22,17,15,32,18,0,24,64,95,24,27,22,18
8,14,14,20,17,20,35,18,0,23,61,92,25,28,22,15
8,14,14,22,16,17,32,17,0,24,61,89,21,25,21,16
7,12,16,18,16,17,27,18,0,23,60,91,24,25,20,17
11,13,16,18,20,18,32,14,0,21,60,89,23,27,21,15
9,15,15,18,16,18,30,18,0,22,59,90,22,28,21,16
9,13,16,20,19,18,32,16,0,22,63,90,20,25,22,15
10,13,14,17,17,19,33,17,0,23,59,91,24,25,18,15
8,11,17,17,17,16,31,16,0,20,58,92,16,26,16,13
8,11,13,17,17,16,30,17,0,23,62,89,20,24,17,14
11,11,14,19,16,15,31,16,0,23,65,91,19,26,21,15
7,12,10,18,16,17,30,12,0,21,58,88,22,23,17,17
9,11,10,13,18,12,29,14,0,19,54,85,19,22,14,11
6,7,12,17,12,11,22,11,0,16,54,82,17,21,13,13
6,13,11,13,19,13,24,11,0,16,54,79,17,21,12,16
9,7,13,13,15,13,21,12,0,13,33,78,15,17,14,9
11,8,14,15,15,13,20,14,0,17,55,62,13,22,17,13
10,11,14,16,12,14,23,13,0,21,56,80,15,18,13,11
10,13,16,18,17,17,25,11,0,18,58,87,18,18,17,13
14,14,16,16,16,14,22,12,0,20,57,88,17,16,13,12
13,11,13,16,15,17,21,12,0,17,52,84,18,18,12,9
10,11,16,13,11,12,19,6,0,12,40,83,17,20,9,11
13,13,15,14,12,14,20,11,0,17,55,81,15,16,12,11
13,15,16,17,14,14,21,12,0,14,61,82,18,24,13,10
18,14,12,17,18,17,20,13,0,18,62,93,14,19,6,12
11,12,14,14,10,11,19,5,0,14,53,83,16,20,12,9
9,11,14,13,10,11,16,5,0,14,53,83,16,17,11,9
10,9,11,11,9,12,14,9,0,13,53,84,15,20,11,10
11,10,10,12,13,11,18,11,0,14,52,79,16,17,11,10
11,13,13,14,10,13,16,10,0,10,56,83,15,18,12,10
16,14,18,16,14,12,20,7,0,14,57,86,14,21,11,10
16,10,12,13,13,11,18,11,0,14,56,88,12,17,13,11
14,8,14,12,11,12,15,11,0,14,52,82,17,21,10,9
8,9,8,9,9,9,19,6,0,13,48,76,13,17,12,6
9,6,8,11,12,14,17,8,0,14,37,54,11,12,12,9
11,11,10,13,10,11,20,6,0,15,53,51,12,13,11,10
14,12,12,17,11,11,16,9,0,26,59,84,12,17,2,12
14,12,14,14,12,11,16,11,0,16,57,88,14,18,10,13
14,11,11,13,10,8,17,11,0,16,55,88,28,15,9,19
12,10,12,12,12,11,12,5,0,12,51,83,12,18,11,10
10,8,10,11,14,6,16,11,0,14,49,78,13,21,13,7
11,9,5,10,10,11,14,10,0,14,52,75,13,18,9,12
10,10,11,11,11,9,16,9,0,14,54,80,20,18,5,9
17,15,14,14,12,11,18,9,0,16,55,87,13,18,9,10
14,8,11,13,12,12,26,8,0,14,52,95,17,17,11,10
12,8,8,12,7,7,18,9,0,9,52,80,13,16,12,10
10,10,12,10,8,7,15,7,0,14,50,82,13,19,12,7
8,8,9,11,13,8,16,5,0,14,51,78,14,18,11,5
12,9,9,12,10,9,15,8,0,11,56,76,13,18,10,11
17,13,12,13,10,12,20,13,0,22,54,85,-1,12,12,19
18,9,19,17,10,12,15,10,0,19,52,86,14,20,15,13
13,7,12,12,10,11,15,7,0,14,59,84,16,17,14,8
8,9,10,12,10,11,16,12,0,14,56,83,14,15,9,12
9,7,7,10,11,8,13,11,0,13,51,77,12,15,13,13
13,10,10,11,12,8,17,8,0,11,52,78,11,17,11,9
13,15,11,11,13,12,16,11,0,14,56,85,18,19,14,12
14,15,13,14,15,10,20,10,0,19,58,88,7,17,11,8
15,11,11,13,7,1,17,7,0,14,55,89,20,16,10,9
11,11,10,12,7,10,14,7,0,14,50,80,10,17,14,9
11,14,12,10,10,7,15,9,0,14,52,81,13,19,9,7
10,9,10,12,9,12,16,6,0,12,56,79,15,17,11,9
13,11,13,13,17,9,17,5,0,12,56,88,23,18,7,9
14,5,12,11,14,6,16,10,0,13,54,85,18,17,19,9
14,10,11,13,9,10,14,4,0,14,61,81,15,19,12,17
13,11,14,9,10,6,14,6,0,14,48,87,9,22,9,9
10,14,10,10,13,9,18,7,0,16,53,83,14,18,10,10
7,8,12,11,16,14,12,4,0,16,50,79,14,17,8,8
12,10,10,12,10,11,12,8,0,13,53,77,15,17,9,9
11,11,7,15,6,9,17,12,0,21,55,84,16,11,10,2
15,9,12,13,20,12,20,5,0,16,57,86,19,21,13,22
11,8,14,12,11,8,15,10,0,9,50,84,16,19,11,11
10,8,11,8,11,7,13,9,0,14,51,82,12,18,11,8
8,12,7,11,10,10,13,4,0,14,50,77,17,15,8,7
9,10,9,12,10,10,13,10,0,9,55,73,12,17,10,11
12,12,10,14,16,8,18,10,0,10,58,88,19,18,15,10
13,10,15,11,12,9,16,5,0,12,55,86,14,19,9,10
16,14,15,13,16,6,16,8,0,18,58,83,17,19,14,9
14,11,11,10,11,12,16,11,0,14,54,85,6,16,12,6
12,10,9,12,9,10,15,8,0,16,55,82,15,16,10,6
12,10,12,11,9,10,17,7,0,17,52,83,12,18,10,11
12,11,12,14,11,10,13,7,0,13,56,82,11,16,10,8
17,10,13,10,13,10,17,5,0,8,56,87,17,19,12,8
14,9,12,16,11,11,15,8,0,9,58,85,14,20,10,9
9,14,8,11,9,11,16,10,0,10,54,79,12,18,10,9
13,10,7,10,12,8,16,7,0,15,53,82,12,18,10,10
10,11,13,12,10,9,13,8,0,13,54,79,12,18,10,10
11,13,8,10,13,11,14,5,0,14,57,79,12,20,12,9
12,13,11,11,12,9,18,7,0,11,55,83,12,19,10,11
13,11,15,14,8,10,15,7,0,13,55,84,14,20,12,12
13,10,11,13,12,8,13,8,0,14,54,83,15,17,10,9
11,10,14,13,11,11,12,10,0,15,55,81,14,17,11,10
15,5,13,8,9,11,16,5,0,12,49,83,15,16,12,10
13,11,13,9,10,10,14,8,0,9,52,83,12,16,10,13
11,10,12,12,9,11,14,9,0,13,55,82,16,18,12,9
14,9,13,15,11,10,17,6,0,13,54,86,11,19,11,7
13,15,13,12,10,9,15,8,0,16,55,87,13,19,14,11
14,11,12,13,12,9,15,6,0,9,53,88,13,14,12,7
15,9,9,12,9,8,19,9,0,18,53,90,6,17,9,14
12,9,7,8,11,11,14,8,0,10,52,82,12,15,11,11
11,9,13,10,10,10,13,6,0,8,52,78,15,13,10,7
11,10,16,14,6,10,15,6,0,9,56,83,8,17,11,11
16,13,11,13,11,9,15,6,0,16,57,84,13,20,10,10
20,9,15,11,12,7,14,6,0,17,56,86,19,20,12,8
11,11,13,10,10,11,14,6,0,15,53,85,12,15,13,10
14,8,9,11,11,8,16,9,0,12,49,80,12,16,11,8
12,10,13,9,11,8,12,5,0,18,53,78,15,17,8,8
13,9,9,13,10,8,18,11,0,11,54,80,13,17,8,12
17,15,14,15,10,8,17,7,0,13,51,88,14,17,10,7
15,14,12,14,10,11,16,7,0,13,60,86,15,24,15,12
11,10,10,10,11,8,15,7,0,12,53,83,13,20,8,13
8,9,9,9,9,6,13,6,0,17,53,81,16,17,10,9
9,10,12,12,11,7,16,6,0,18,42,83,14,17,12,9
15,14,11,13,12,8,13,7,0,13,57,86,14,17,12,11
14,18,14,11,11,11,12,8,0,14,57,86,14,16,10,10
14,10,11,9,10,12,12,9,0,17,53,85,15,19,11,-1
10,10,9,9,12,11,14,7,0,14,53,80,14,16,13,9
14,12,13,9,11,9,14,7,0,16,53,83,16,17,13,11
13,13,12,13,11,8,15,7,0,14,51,78,12,20,8,6
12,10,12,11,10,6,15,10,0,13,53,84,14,18,11,11
13,6,15,14,10,11,15,7,0,19,52,81,24,15,18,9
13,9,12,10,12,8,12,7,0,11,53,88,12,16,8,10
12,10,11,11,9,9,14,9,0,10,53,83,15,13,9,9
14,11,12,11,10,9,14,8,0,12,53,83,13,17,13,8
11,12,7,9,8,10,14,9,0,14,54,86,11,17,14,11
11,13,8,12,5,11,18,8,0,8,54,81,10,13,2,0
13,12,12,13,11,8,16,8,0,14,53,85,15,19,10,9
17,11,16,12,16,9,16,6,0,13,53,92,11,17,2,4
14,11,15,13,13,11,15,7,0,11,56,83,17,17,12,11
15,6,13,11,8,9,16,4,0,1,54,87,21,22,6,9
12,12,11,11,8,11,20,9,0,14,54,90,12,18,18,2
12,9,10,10,11,11,16,11,0,8,51,83,10,19,14,10
14,13,9,11,11,9,15,9,0,14,50,85,10,17,12,8
15,10,13,13,11,13,16,6,0,10,53,82,11,22,11,7
13,17,15,11,9,12,13,10,0,17,55,87,5,16,-3,7
15,11,13,13,11,10,14,9,0,9,56,84,12,18,12,9
12,10,10,10,5,12,14,9,0,14,54,84,12,17,23,7
10,8,9,9,10,11,15,5,0,10,50,78,11,18,12,12
7,10,8,9,6,9,11,4,0,12,49,74,8,15,13,8
13,12,10,18,9,8,16,10,0,19,49,83,14,18,10,11
16,12,15,13,11,13,12,7,0,16,58,87,12,18,10,11
14,9,15,15,13,11,16,7,0,19,59,87,11,17,12,7
10,10,11,11,8,11,12,6,0,10,50,84,12,15,12,11
11,11,12,10,8,7,15,7,0,14,48,80,10,17,11,8
14,11,13,9,7,10,16,6,0,14,53,82,14,17,9,11
11,15,12,10,12,11,14,7,0,16,62,83,11,19,11,7
14,14,14,11,10,15,16,11,0,17,55,90,-2,19,9,7
14,14,13,13,13,9,14,4,0,14,53,83,12,18,12,9
11,15,10,11,11,9,16,11,0,10,52,80,15,18,9,10
12,10,13,12,10,10,14,6,0,10,52,78,12,14,10,9
15,12,9,11,10,10,9,6,0,13,54,82,15,17,11,11
13,10,16,9,12,8,12,10,0,14,56,81,12,22,16,11
14,8,13,10,12,11,9,8,0,14,53,77,13,19,13,9
15,10,10,11,8,12,15,4,0,16,56,86,21,12,13,14
21,12,13,10,17,11,15,7,0,7,43,83,12,16,1,12
14,15,10,13,9,18,16,6,0,10,57,91,26,7,7,11
12,10,14,11,12,9,13,3,0,12,53,84,13,18,11,11
12,7,11,10,7,10,16,3,0,14,54,83,16,18,8,10
11,10,14,10,12,10,14,4,0,13,53,81,13,19,8,10
15,9,13,11,11,9,15,6,0,14,56,85,12,18,8,17
13,8,15,12,16,7,12,7,0,16,56,85,27,19,17,10
12,7,14,10,10,12,13,6,0,13,52,84,11,22,14,14
10,8,9,11,8,11,11,7,0,11,49,81,9,17,12,9
10,10,11,13,11,11,13,5,0,11,51,83,10,17,10,10
19,11,13,10,8,6,13,7,0,7,54,83,20,14,11,8
15,12,13,12,9,12,15,7,0,12,58,83,13,19,10,9
15,8,11,11,9,11,16,6,0,5,49,89,12,20,11,9
12,9,9,10,11,7,16,8,0,12,53,84,13,16,13,8
13,11,11,12,10,10,15,8,0,13,54,83,14,15,10,9
12,10,13,12,9,10,14,6,0,13,48,81,16,16,10,9
14,11,14,11,8,9,12,6,0,12,53,79,15,14,9,11
12,10,13,9,12,11,13,9,0,11,54,82,14,17,10,7
11,10,13,8,12,10,14,8,0,14,51,82,16,18,8,5
11,12,12,11,11,11,11,10,0,12,51,82,12,17,9,7
12,11,14,10,8,13,13,6,0,11,51,82,17,18,4,5
15,10,6,12,12,3,15,12,0,15,56,83,11,16,0,19
12,8,11,10,10,11,14,8,0,12,53,80,15,19,9,13
11,13,13,11,11,13,10,7,0,18,60,82,14,19,8,11
14,6,15,12,9,13,14,7,0,12,53,84,15,18,9,10
14,10,17,14,5,9,14,8,0,-2,54,84,19,25,13,14
8,9,7,8,11,11,13,6,0,-1,53,84,9,14,11,8
10,10,12,10,11,8,14,7,0,12,51,82,12,18,9,8
11,10,13,10,9,10,15,8,0,15,49,79,11,15,9,9
12,15,13,11,11,10,14,6,0,14,45,80,13,17,8,10
14,18,15,12,11,7,15,-1,0,20,55,89,6,17,9,5
16,12,16,14,6,12,13,6,0,13,53,86,20,20,21,8
14,8,13,13,8,10,13,9,0,13,56,82,13,16,12,8
15,13,16,11,12,13,12,6,0,16,51,88,15,14,12,10
14,13,13,9,10,10,15,10,0,12,52,82,15,16,13,10
13,12,15,7,11,15,15,9,0,10,47,83,7,9,8,12
13,9,15,10,8,10,14,9,0,11,53,81,12,18,11,10
12,10,11,12,13,7,12,4,0,9,48,75,16,20,11,14
11,10,14,10,10,10,11,8,0,12,53,83,12,19,6,11
11,10,11,13,9,10,13,6,0,14,52,83,13,17,10,9
11,13,12,10,11,9,14,4,0,12,53,83,14,17,8,9
13,12,13,10,8,8,13,6,0,14,53,82,12,17,10,6
16,15,15,12,12,12,15,9,0,15,56,85,12,20,8,10
14,13,16,8,12,14,16,8,0,15,55,89,15,17,6,11
12,6,15,10,10,9,16,6,0,16,54,86,30,17,16,9
12,10,15,11,11,8,14,7,0,8,51,80,13,17,8,7
11,7,11,10,9,11,11,8,0,9,51,81,7,17,10,8
18,12,20,14,11,17,7,8,0,15,55,77,19,18,11,15
16,19,17,13,13,14,13,9,0,15,49,88,16,19,13,10
15,13,16,11,12,13,15,7,0,14,53,87,14,16,14,8
15,13,18,14,11,17,10,8,0,33,52,78,21,18,12,10
20,11,14,17,12,17,17,9,0,20,63,93,24,10,2,7
15,14,18,12,10,15,16,7,0,13,52,84,18,20,11,12
13,12,18,14,9,21,14,4,0,0,54,96,16,17,16,0
16,10,13,10,12,11,15,9,0,15,57,92,18,16,12,10
14,10,16,11,12,14,17,9,0,14,59,85,12,18,14,7
16,12,15,16,10,12,18,6,0,21,60,88,16,16,9,11
