1274,1364,1653,1440,1893,1556,1299,1412,1204,1725,678,1023,1294,1047,903,609
1203,1552,1443,1368,1999,1413,1532,1283,1378,1730,757,898,1228,1144,846,539
1314,1460,1243,1712,1328,1954,1463,1410,1502,1608,728,1472,927,996,870,571
1228,1634,1103,1450,1338,1974,1361,1328,1513,1495,752,1306,938,940,1089,556
1202,1728,1038,1287,1431,1919,1515,1156,1554,1368,976,989,970,928,1203,528
1300,1472,1084,1236,1791,1842,1726,1173,1557,1299,1207,916,1286,978,1178,510
1629,1243,1149,1275,1859,1734,1724,1197,1447,1228,1502,842,1690,1015,854,465
1832,1130,1366,1393,1848,1765,1533,1343,1382,1485,987,763,1937,1209,889,439
1476,1076,1542,1529,1810,1722,1401,1686,1167,1712,756,804,1605,1199,903,421
1277,1133,1520,1636,1790,1713,1356,1831,1123,1853,691,935,1381,1104,953,425
1177,1281,1556,1684,1701,1718,1620,1561,1259,2046,681,1383,1138,1051,1109,455
1131,1572,1499,1572,1727,1605,1754,1170,1594,1936,748,1584,1049,1123,826,454
1208,1734,1382,1695,1833,1676,1778,988,1850,1598,889,1516,1190,1208,690,440
1504,1729,1406,1793,1732,1768,2060,953,1989,1388,1067,1149,1448,1229,622,418
1458,1475,1429,1680,1513,1830,1742,997,1878,1302,920,993,1374,1041,615,370
1486,1481,1509,1698,1473,1980,1414,1515,1591,1516,994,1018,1542,860,681,371
1536,1575,1373,1508,1542,1946,1320,1826,1397,1840,886,1149,1541,721,959,370
1384,1590,1327,1322,1740,1803,1339,1636,1371,1892,892,1188,1387,688,2064,360
1270,1473,1408,1225,1867,1614,1604,1590,1449,1869,1140,1061,1644,890,2336,362
1428,1176,1555,1414,1865,1508,2141,1364,1593,1687,971,935,1914,1196,1716,412
1537,1064,1705,1644,1871,1571,2074,1267,1554,1541,820,959,1707,2165,1693,455
1499,1222,1934,1857,1581,1740,1932,1367,1395,1635,780,1043,1445,2118,1720,418
1319,1530,1630,1795,1469,1844,1844,1284,1364,1699,745,1123,1407,1766,1919,389
1380,1606,1303,1597,1532,1803,1720,1170,1479,1795,896,1224,1461,1789,1648,387
1421,1551,1164,1508,1600,1713,1748,1057,1528,1593,1265,1172,1700,1818,1412,379
1692,1388,1230,1447,1590,1708,1694,1112,1561,1399,1420,1121,1668,1844,1445,352
1795,1065,1620,1436,1587,1688,1449,1145,1445,1512,956,1113,1555,1463,1476,352
1471,1075,1780,1510,1671,1809,1294,1425,1223,1828,983,1261,1472,1353,1389,354
1236,1340,1727,1631,1669,1772,1380,1665,1249,1914,932,1346,1150,1493,1308,356
1211,1572,1538,1555,1703,1744,1704,1207,1523,1710,1218,1282,1063,1579,1120,344
1350,1589,1362,1679,1838,1720,1938,957,1710,1451,1379,1269,1170,1461,875,325
1644,1459,1355,1755,1650,1768,1802,965,1686,1325,1465,1011,1350,1422,849,313
1633,1266,1572,1799,1562,1932,1575,1243,1431,1434,1078,906,1683,1168,1014,316
1581,1189,1844,1641,1551,2051,1334,1644,1333,1832,852,921,1941,1110,1492,325
1285,1230,1677,1375,1543,1766,1332,1641,1212,2002,760,1005,1594,1083,1408,329
1184,1468,1512,1370,1622,1643,1557,1484,1332,1990,792,1121,1682,1310,1156,330
1277,1506,1540,1463,1779,1555,2231,1097,1574,1669,939,1507,1565,1688,878,314
1442,1223,1560,1626,1646,1665,2289,1032,1701,1350,1184,1298,1545,1336,698,306
1437,1292,1543,1806,1393,1740,1641,1202,1531,1420,1133,1229,1299,982,923,310
1456,1416,1457,1508,1368,1781,1393,1505,1300,1660,1001,1256,1315,768,2028,345
1319,1384,1297,1243,1591,1762,1479,1614,1329,1874,987,1140,1702,1015,1935,386
1234,1362,1353,1237,1489,1594,1626,1232,1514,1920,1144,934,1967,1882,1755,375
1342,1122,1718,1440,1721,1681,2071,1187,1561,1993,903,1078,1962,1867,1764,386
1316,1139,1816,1563,1504,1717,1728,1104,1503,1782,797,1260,1624,1769,1545,378
1276,1346,1726,1625,1379,1876,1597,1324,1691,1831,848,1655,1365,1737,1547,383
1269,1582,1390,1520,1438,1823,1608,1328,1745,1848,1146,1666,1229,1649,1628,365
1285,1487,1238,1318,1671,1826,1678,1307,1693,1585,1951,1343,1458,1566,1503,346
1320,1262,1296,1395,1640,1687,1664,1443,1660,1513,1787,952,1832,1669,1431,336
1359,1106,1577,1541,1702,1606,1659,1650,1394,1904,899,947,1839,1532,1479,320
1232,1180,1425,1547,1710,1622,1646,1865,1275,2031,741,1234,1695,1459,1385,321
1164,1420,1482,1573,1583,1636,2067,1605,1599,1967,853,1642,1313,1550,1554,326
1287,1389,1290,1543,1577,1543,2265,1060,1826,1637,1314,1648,1295,1570,1489,321
1573,1438,1320,1764,1463,1670,2119,1040,1789,1395,1723,1272,1595,1627,1366,319
1520,1273,1429,1617,1375,2032,1667,1478,1623,1572,1297,1106,1731,1615,1431,325
1399,1228,1468,1400,1401,2069,1360,1929,1329,1920,1070,1146,1698,1626,1879,314
1230,1392,1403,1193,1674,1814,1441,1965,1415,1991,906,1250,1756,1428,1954,332
1185,1273,1379,1271,2105,1610,2155,1427,1720,1972,1090,1313,1642,1787,1393,327
1387,1186,1422,1688,1868,1617,2348,1149,1691,1690,1067,1324,1864,1754,954,300
1403,1291,1669,1923,1515,1937,1930,1325,1789,1574,1004,1408,1530,1364,872,291
1363,1386,1427,1586,1431,2177,1719,1750,1644,1740,1137,1529,1325,1041,1180,290
1367,1649,1204,1335,1533,1936,1518,1598,1419,1654,1432,1476,1475,914,1364,281
1312,1363,1196,1277,1929,1621,1908,1680,1549,1711,1661,1151,1940,1131,1404,292
1242,1081,1297,1421,2057,1626,2253,1388,1451,1773,1185,1033,2055,1514,934,288
1308,1047,1509,1744,1671,1734,2130,1220,1355,2067,862,1218,1949,1565,721,286
1244,1318,1789,1870,1421,1865,1864,1453,1574,1938,862,1803,1356,1048,934,281
1195,1449,1273,1395,1618,1877,1704,1225,1758,1592,1371,2092,1335,816,2044,306
1323,1668,1156,1369,1741,1859,1764,1102,1681,1476,2111,1263,1905,1223,1930,339
1445,1130,1245,1545,1758,1955,1732,1405,1457,1663,1312,1041,2148,1900,1747,358
1320,1087,1386,1568,1703,1860,1520,1668,1308,2095,892,1236,2030,1819,1824,332
1126,1234,1384,1457,1830,1721,1546,1617,1443,2163,832,1630,1733,1676,1848,322
1094,1381,1503,1440,1740,1676,2045,1223,1768,1938,1093,1665,1636,1739,1596,309
1200,1328,1603,1481,1730,1759,2230,983,1925,1584,1193,1550,1812,1763,1121,286
1533,1202,1670,1725,1568,1954,2325,1310,1748,1713,1303,1528,1684,1293,647,225
1547,1373,1549,1568,1423,2056,1903,1545,1763,1807,1177,1620,1436,823,818,226
1496,1483,1355,1378,1548,2045,1627,1534,1694,1877,1341,1514,1424,678,1214,228
1426,1453,1280,1258,1898,1822,1708,1490,1647,1939,1350,1288,1661,813,1268,231
1297,1242,1333,1355,1963,1599,1836,1612,1653,2016,1267,1125,1884,1196,1063,236
1367,1105,1642,1728,1842,1728,1894,1532,1698,1916,939,1126,1845,1309,708,240
1326,1211,1708,1718,1549,2126,1842,1457,1748,1763,853,1272,1575,1132,713,237
1480,1420,1433,1710,1453,2317,1775,1522,1759,1823,962,1460,1410,776,1223,243
1505,1485,1313,1367,1743,2102,1663,1404,1681,1878,1181,1353,1604,732,1547,252
1343,1334,1349,1291,1963,1701,1823,1560,1707,1737,1227,1204,1773,1222,1405,274
1324,1180,1509,1565,1931,1492,1915,1531,1572,1752,1034,1132,1516,1528,998,322
1460,1177,1582,1814,1793,1722,1883,1361,1512,1691,880,1194,1470,1440,791,352
1438,1304,1519,1750,1450,2080,1932,1568,1606,1663,837,1219,1332,1137,801,393
1446,1338,1408,1634,1352,2173,1761,1492,1523,1726,952,1100,1221,883,1315,447
1326,1351,1277,1284,1598,1996,1686,1318,1559,1717,916,1051,1282,866,2241,482
1235,1277,1291,1177,1733,1612,1736,1380,1510,1743,873,911,1919,1268,1926,509
1283,1157,1495,1424,1743,1545,1649,1261,1504,1859,808,885,1988,2075,1419,498
1322,1149,1676,1560,1557,1825,1644,1390,1443,1755,733,956,1549,1808,1292,482
1343,1296,1474,1569,1356,2167,1514,1329,1594,1746,731,1236,1284,1319,1480,461
1368,1459,1266,1456,1401,2172,1478,1211,1651,1789,794,1379,1213,1112,1840,456
1495,1362,1223,1222,1682,1987,1519,1216,1620,1705,899,1160,1331,1213,1909,451
1504,1208,1253,1177,1903,1756,1502,1303,1580,1847,989,1032,1705,1552,1878,459
1369,1121,1414,1305,1927,1687,1477,1383,1536,1961,864,941,1885,1701,1670,481
1317,1103,1788,1592,1748,1756,1483,1477,1600,1909,766,969,1670,1762,1373,504
1248,1203,1648,1708,1508,1949,1560,1406,1616,1652,715,1227,1325,1545,1502,547
1390,1436,1394,1600,1433,2008,1574,1362,1665,1644,821,1517,1200,1205,1587,605
1368,1485,1238,1337,1639,1886,1543,1262,1608,1435,1068,1295,1307,1202,1670,1110
1353,1283,1240,1253,1822,1714,1588,1439,1439,1543,1164,1097,1730,1438,1634,1483
1351,1146,1379,1365,1790,1592,1581,1430,1383,1767,932,1020,1893,1681,1365,1130
1365,1087,1688,1551,1624,1631,1648,1374,1439,1772,836,1057,1598,1642,1155,926
1322,1161,1639,1616,1433,1873,1728,1309,1478,1765,802,1189,1353,1361,1151,904
1307,1294,1463,1578,1316,2091,1606,1146,1466,1668,813,1293,1210,1074,1459,1045
1362,1432,1300,1419,1363,2061,1493,1188,1542,1568,877,1255,1155,959,1701,1049
1432,1358,1273,1210,1643,1877,1335,1117,1551,1655,939,1145,1387,1110,1843,866
1368,1321,1343,1153,1831,1575,1388,1185,1482,1761,951,1061,1486,1498,1644,758
1340,1316,1527,1297,1738,1461,1494,1201,1445,1712,906,1035,1496,1732,1302,734
1351,1319,1731,1502,1612,1599,1505,1178,1584,1509,810,1063,1496,1558,1068,794
1313,1296,1593,1468,1443,1816,1543,1233,1599,1436,765,1211,1291,1314,1083,832
1438,1231,1279,1439,1337,1902,1350,1219,1361,1486,793,1183,1110,987,1259,946
1391,1123,1212,1332,1368,1927,1227,1440,1199,1528,830,1136,1176,879,1512,1305
1209,1107,1261,1212,1610,1739,1244,1517,1212,1736,761,1086,1353,961,1630,1312
1119,1114,1299,1157,1842,1557,1367,1222,1279,1913,753,1171,1436,1263,1409,957
1093,1238,1282,1249,1756,1460,1527,1009,1367,1698,782,1217,1320,1481,1120,778
1109,1326,1344,1315,1598,1429,1618,887,1524,1441,793,1157,1291,1285,905,807
1219,1273,1396,1303,1438,1585,1543,884,1431,1318,772,1001,1228,1098,798,926
1443,1118,1248,1241,1305,1822,1365,973,1373,1236,739,934,1189,945,826,1029
1351,1041,1129,1230,1298,1864,1133,1198,1200,1245,742,913,1215,888,978,1245
1168,1011,1143,1170,1289,1615,1054,1387,1118,1430,715,922,1134,900,1189,1174
1063,1036,1206,1208,1314,1387,1138,1351,1118,1580,694,903,1155,863,1113,954
1001,1066,1167,1195,1402,1357,1338,1133,1151,1558,672,847,1197,855,888,766
988,1185,1070,1132,1377,1404,1582,933,1314,1342,700,810,1155,932,830,720
997,1186,1040,1136,1299,1412,1684,888,1464,1064,733,841,1089,951,848,856
1043,1037,1039,1222,1183,1356,1560,849,1404,993,761,847,1089,889,874,1610
1057,906,1015,1188,1131,1467,1318,836,1210,995,769,848,1212,792,839,2169
1028,876,990,1091,1124,1454,1164,858,1111,903,731,834,1243,768,842,2024
1026,893,1013,978,1157,1387,1146,949,1053,919,671,825,1177,699,951,1721
974,877,1132,968,1133,1231,1130,975,894,1063,634,836,874,778,890,1535
928,859,1251,1043,1100,1163,1096,1004,878,1123,613,821,812,819,799,1450
878,870,1147,1064,1080,1232,1003,895,906,1148,597,817,798,725,734,1391
879,1061,1027,1066,1097,1337,1071,811,969,1090,634,802,863,684,734,1387
884,1096,970,979,1090,1399,1251,869,1004,1145,633,826,1000,673,943,1545
866,1029,905,928,983,1154,1101,738,961,1040,637,710,947,628,866,1293
928,972,940,932,984,1207,1039,724,936,1165,670,701,1179,620,911,1209
964,897,959,903,998,1237,1042,708,946,1117,629,706,1333,631,871,1163
919,857,958,862,983,1179,985,679,955,1028,594,698,1177,656,781,1090
897,831,972,808,1025,1141,992,697,1004,1080,548,731,1097,658,756,1216
863,813,977,799,1020,1093,960,698,979,1167,518,748,960,633,729,1409
861,807,953,838,1010,1097,901,700,944,1265,516,783,865,666,694,1520
878,825,918,912,1006,1151,849,704,945,1228,528,821,835,665,678,1384
917,830,940,940,1016,1210,846,717,945,1041,556,897,770,660,735,1288
854,817,922,815,1056,1100,769,680,928,1044,545,672,929,576,649,1115
843,780,933,787,1087,1106,838,697,879,911,523,688,979,653,608,1223
841,765,973,778,1071,1065,858,713,869,840,522,683,911,761,594,1353
828,762,1010,785,1007,1056,900,746,888,886,526,685,812,814,578,1413
833,769,1034,804,974,1071,917,773,938,954,541,688,794,820,579,1338
852,786,1039,841,974,1077,946,781,991,912,554,692,788,793,590,1240
878,801,1049,880,984,1090,935,728,1044,877,559,704,779,753,598,1181
887,806,1036,893,989,1107,919,696,1048,864,552,725,766,675,598,1150
895,798,1001,875,991,1162,888,700,992,845,522,756,756,607,601,1148
930,823,974,852,991,1210,844,706,920,838,510,784,757,591,609,1169
921,783,937,778,983,1208,806,725,863,804,479,801,745,573,617,1193
832,724,869,703,906,1090,697,675,799,720,454,714,671,521,558,1068
813,732,854,692,867,1035,640,644,796,678,457,661,655,513,546,986
829,739,866,697,876,1040,637,685,809,701,469,643,666,524,573,999
776,694,838,659,858,985,629,670,774,670,453,628,633,500,557,976
750,675,829,644,827,958,604,618,746,658,449,572,592,480,523,914
730,674,812,634,804,925,595,570,709,632,448,537,559,468,494,880
749,681,826,642,817,928,604,575,734,653,458,539,577,476,497,866
737,681,818,640,811,919,610,558,719,650,456,527,559,468,476,835
756,693,833,651,849,933,623,569,739,676,468,547,579,477,476,823
762,687,828,650,868,930,644,570,746,693,474,559,585,488,463,822
768,698,831,650,878,932,648,578,757,681,466,575,590,501,448,818
782,714,847,658,867,943,660,579,764,674,463,586,591,519,438,845
806,734,870,673,879,954,708,599,784,675,478,603,604,561,433,909
788,726,862,654,860,941,746,598,783,659,462,609,588,559,422,942
799,739,874,661,864,943,741,600,804,660,467,608,586,569,420,936
803,726,887,661,872,947,761,610,814,656,461,609,586,574,419,950
781,723,875,656,852,930,721,590,801,637,457,594,568,566,408,904
789,731,888,665,857,934,721,600,800,643,451,595,569,580,411,894
775,717,875,667,839,921,709,582,789,630,446,586,555,560,402,854
771,724,873,679,839,915,701,577,784,626,442,578,550,551,398,815
760,717,873,688,836,912,699,579,774,624,437,578,548,539,395,779
778,741,882,724,831,913,683,573,800,636,450,571,552,539,393,717
778,728,892,720,853,929,735,608,791,645,447,601,562,536,401,732
805,754,902,757,851,936,704,605,836,646,469,594,570,536,400,675
813,743,900,759,864,937,733,620,832,641,469,614,585,529,403,678
832,759,897,780,867,932,721,625,850,643,482,616,597,520,406,665
857,761,897,797,877,934,729,633,850,646,493,615,612,513,410,664
869,769,897,819,879,952,734,642,854,655,499,618,627,513,421,657
872,773,893,830,883,952,733,642,854,654,503,615,631,509,417,658
874,773,888,833,887,955,738,643,844,651,502,613,634,505,419,662
880,780,893,838,890,959,739,647,853,657,507,619,640,505,417,664
886,783,886,842,888,952,738,648,851,657,508,619,642,501,418,664
888,782,883,853,886,953,736,652,848,656,509,621,646,501,423,663
898,782,883,853,892,961,741,659,847,655,513,621,656,496,426,661
904,784,881,860,889,967,742,660,845,656,516,620,661,496,425,657
910,785,879,862,893,978,746,664,840,663,517,620,661,495,429,654
913,784,878,860,894,981,745,668,835,665,517,622,665,491,432,652
921,787,881,869,895,983,742,672,838,666,520,622,672,492,436,652
926,785,879,872,898,983,744,672,833,666,520,621,676,489,438,651
929,786,880,875,899,987,742,674,832,668,521,623,679,491,438,649
931,788,881,874,898,987,743,675,830,671,524,622,680,493,441,654
930,791,876,876,898,984,746,675,830,667,523,621,679,490,443,655
933,794,876,880,898,984,744,675,833,671,523,622,685,489,441,655
937,795,874,882,900,982,744,678,834,671,522,621,690,490,443,658
936,797,872,882,899,984,746,680,831,675,522,622,685,488,441,657
940,799,872,885,900,986,747,682,832,672,524,625,686,492,443,657
939,801,871,889,903,984,746,684,830,674,522,623,690,492,443,661
939,803,871,889,901,986,746,680,828,674,522,624,690,491,443,659
943,803,872,896,904,987,747,683,830,675,523,621,691,492,444,664
948,806,871,898,902,987,748,683,831,675,524,623,694,491,445,659
946,806,872,897,903,989,749,685,831,675,523,624,690,489,444,662
948,807,872,897,903,988,747,685,830,674,526,622,694,489,447,660
951,807,871,900,903,990,751,686,830,677,526,622,693,488,446,662
946,803,869,893,900,984,747,683,827,668,523,620,688,490,445,655
941,804,865,891,899,983,745,685,828,669,525,621,686,488,442,656
943,804,868,892,900,982,745,680,829,672,525,621,686,491,443,653
941,806,867,892,899,980,743,682,827,670,524,622,683,489,443,654
942,803,867,890,899,978,744,682,828,668,524,621,685,486,445,658
943,807,866,891,898,979,743,681,827,672,522,622,685,489,443,654
932,832,904,962,929,996,773,705,856,693,554,663,730,509,463,719
937,834,907,972,934,1009,769,709,862,698,556,661,732,511,465,720
940,834,912,979,934,1011,773,707,864,701,558,657,737,511,464,721
938,835,907,981,933,1007,773,707,866,698,559,665,735,510,462,719
936,837,910,983,931,1008,777,705,865,700,563,663,733,509,463,723
938,835,912,987,933,1010,778,709,868,697,560,663,738,514,461,724
938,833,912,987,933,1008,776,708,868,700,561,665,735,511,465,723
939,834,913,986,934,1016,775,708,869,702,561,663,739,514,463,721
941,834,916,992,937,1015,776,708,868,702,564,665,739,513,464,722
936,836,915,989,937,1015,779,706,867,703,561,664,741,510,464,723
935,835,916,990,936,1016,778,710,869,702,561,667,737,510,463,729
936,834,915,993,935,1017,781,708,872,700,562,665,738,512,464,724
935,836,916,992,937,1021,780,710,873,699,561,663,739,513,463,726
935,835,917,988,935,1020,781,707,870,698,564,666,741,512,464,728
937,835,919,990,935,1024,781,707,876,701,565,667,742,513,464,729
924,829,923,972,936,1042,781,708,879,702,559,669,734,515,464,733
921,827,929,977,936,1050,776,701,881,708,560,669,735,513,462,734
913,831,931,982,935,1049,771,698,883,707,561,668,729,515,463,736
908,834,938,986,937,1061,777,700,884,707,553,669,729,516,465,743
900,835,940,992,938,1074,766,696,887,710,555,669,727,514,461,740
895,836,942,998,933,1078,763,694,889,711,558,664,723,514,457,743
889,837,946,1003,934,1090,760,690,899,714,551,666,724,512,455,741
886,834,946,1012,937,1103,754,688,911,718,551,666,722,512,457,744
884,830,946,1023,934,1109,748,685,910,724,547,666,716,513,454,741
888,831,953,1019,928,1120,743,683,900,739,542,668,718,517,452,740
892,836,957,1015,922,1132,733,680,889,751,541,662,718,519,444,741
896,840,962,1001,923,1136,727,676,884,763,541,660,707,523,443,724
901,847,968,990,918,1124,728,679,878,766,542,659,700,535,438,716
906,849,974,986,910,1114,728,676,867,768,539,665,696,542,432,707
913,859,984,974,908,1103,721,671,860,769,542,664,691,550,429,706
920,867,996,958,905,1092,720,672,836,769,539,663,673,555,429,700
915,854,1004,955,906,1084,736,676,827,772,539,664,667,568,425,703
916,853,1018,934,916,1074,748,675,825,773,534,666,661,594,424,716
920,855,1018,923,923,1069,756,679,835,775,534,667,666,620,421,744
927,854,1016,920,930,1068,782,679,876,780,532,668,666,655,427,795
932,850,1005,919,954,1068,807,687,916,787,535,672,699,708,430,856
946,850,994,925,978,1070,832,689,955,797,529,688,725,759,437,910
957,846,981,910,988,1073,848,702,975,812,536,693,740,807,441,994
962,843,998,914,1011,1077,880,717,978,827,544,693,774,843,450,1074
967,835,1010,894,1031,1083,882,725,957,859,551,697,825,828,463,1141
969,835,1018,897,1063,1100,878,730,954,886,567,701,888,796,473,1144
993,834,1006,894,1122,1110,856,714,949,919,582,693,933,744,481,1152
1011,846,983,892,1157,1115,846,704,959,992,594,691,955,719,498,1117
1037,855,982,880,1134,1112,823,696,962,1019,608,681,959,697,513,1095
1028,870,983,892,1135,1117,803,692,978,1035,596,673,964,673,556,1087
1017,903,983,886,1104,1123,786,692,1015,989,578,671,963,660,591,1104
1016,963,988,884,1064,1141,795,696,1040,950,576,665,979,650,643,1129
1008,1052,992,866,1043,1166,795,705,1077,910,566,674,958,649,674,1134
1005,1117,989,837,1027,1202,798,704,1111,970,555,685,923,663,703,1106
986,1161,983,822,992,1257,788,687,1114,1087,537,689,918,692,789,1050
961,1159,980,820,975,1309,780,665,1104,1069,521,691,926,713,830,978
943,1101,991,802,968,1422,780,655,1075,1088,508,721,920,710,783,888
939,992,1037,794,1039,1427,770,657,1013,1178,497,770,917,698,751,834
945,910,1087,783,1115,1338,763,670,982,1308,484,853,896,674,749,770
945,876,1116,779,1159,1275,751,673,983,1457,482,905,891,647,791,722
947,864,1143,774,1143,1222,752,675,975,1591,486,900,899,631,897,694
948,857,1214,792,1118,1235,746,702,964,1671,497,833,958,632,1015,712
964,846,1294,799,1049,1285,721,759,952,1643,488,771,1022,644,1166,785
998,824,1294,797,1011,1300,697,833,935,1606,473,725,1040,647,1275,907
991,812,1192,777,1005,1348,675,838,916,1400,461,710,1063,653,1233,1103
1016,814,1098,774,1024,1498,653,818,930,1288,460,701,1058,657,1126,1225
1089,807,1048,760,1020,1566,640,760,974,1227,468,700,1046,711,1034,1190
1050,798,1052,782,1011,1562,635,707,999,1215,484,692,1056,805,941,1047
993,786,1079,825,982,1469,638,688,1008,1171,510,676,992,966,851,874
965,758,1067,820,949,1313,635,678,1059,1130,511,681,904,1031,803,834
932,763,1058,786,971,1221,650,690,1157,1118,502,701,920,1092,810,817
963,791,1054,756,1009,1200,638,696,1051,1140,487,691,1015,1166,800,811
991,792,1034,743,1113,1218,625,686,997,1285,473,664,1136,1177,811,821
966,795,1031,743,1185,1205,620,678,933,1418,463,664,1184,1150,936,789
948,811,1036,729,1139,1188,594,677,942,1231,454,673,1069,1168,1006,723
1008,843,1127,853,957,1572,675,661,1121,1395,451,800,1014,1410,1618,674
1062,841,1153,824,953,1396,667,675,1021,1466,449,738,1065,1508,1103,694
1153,828,1151,809,968,1331,663,669,932,1578,459,695,1169,1489,1107,771
1295,830,1069,820,948,1294,658,697,902,1641,481,688,1079,1493,1187,825
1321,871,1045,817,948,1286,675,710,977,1475,514,685,1067,1450,1488,822
1253,970,1050,817,1007,1272,678,698,1165,1349,552,674,1105,1291,1643,785
1099,990,1020,814,1070,1279,680,700,1259,1186,538,671,1009,1175,1612,830
1039,970,1017,860,1066,1419,685,708,1180,1192,492,701,957,1014,1528,882
1001,941,1065,943,1088,1462,702,699,1162,1382,476,792,930,813,1636,896
980,905,1151,987,1120,1470,743,696,1126,1598,485,843,939,681,1603,1046
1011,882,1379,951,1150,1422,750,727,1093,1760,490,805,1043,621,1675,1146
1162,875,1361,935,1105,1556,760,827,1056,1830,498,741,1144,612,1829,682
1343,901,1225,937,1081,1699,753,925,1088,1685,520,749,1125,623,1460,551
1235,1018,1234,925,1095,1700,732,841,1304,1436,528,747,1285,688,846,528
1168,1111,1249,912,1105,1548,783,771,1433,1341,523,723,1078,799,691,551
1116,1065,1235,938,1128,1504,862,720,1344,1364,541,691,1152,886,649,603
1068,1034,1241,977,1202,1473,932,726,1230,1521,558,729,1247,812,704,611
1026,1020,1256,987,1207,1475,911,785,1115,1790,534,822,1204,758,846,599
1064,1070,1256,998,1119,1498,783,800,1056,1738,546,779,1050,729,895,517
1219,1037,1335,988,1185,1784,814,1035,1059,1790,541,793,1253,781,1036,522
1212,996,1272,1096,1184,1926,778,1012,1115,1569,561,768,1306,772,827,486
1305,1114,1354,1294,1218,1874,773,869,1457,1468,629,777,1292,987,856,486
1241,1110,1377,1234,1196,1721,873,815,1601,1394,613,798,1301,1216,859,509
1101,1021,1343,1100,1276,1589,894,768,1507,1486,596,798,1322,1055,838,508
1043,1031,1455,1090,1681,1508,934,785,1270,1799,612,896,1268,948,1028,489
1127,1041,1398,1078,1724,1544,961,894,1125,1793,606,909,1274,864,1394,464
1382,1014,1329,1058,1424,1769,894,910,1077,1801,594,868,1427,755,1197,429
1641,1024,1316,1155,1283,1952,853,990,1193,1702,601,879,1372,783,970,432
1643,1035,1296,1226,1231,1915,829,953,1396,1397,627,888,1301,925,908,433
1339,967,1265,1135,1238,1702,893,889,1342,1304,604,884,1359,1080,797,442
1142,968,1293,1033,1426,1604,962,825,1467,1517,586,859,1553,1209,803,449
1080,1017,1303,1014,1655,1556,1125,806,1323,1922,579,912,1501,1622,933,465
1112,993,1274,1000,1591,1584,1044,983,1156,1965,576,910,1511,1349,1212,473
1297,1017,1271,1083,1284,1770,890,1277,1137,1981,627,824,1404,1184,1309,490
1314,1015,1271,1154,1183,1932,843,1327,1295,1726,697,811,1242,1127,1683,510
1340,1095,1268,1081,1192,1874,868,1010,1601,1499,688,784,1274,1231,1605,572
1226,1095,1284,1089,1285,1651,989,871,1689,1488,617,847,1413,1686,1386,571
1110,1054,1303,1094,1405,1558,1185,822,1519,1779,607,1068,1325,1716,1363,461
1086,1075,1376,1039,1387,1617,1081,916,1222,1951,610,1052,1460,1531,1508,411
1240,1065,1389,1040,1412,1814,890,1267,1138,2022,628,875,1664,1292,1842,377
1413,1007,1341,1085,1297,1963,818,1331,1235,1844,667,831,1642,1142,1732,352
1356,1069,1368,1078,1254,1814,821,979,1535,1524,656,794,1462,1116,1563,340
1220,1135,1330,1034,1243,1724,895,821,1680,1449,620,835,1363,1253,1347,334
1103,1076,1310,995,1370,1599,1080,780,1523,1589,594,978,1352,1289,1218,330
1080,1013,1401,1011,1486,1580,968,835,1229,1932,581,1034,1460,1405,1186,334
1229,978,1508,1066,1334,1699,879,1076,1106,2036,577,952,1644,1829,1418,341
1587,1009,1350,1112,1256,1842,903,958,1273,1754,653,801,1714,1364,1315,335
1449,1061,1273,1174,1281,1690,973,874,1581,1414,700,764,1540,736,1628,334
1173,1112,1240,1116,1388,1621,1195,862,1469,1442,667,795,1291,714,1903,317
1118,1106,1328,1112,1554,1572,1355,885,1297,1796,648,962,1249,811,1272,304
1162,1056,1393,1077,1570,1613,1219,1076,1205,2092,640,1066,1261,953,772,302
1395,1049,1480,1118,1513,1786,1054,1416,1167,2033,739,1051,1438,1153,777,296
1637,1047,1423,1239,1481,1872,964,1482,1361,1763,783,917,1671,1031,820,283
1628,1257,1305,1235,1374,1856,972,1163,1546,1479,831,836,1674,716,956,269
1276,1259,1259,1134,1442,1801,1099,962,1566,1476,718,970,1480,569,1233,252
1145,1089,1387,1170,1703,1652,1290,933,1491,1929,668,1178,1261,586,926,240
1190,1051,1832,1159,1648,1724,1244,1249,1252,2104,681,1327,1506,695,669,237
1501,1011,1530,1198,1523,1903,1048,1584,1282,2053,776,1070,1855,671,601,233
1725,1192,1303,1201,1413,1904,1049,1381,1652,1668,970,901,1882,567,663,227
1339,1286,1205,1144,1488,1803,1158,1033,1843,1521,824,911,1628,480,752,227
1188,1190,1267,1105,1481,1734,1347,967,1739,1655,731,1091,1397,481,733,221
1157,1041,1560,1317,1597,1734,1371,1032,1411,2124,714,1467,1286,532,599,220
1278,1007,1700,1273,1427,1785,1196,1262,1373,2200,714,1416,1544,590,515,217
1419,1039,1471,1116,1509,1755,1203,1348,1429,2015,781,1097,2018,635,508,216
1335,1346,1273,1069,1746,1739,1197,1343,1741,1693,921,985,2006,562,573,213
1169,1434,1228,1060,1497,1756,1201,1156,1779,1696,777,981,1534,543,698,212
1109,1046,1383,1195,1285,1990,1194,1090,1646,1917,740,1216,1323,629,665,215
1113,992,1609,1280,1224,1896,1090,1135,1571,2097,744,1309,1363,884,587,220
1143,936,1489,1121,1358,1630,1135,1135,1524,2147,851,1164,1792,900,628,222
1062,1005,1300,1043,1794,1499,1223,972,1487,2073,881,1066,1999,961,747,222
1050,966,1534,1148,1753,1648,1048,1023,1253,2120,671,1211,1648,826,1057,284
1137,927,1555,1085,1271,1843,1032,1294,1205,2120,691,1150,1669,883,713,287
1412,981,1270,1224,1313,1843,1048,1293,1404,1697,872,963,1906,853,753,277
1377,1071,1183,1137,1353,1740,1075,1005,1517,1508,975,847,1757,671,861,263
1175,1330,1143,1131,1321,1653,1125,995,1379,1537,790,893,1479,718,1058,262
1099,1045,1263,1243,1328,1802,1091,1078,1465,1755,699,1109,1176,851,802,254
1192,938,1701,1143,1252,1687,1122,1255,1503,1704,699,1169,1259,987,724,262
1304,943,1565,1084,1379,1657,1199,1274,1519,1859,757,1030,1749,1223,800,262
1153,1013,1258,1071,1742,1577,1206,1009,1469,1976,884,922,1865,1096,939,266
1129,1183,1240,1043,1441,1676,1081,1171,1363,2006,802,891,1581,938,1293,270
1277,1129,1221,1092,1213,1982,1080,1389,1411,1889,731,932,1286,1054,1355,277
1545,1035,1340,1236,1177,1852,1078,1165,1611,1638,722,1036,1331,1383,1116,275
1304,1042,1364,1192,1203,1606,1116,992,1507,1541,744,1088,1440,1112,897,279
1127,1040,1307,1132,1260,1555,1360,945,1566,1650,738,1000,1513,1005,1128,289
1055,1044,1380,1181,1234,1602,1394,998,1279,1895,694,1133,1540,1079,1516,290
1115,992,1494,1103,1363,1532,1146,1437,1204,2085,686,1136,1481,1131,1172,294
1296,968,1321,1094,1314,1698,1048,1308,1310,1727,832,964,1500,1098,1053,298
1247,1143,1228,1062,1496,1711,1002,1185,1676,1500,949,898,1678,1160,1118,312
1058,1131,1157,991,1333,1734,1063,996,1647,1559,773,880,1349,1263,1419,324
1082,1042,1199,1008,1189,1922,1103,1018,1488,1788,714,1099,1177,1329,1385,343
1109,997,1424,1161,1160,1875,951,969,1532,1901,727,1402,1186,1447,1218,374
1063,978,1550,1084,1148,1667,1019,1053,1319,1840,690,1294,1438,1520,1247,399
1073,1034,1337,990,1302,1475,1076,978,1260,1829,702,1049,1611,1504,1202,401
1045,979,1279,954,1205,1414,1133,917,1127,1861,686,982,1718,1072,1430,409
1035,986,1404,947,1150,1522,921,950,1123,1769,630,929,1483,703,1244,424
1233,891,1237,945,1138,1683,933,1136,1192,1405,706,820,1653,726,1260,457
1131,1035,1128,1034,1180,1570,982,913,1635,1245,812,805,1503,877,967,413
1007,1156,1139,986,1086,1451,909,857,1420,1266,675,804,1211,972,939,399
954,957,1146,1055,1081,1504,1095,950,1299,1383,620,996,1073,1153,815,414
1050,918,1205,1215,1101,1523,1061,899,1278,1771,581,987,1021,1104,837,447
994,848,1296,1065,1103,1392,984,850,1219,1877,583,956,1090,1019,928,512
980,877,1186,944,1094,1355,1066,964,1222,1513,589,817,1351,971,1038,547
975,859,1094,996,1280,1377,1093,909,1180,1484,618,819,1465,773,1094,501
959,871,1173,971,1367,1394,964,963,1112,1607,601,773,1147,698,894,502
1034,871,1053,895,1107,1614,829,1005,1149,1539,633,746,1177,810,884,542
1327,879,1130,1034,1274,1598,836,1088,1479,1483,833,791,1351,846,818,742
1095,851,1020,857,1250,1488,916,874,1378,1281,611,806,1123,835,736,921
977,930,1005,859,1020,1471,839,743,1239,1287,581,766,929,908,719,1002
1001,855,1072,1021,1073,1542,970,775,1170,1578,580,858,1015,1089,802,884
891,807,1053,928,1049,1484,939,782,1129,1465,560,963,1001,1362,755,766
905,814,1127,903,1017,1398,840,844,1100,1586,574,832,1066,1354,842,879
846,780,1063,879,1066,1308,832,915,1074,1420,579,734,1224,847,872,1226
859,817,984,806,1234,1257,864,824,1051,1290,611,731,1086,699,1068,1262
878,931,1000,839,1244,1240,829,810,1125,1335,612,717,1036,605,1198,1179
894,950,987,824,1088,1289,867,808,1124,1310,583,730,920,598,965,1262
962,828,993,973,1002,1470,845,836,1034,1172,620,749,1014,584,664,1375
949,818,1048,993,964,1626,836,761,1151,1248,685,774,1092,663,643,1477
923,858,1105,847,1005,1442,860,790,1190,1246,644,749,1003,785,626,835
887,878,1101,867,1064,1346,905,773,1183,1248,602,814,1008,741,593,631
897,856,1071,917,1215,1335,1007,793,1130,1379,591,936,1062,699,612,605
902,832,1042,937,1199,1311,958,804,1100,1440,585,928,1050,679,618,584
914,830,1057,918,1150,1328,906,894,1097,1454,576,840,1079,714,670,584
970,807,1072,832,1075,1440,878,924,1082,1475,545,785,1188,748,718,618
1071,777,991,834,1064,1521,785,904,1055,1320,562,760,1106,675,644,647
1125,731,959,875,1081,1527,839,865,1168,1333,680,749,1155,640,647,706
983,774,968,846,1022,1408,850,847,1261,1284,649,717,1034,653,680,730
880,801,941,804,995,1370,857,825,1214,1166,584,689,837,615,589,599
905,816,951,878,996,1487,941,776,1173,1362,571,803,915,604,611,606
938,775,970,773,1025,1429,900,783,1177,1494,563,785,871,638,581,642
911,773,893,805,988,1287,852,781,1187,1486,554,833,847,669,585,638
893,791,901,856,995,1234,938,813,1224,1414,570,773,971,807,596,659
905,798,905,848,1025,1235,915,814,1146,1376,591,717,1168,796,600,697
913,809,899,900,1101,1236,896,790,1082,1366,647,707,1348,728,586,707
934,828,891,945,1117,1229,887,764,1093,1441,681,713,1349,618,610,724
934,914,910,950,1106,1222,879,781,1149,1494,658,723,1164,596,767,764
945,993,918,951,1039,1298,854,900,1146,1416,596,749,940,586,909,758
968,998,936,972,1021,1448,841,995,1105,1247,587,793,924,592,872,739
1060,984,997,1029,1045,1534,828,985,1070,1248,605,863,950,616,724,743
1130,966,1075,1001,1064,1522,814,933,1106,1314,610,866,941,630,631,786
1282,974,1220,1040,1090,1420,808,891,1291,1391,611,839,1002,785,622,789
989,866,1201,875,1257,1431,937,790,1100,1581,525,760,1140,550,620,684
994,850,1275,927,1165,1427,841,831,1030,1596,529,721,964,524,657,648
1037,847,1310,927,1125,1452,884,925,1013,1618,531,707,988,560,693,667
1045,844,1142,883,1063,1422,894,831,993,1519,520,681,1033,547,658,704
1067,862,1071,857,1094,1396,868,864,994,1431,524,672,1131,560,606,728
1034,856,1055,817,1184,1442,845,889,997,1326,508,696,1132,545,576,802
1011,880,1033,838,1177,1463,810,850,1058,1230,516,686,1040,520,554,719
1078,947,1056,889,1141,1481,793,800,1193,1214,544,682,969,527,570,619
1092,956,1058,884,1063,1440,804,788,1255,1162,556,666,871,518,580,537
1052,1013,1064,869,1048,1349,817,792,1253,1132,566,646,826,521,566,496
1060,998,1084,840,1066,1350,861,836,1206,1164,539,653,836,532,544,495
1051,1003,1023,832,1005,1241,808,770,1152,1051,536,630,738,509,491,454
1140,1014,1048,928,1049,1322,861,834,1142,1211,543,699,780,533,519,516
1110,908,1017,917,1049,1337,861,813,1086,1204,535,772,758,497,513,526
1095,870,1019,994,1035,1356,845,772,1097,1224,541,771,746,491,498,518
1097,882,1069,1081,1042,1403,834,757,1166,1313,554,800,764,504,503,534
1054,863,1106,1065,1024,1399,817,748,1167,1354,561,788,767,502,495,539
1033,861,1169,1078,1015,1358,802,758,1151,1400,576,732,759,516,478,536
1008,854,1223,991,1012,1342,815,796,1106,1401,552,689,775,520,482,536
985,889,1223,908,988,1275,752,784,1041,1314,522,661,760,527,471,492
1013,924,1245,898,1029,1277,768,831,1077,1333,523,670,831,538,487,484
1023,908,1171,875,1053,1253,789,801,1061,1255,517,671,858,488,479,471
1063,918,1149,905,1122,1263,786,772,1077,1293,537,675,928,487,476,471
1075,904,1134,893,1221,1276,820,772,1067,1359,535,696,970,474,481,494
1066,887,1108,871,1215,1252,789,741,1032,1328,539,698,940,458,474,484
1090,894,1133,899,1253,1268,785,745,1040,1428,555,698,983,463,478,479
1087,890,1146,885,1254,1262,774,737,1039,1411,560,698,976,456,479,480
1074,901,1153,872,1269,1258,758,745,1015,1386,556,713,960,450,481,478
1068,910,1160,872,1274,1279,747,767,1013,1359,552,723,939,448,495,484
1079,934,1194,880,1266,1321,761,800,1023,1392,557,714,943,457,499,481
1026,905,1131,829,1181,1293,736,777,989,1246,533,694,848,431,480,456
1052,943,1176,849,1167,1339,744,814,1004,1316,537,689,859,445,491,456
1038,939,1170,833,1149,1378,763,840,998,1305,527,690,850,444,500,463
1038,946,1161,831,1118,1380,759,842,991,1262,524,685,837,441,486,451
1063,950,1168,845,1100,1422,763,854,996,1265,520,683,860,443,486,444
1059,930,1163,830,1084,1457,787,870,991,1222,514,680,869,440,489,450
1079,931,1142,832,1066,1469,780,852,988,1172,512,674,866,435,487,441
1095,896,1142,842,1082,1531,796,877,984,1199,504,665,897,436,495,446
1126,890,1131,849,1067,1551,789,847,987,1154,506,653,906,436,490,448
1127,881,1116,837,1059,1569,792,831,980,1134,503,656,916,429,487,442
1140,879,1096,838,1057,1592,791,821,976,1135,506,649,931,426,482,445
1153,877,1085,832,1050,1615,784,809,976,1132,505,648,945,425,477,444
1178,891,1099,853,1053,1645,783,805,988,1159,507,650,978,434,484,452
1165,891,1083,869,1046,1644,784,795,984,1136,513,658,957,431,478,448
1114,868,1045,839,1040,1634,786,784,959,1097,500,655,939,418,473,448
1172,889,1065,882,1043,1663,775,777,991,1143,511,645,985,428,470,450
1168,885,1074,873,1048,1683,788,790,997,1155,508,653,998,428,466,466
1151,875,1055,876,1038,1659,767,764,995,1128,502,647,967,418,458,447
1165,884,1064,898,1037,1678,766,763,1009,1147,509,643,974,427,457,445
1165,892,1057,905,1035,1668,764,759,1021,1132,509,637,953,423,452,444
1175,891,1070,906,1038,1681,769,763,1031,1135,506,638,968,426,453,450
1181,891,1071,901,1031,1671,755,753,1037,1125,510,634,952,424,449,442
1184,898,1075,903,1034,1671,759,756,1046,1122,510,638,952,429,451,446
1183,908,1074,910,1037,1669,758,754,1054,1129,512,638,950,430,449,447
1174,902,1072,906,1031,1663,754,747,1054,1125,509,637,936,428,448,448
1183,907,1067,912,1030,1664,744,744,1061,1129,511,633,924,431,446,445
1180,906,1066,908,1028,1665,742,750,1062,1123,512,635,912,428,449,446
1185,909,1065,913,1028,1666,737,750,1069,1128,512,632,904,431,447,443
1190,910,1063,911,1025,1667,741,751,1070,1129,512,630,898,429,445,447
1191,911,1065,910,1025,1669,740,751,1069,1124,512,630,898,429,448,445
1193,912,1060,910,1022,1669,740,748,1074,1122,512,625,903,431,446,445
1197,911,1063,909,1023,1672,739,743,1075,1120,513,627,904,431,443,445
1201,911,1060,903,1019,1671,739,748,1077,1118,511,630,902,430,443,444
1200,909,1059,904,1019,1668,737,745,1081,1116,511,626,904,431,443,445
1207,910,1062,908,1019,1671,736,750,1087,1115,510,628,903,432,442,445
1210,908,1062,907,1018,1667,737,745,1089,1114,507,626,901,432,440,443
1210,908,1063,906,1016,1667,736,745,1091,1114,510,628,901,432,439,441
1211,909,1061,904,1017,1666,736,748,1094,1110,511,627,902,433,440,445
1214,912,1062,907,1019,1667,734,747,1097,1109,510,629,902,432,443,444
1216,911,1062,904,1017,1665,735,746,1099,1108,509,626,902,434,441,446
1207,900,1058,897,1011,1665,722,742,1093,1096,503,626,898,426,438,439
1208,896,1058,896,1009,1663,718,739,1092,1097,505,623,896,428,438,438
1149,914,1008,897,976,1580,702,719,1098,1024,508,617,836,413,423,416
1418,992,1184,1077,1096,1911,793,850,1288,1331,538,659,1150,520,488,526
1337,993,1109,1037,1037,1791,773,790,1236,1202,541,641,993,473,450,482
1334,966,1125,997,1071,1844,811,849,1201,1226,523,667,1055,465,471,524
1378,982,1149,1043,1073,1859,784,830,1246,1271,534,650,1079,491,472,513
1371,995,1132,1051,1057,1835,779,811,1254,1242,541,645,1040,484,463,498
1356,978,1129,1022,1062,1840,792,826,1227,1231,531,658,1051,476,466,513
1362,980,1142,1027,1078,1861,797,842,1229,1252,531,659,1080,482,473,523
1375,988,1144,1048,1067,1857,788,828,1253,1261,536,651,1074,491,467,514
1362,987,1132,1037,1062,1840,788,824,1241,1235,536,651,1052,481,461,507
1361,980,1134,1025,1071,1857,798,840,1231,1241,531,660,1070,476,471,523
1378,985,1146,1043,1072,1863,795,837,1251,1257,535,657,1081,488,473,520
1372,989,1138,1041,1064,1851,787,823,1249,1246,537,647,1064,485,466,510
1363,982,1136,1027,1068,1856,795,835,1236,1242,530,655,1063,479,469,518
1373,985,1142,1039,1072,1867,794,838,1249,1255,533,656,1081,484,469,521
1373,989,1142,1042,1064,1863,788,830,1252,1255,536,653,1075,488,469,515
1365,988,1139,1035,1067,1865,793,834,1246,1249,533,653,1074,481,467,521
1366,1000,1150,1043,1069,1879,801,837,1257,1264,536,658,1102,488,473,529
1368,1003,1156,1042,1070,1883,808,830,1253,1264,533,662,1115,489,473,532
1369,1000,1159,1044,1068,1887,816,835,1256,1261,531,669,1119,488,475,535
1379,1004,1167,1044,1067,1892,816,839,1268,1269,531,668,1133,494,474,535
1372,1002,1161,1043,1065,1895,820,847,1264,1272,528,677,1125,493,475,539
1365,1000,1165,1040,1063,1905,833,861,1248,1290,527,691,1146,491,481,546
1358,1000,1161,1044,1059,1907,833,866,1249,1315,526,695,1132,487,488,552
1350,1010,1172,1035,1058,1899,831,860,1236,1325,529,716,1125,494,495,556
1347,1036,1187,1017,1059,1890,829,851,1223,1350,528,740,1084,498,502,567
1351,1040,1197,1024,1065,1867,833,867,1205,1380,532,764,1045,500,504,582
1340,1054,1221,1039,1069,1844,837,858,1197,1416,538,799,1009,511,521,596
1331,1066,1242,1047,1075,1824,838,879,1209,1436,546,834,993,515,527,604
1317,1121,1229,1077,1090,1817,837,892,1178,1455,556,870,965,513,529,621
1316,1182,1250,1110,1098,1814,847,871,1191,1479,553,907,928,509,533,637
1320,1243,1262,1113,1102,1830,847,885,1209,1495,559,903,931,514,553,640
1332,1310,1264,1120,1128,1849,857,897,1201,1523,562,884,924,517,564,666
1344,1370,1272,1104,1149,1836,872,915,1221,1508,559,860,930,508,598,656
1344,1500,1264,1071,1196,1856,909,917,1229,1527,567,831,935,505,638,633
1355,1628,1284,1048,1277,1845,961,910,1255,1590,562,800,993,499,701,642
1387,1705,1254,1034,1345,1744,1029,913,1308,1564,586,776,974,497,726,625
1353,1677,1210,1013,1490,1708,1183,931,1386,1593,617,788,1037,506,837,654
1380,1517,1134,1033,1673,1627,1221,938,1502,1608,716,809,1082,535,1020,651
1346,1323,1123,1045,1805,1524,1207,994,1529,1614,825,813,1157,554,1020,663
1445,1250,1132,1053,1894,1472,1126,1005,1485,1710,851,817,1351,561,890,684
1550,1212,1183,1060,1879,1458,1088,995,1462,1778,766,761,1643,567,738,675
1870,1142,1293,1072,1774,1467,1029,985,1404,1687,661,735,1670,625,659,633
2071,1082,1485,1098,1539,1497,1013,1234,1300,1686,659,702,1509,758,672,543
1860,1049,1700,1132,1400,1507,1024,1578,1183,1660,664,702,1272,850,663,514
1737,1049,1733,1186,1409,1538,1008,1770,1135,1635,626,702,1206,851,647,519
1622,1058,1737,1201,1390,1573,964,1759,1098,1710,598,725,1265,788,647,504
1443,1076,1513,1155,1445,1638,979,1588,1111,1904,591,754,1148,678,758,499
1288,1117,1543,1080,1597,1631,1016,1295,1096,1996,604,814,1036,724,948,484
1179,1228,1642,1028,1788,1592,1236,1357,1119,1978,611,813,1001,758,846,459
1165,1217,1468,1041,1767,1506,1455,1194,1170,1751,598,793,999,770,719,444
1168,1192,1387,1093,1648,1427,1567,1019,1230,1641,618,845,915,939,661,427
1248,1181,1418,1175,1853,1384,1528,999,1304,1546,625,903,1281,1148,607,433
1405,1159,1463,1298,1835,1464,1567,970,1412,1534,608,783,1437,1210,584,450
1502,1171,1354,1506,1518,1542,1708,923,1459,1449,606,748,1181,1090,554,433
1504,1138,1728,1629,1454,1833,1537,985,1377,1587,599,816,1146,1068,629,511
1351,1277,1826,1845,1352,1850,1394,1087,1255,1678,622,778,1029,971,669,631
1366,1447,1522,1812,1292,1843,1441,1048,1302,1756,616,856,972,817,726,951
1384,1411,1329,1550,1363,1755,1381,1029,1478,1650,648,1264,1018,777,902,1266
1332,1436,1221,1474,1496,1867,1301,1031,1679,1442,674,1090,1090,817,1065,1195
1581,1732,1240,1344,1604,1897,1468,1025,1714,1357,657,931,1157,936,1103,1028
1830,1500,1353,1290,1713,1937,1468,967,1612,1294,745,860,1175,1034,910,976
2080,1309,1484,1410,1688,1941,1295,1036,1492,1403,912,804,1035,1028,782,846
2014,1233,1602,1520,1676,2003,1188,1279,1339,1531,803,872,1089,1070,864,729
1774,1190,1457,1405,1651,2018,1171,1721,1198,1675,762,1001,1147,1054,1076,657
1565,1320,1315,1356,1742,1794,1126,1822,1211,1740,744,1001,1115,1004,1209,579
1373,1525,1333,1338,1962,1579,1198,1516,1380,1743,748,1029,1396,1001,1127,516
1300,1421,1284,1310,2116,1419,1505,1281,1442,1539,842,1009,1666,1086,925,489
1099,1728,1086,1367,1511,1830,1721,1145,1661,1245,1150,1100,978,1041,841,449
1160,1459,1142,1328,1632,1767,1891,1033,1705,1189,1225,863,1343,1047,842,423
1318,1141,1275,1363,1733,1722,1587,1307,1476,1340,1007,816,1766,1160,827,380
1470,1090,1327,1425,1781,1769,1400,1637,1159,1695,803,820,1817,1013,794,347
1293,1173,1453,1439,1855,1797,1325,1581,1110,2021,711,974,1556,887,976,365
1116,1278,1441,1333,1997,1736,1519,1518,1178,1848,725,1256,1334,881,940,358
1115,1301,1487,1450,1964,1633,2098,1116,1436,1860,848,1239,1326,1241,822,347
1248,1279,1583,1627,1914,1595,2143,1032,1553,1627,901,1223,1481,1460,646,347
1666,1341,1638,1962,1643,1696,1719,1067,1702,1425,950,1123,1364,1236,545,327
1899,1503,1677,1804,1428,1859,1563,1283,1689,1518,848,1104,1203,828,607,318
1636,1532,1361,1571,1483,1907,1362,1770,1458,1615,942,1384,1108,645,799,304
1483,1695,1209,1295,1699,1822,1347,1946,1514,1504,1006,1118,1250,628,1756,297
1431,1318,1321,1304,1826,1612,1644,1627,1477,1463,1012,1022,1516,704,2384,319
1621,1091,1630,1552,1866,1552,1711,1575,1291,1527,838,976,1573,1375,1798,337
1532,1124,1662,1678,1754,1687,1834,1574,1230,1587,701,1006,1576,2400,1818,360
1217,1480,1642,1679,1627,1694,1836,1424,1329,1770,713,1514,1482,1894,1966,341
1197,1808,1355,1703,1684,1765,2098,1246,1515,1767,813,1819,1501,1827,1711,331
1376,1920,1138,1505,1649,1760,2140,1080,1729,1410,923,1309,1678,1794,1284,305
1693,1377,1239,1496,1604,1916,1728,1014,1712,1348,1012,1333,1800,1898,1191,293
1865,1120,1565,1528,1532,1943,1366,1416,1316,1626,1134,1280,1898,1436,1485,283
1351,1246,1598,1289,1675,1870,1223,1593,1190,1772,1279,1481,1380,1298,1368,276
1168,1597,1655,1327,1790,1693,1509,1458,1386,1812,1116,1314,1295,1501,1225,275
1352,1601,1685,1657,1923,1611,2279,1063,1629,1680,1027,1155,1443,1470,803,264
1511,1458,1510,1868,1598,1742,2008,1005,1630,1450,886,1154,1293,1258,664,247
1503,1422,1563,1904,1402,1816,1504,1333,1565,1600,849,1129,1645,818,889,244
1408,1415,1419,1459,1430,1849,1224,1663,1341,1645,1007,1152,1628,718,1170,235
1340,1466,1341,1259,1644,1693,1368,1587,1426,1714,1137,1014,1675,908,912,231
1468,1338,1366,1306,1664,1544,1963,1430,1425,1675,938,1266,1770,1268,755,227
1447,1193,1702,1562,1684,1540,2355,1362,1462,1857,969,1307,1620,981,611,234
1360,1227,1684,1632,1545,1772,2025,1638,1323,1846,992,1598,1408,774,863,263
1459,1454,1370,1513,1407,1656,1637,1210,1449,1731,1123,1256,1210,653,1843,259
1642,1411,1282,1268,1584,1671,1729,1273,1521,1597,1273,1126,1661,1098,1783,292
1483,1169,1450,1364,1503,1584,1657,1265,1479,1866,1015,941,1908,1846,1896,288
1475,1142,1872,1358,1543,1758,1673,1359,1416,2197,774,1071,1766,1813,1803,287
1237,1283,1760,1250,1480,1853,1635,1521,1543,2039,760,1461,1329,1873,1629,274
1229,1506,1438,1399,1548,1765,1920,1243,1833,1861,1027,1522,1215,1831,1534,265
1610,1486,1317,1435,1745,1834,2112,1109,1860,1484,1515,1265,1598,1701,1307,266
1658,1159,1308,1471,1564,1863,1719,1415,1524,1364,1191,994,1693,1378,1187,259
1462,1155,1526,1400,1547,1788,1432,1719,1276,2101,839,1040,1701,1263,1280,265
1193,1347,1585,1299,1878,1707,1775,1700,1434,2080,870,1448,1580,1435,1521,266
1272,1299,1499,1525,1771,1641,2152,1130,1895,1710,1147,1290,1400,1469,1430,261
1531,1269,1473,1586,1602,1714,2487,1060,1708,1454,1190,1348,1653,1574,1602,272
1481,1252,1348,1575,1465,1930,1626,1490,1536,1642,1138,1226,1538,1488,1318,274
1470,1286,1326,1317,1475,1908,1338,1530,1439,2125,1339,1274,1565,1517,1719,270
1220,1303,1274,1168,1769,1687,1698,1489,1654,2041,1264,1311,1942,1502,1553,267
1317,1130,1613,1408,1803,1555,2170,1457,1767,1813,1026,1159,2010,1779,1064,246
1340,1183,1868,1773,1615,1808,2220,1435,1636,1636,874,1418,1665,1383,926,248
1396,1604,1385,1740,1446,1900,1863,1637,1624,1796,1107,1358,1221,1137,901,243
1607,1443,1171,1416,1678,1783,1866,1366,1579,1780,1349,1493,1514,947,1452,245
1677,1218,1219,1414,1778,1655,1929,1375,1587,1660,1470,1013,1933,1035,1146,241
1450,1066,1723,1546,1677,1776,1793,1437,1505,1985,811,978,2070,1279,830,236
1216,1187,1861,1562,1499,1878,1826,1613,1391,2143,726,1408,1671,1046,799,239
1200,1584,1432,1456,1618,1808,2020,1265,1811,1762,1128,1711,1521,865,1731,246
1409,1447,1269,1513,1856,1812,2238,998,1894,1377,1511,1433,1849,1027,1799,277
1485,1197,1292,1704,1593,1754,1617,1336,1440,1601,1323,1089,1850,1844,1448,281
1296,1194,1428,1445,1668,1933,1282,2000,1265,2270,879,1292,2032,1594,1689,279
1138,1197,1395,1341,1713,1662,1654,1556,1609,2220,986,1458,1934,1470,1676,269
1170,1126,1452,1560,1868,1597,2266,1048,1953,1882,1427,1587,1940,1698,1214,252
1353,1233,1479,1661,1558,1942,2069,1158,1907,1680,1246,1683,1782,1560,890,234
1402,1307,1533,1722,1398,1958,1533,1675,1670,1821,1312,1527,1552,1174,1084,223
1349,1383,1426,1197,1738,1851,1433,1981,1547,1938,1554,1542,1812,952,1369,217
1287,1397,1374,1248,1885,1574,1825,1730,1664,1931,1505,1188,2019,1191,996,210
1418,1271,1861,1744,1762,1700,2314,1475,1646,1897,946,1242,2009,1334,703,206
1460,1333,1751,1683,1472,2098,2158,1629,1714,1806,926,1622,1527,872,718,207
1540,1603,1324,1446,1520,2029,1824,1497,1666,1860,1350,1662,1335,674,960,207
1409,1446,1199,1253,1964,1855,1879,1397,1643,1802,1555,1272,1750,730,1078,207
1374,1146,1360,1471,2034,1611,1858,1578,1611,1979,1212,1024,2096,1059,929,213
1423,1082,1683,1809,1850,1821,1828,1550,1601,1818,810,1111,1803,1171,681,212
1340,1330,1628,1667,1526,2108,1970,1628,1771,1843,812,1745,1433,956,803,215
1499,1506,1300,1536,1576,2101,1852,1339,1642,1732,1266,1573,1430,706,1309,219
1433,1481,1291,1517,1480,2005,1684,1270,1473,1654,1245,1346,1165,811,1836,382
1602,1326,1230,1229,1906,1787,1730,1193,1539,1555,1173,1078,1580,1046,2438,408
1609,1123,1366,1441,2021,1644,1688,1213,1418,1836,875,951,1809,1892,1669,416
1349,1107,1671,1783,1673,1737,1559,1256,1445,2029,771,974,1605,2013,1443,406
1249,1324,1420,1700,1446,1964,1497,1321,1587,1855,736,1490,1158,1427,1615,405
1348,1224,1252,1353,1463,1922,1379,1199,1539,1676,974,1386,1133,1261,1783,399
1643,1200,1243,1204,1893,1871,1496,1241,1527,1515,1171,1029,1506,1468,1866,392
1641,1101,1339,1286,1965,1736,1496,1315,1489,1833,934,888,1913,1678,1868,410
1375,1050,1600,1683,1809,1763,1517,1259,1469,2065,751,910,1670,1739,1598,432
1239,1171,1614,1762,1583,1817,1590,1298,1631,1942,718,1094,1263,1700,1787,467
1267,1353,1332,1581,1563,1786,1512,1252,1670,1564,810,1344,1087,1411,1660,498
1428,1329,1192,1298,1728,1762,1504,1296,1533,1376,1026,1138,1290,1473,1563,1022
1688,1170,1284,1322,1861,1592,1505,1361,1443,1472,996,926,1719,1464,1546,1204
1451,1066,1486,1556,1665,1527,1604,1279,1275,1802,800,913,1588,1411,1450,792
1311,1109,1561,1617,1528,1709,1725,1200,1349,1960,740,1135,1259,1391,1372,697
1233,1298,1398,1555,1518,1728,1606,1143,1528,1769,777,1363,1123,1214,1400,819
1338,1401,1247,1391,1484,1770,1459,1134,1549,1475,983,1269,1153,1092,1402,820
1529,1280,1219,1269,1793,1731,1439,1197,1424,1431,1136,1017,1414,1232,1468,687
1534,1119,1262,1197,1986,1560,1430,1198,1325,1579,896,930,1790,1403,1426,648
1470,1081,1383,1578,1762,1516,1516,1290,1403,1479,794,942,1547,1600,1133,619
1335,1175,1516,1821,1415,1752,1478,1196,1412,1423,758,1014,1280,1405,1056,648
1419,1376,1345,1577,1294,1973,1475,1170,1364,1490,786,1047,1243,1026,1327,752
1316,1502,1315,1331,1367,1794,1419,1159,1262,1630,881,1071,1247,929,1390,1099
1243,1268,1372,1194,1644,1648,1428,1265,1273,1646,945,987,1355,1063,1275,1084
1205,1090,1891,1168,1896,1441,1475,1207,1346,1645,857,929,1555,1278,1218,799
1172,1027,1717,1266,1762,1383,1590,961,1480,1549,803,922,1534,1348,901,730
1179,988,1539,1568,1443,1410,1566,911,1560,1416,823,947,1157,1244,828,817
1299,1086,1357,1637,1286,1655,1404,959,1428,1335,832,920,943,951,789,881
1388,1223,1227,1365,1237,1766,1210,1122,1183,1180,760,917,865,796,896,1067
1187,1250,1238,1157,1295,1601,1112,1017,1151,1495,705,901,1019,743,1136,1052
1058,1282,1063,1113,1573,1372,1147,1078,1132,1646,712,930,1335,844,1068,805
1036,1163,1103,1128,1432,1251,1299,937,1230,1373,716,963,1400,1087,874,674
1018,1139,1132,1158,1243,1319,1369,835,1334,1162,716,909,1232,1052,731,716
1069,1071,1055,1176,1202,1337,1398,824,1429,1017,660,861,1102,848,746,1545
1101,969,1042,1132,1219,1351,1276,874,1240,869,645,825,989,809,831,2246
1123,907,1028,1027,1192,1331,1135,947,1062,861,636,804,897,808,860,2039
1050,881,1106,956,1088,1297,1050,983,999,952,626,795,901,807,975,1677
1019,909,1161,1015,1168,1189,1020,983,992,1231,666,813,896,870,1015,1351
942,833,1062,928,1252,1176,1077,920,903,1165,610,956,879,750,967,1210
938,944,1003,972,1197,1103,1016,787,949,1087,649,864,827,813,797,1087
930,1002,993,950,1012,1277,1106,705,997,1084,643,801,881,758,779,1219
968,997,972,885,1012,1222,1027,665,1041,1008,638,701,997,703,799,1189
1011,891,943,799,1060,1185,935,675,999,889,600,699,1122,639,884,1103
1025,842,986,799,1135,1185,863,719,994,942,560,725,1020,719,855,1039
981,806,1057,791,1079,1161,794,760,1013,929,542,750,894,788,796,1101
931,792,1147,796,1054,1130,773,758,1030,1046,540,795,834,790,750,1273
900,786,1103,808,1061,1135,755,748,997,1114,540,843,794,750,713,1284
921,810,1087,818,1072,1189,767,735,979,1220,560,906,802,710,685,1238
937,848,1023,820,1057,1257,803,750,990,1099,572,906,811,677,674,1194
900,808,948,811,1019,1304,811,786,1048,958,583,831,811,629,724,1148
867,777,931,789,986,1179,782,756,1034,910,590,756,808,609,804,1104
860,763,943,778,946,1110,739,702,933,917,600,707,767,562,743,1034
823,769,938,778,988,1122,743,693,890,1011,606,670,842,556,648,1064
837,787,950,786,1088,1136,757,672,912,1009,529,652,1040,565,607,1160
866,788,988,783,1137,1152,808,706,921,958,511,681,1180,630,636,1347
846,779,1017,759,1004,1125,761,704,922,880,509,667,1003,669,613,1375
873,788,1177,824,1017,1103,818,760,889,989,540,688,946,787,638,1370
863,791,1231,886,1000,1093,843,771,884,1056,558,710,848,745,639,1236
856,783,1184,908,990,1107,856,775,879,1020,556,728,809,689,625,1130
871,814,1098,934,989,1120,837,745,893,967,572,731,797,652,619,1038
903,833,1042,929,1003,1152,857,744,893,900,565,746,785,621,628,1022
915,841,997,894,1001,1220,867,739,875,843,548,743,782,591,641,1027
880,836,938,821,973,1152,850,724,837,795,522,719,741,559,622,1004
856,860,913,797,939,1104,809,710,830,782,517,677,703,547,598,979
863,863,927,784,941,1118,820,741,829,790,506,668,722,545,628,1067
776,786,859,716,879,977,735,646,768,662,466,614,623,502,558,994
785,814,867,735,859,946,683,595,780,649,481,578,608,502,521,922
789,806,867,721,878,952,702,606,770,643,476,598,623,498,526,906
803,816,867,732,888,939,676,575,774,639,471,587,615,506,493,834
814,815,868,741,898,942,675,584,768,644,471,598,612,515,486,806
877,816,988,823,974,1023,744,657,801,743,502,668,637,613,445,1101
879,814,989,819,965,1017,738,665,802,742,502,676,637,611,442,1069
871,814,992,815,962,1025,732,662,795,743,501,659,631,604,437,1008
878,814,998,817,950,1029,725,662,793,742,504,664,631,591,434,961
876,812,996,813,932,1020,728,658,792,734,502,660,628,582,433,911
884,811,1002,825,939,1033,722,660,791,744,507,656,635,582,432,875
883,826,990,852,925,1035,721,657,791,740,519,638,639,563,429,813
886,822,999,834,931,1048,739,667,781,738,520,652,641,549,435,783
898,830,993,856,917,1062,721,650,796,736,521,634,653,539,434,733
915,831,987,884,927,1080,726,653,822,740,526,641,668,536,446,716
911,833,975,893,928,1102,725,652,826,737,526,636,690,515,455,709
905,834,972,898,938,1122,724,659,832,736,523,638,707,512,460,708
907,847,968,904,948,1143,728,664,836,732,536,634,714,503,467,714
903,850,957,912,946,1165,735,663,840,734,544,636,734,500,481,720
901,850,953,910,952,1175,738,674,840,737,543,638,737,498,484,731
899,850,950,912,952,1174,738,678,840,736,546,636,735,497,484,731
898,848,952,915,953,1175,742,679,835,735,546,636,739,498,485,734
902,850,954,918,950,1179,745,682,839,735,550,633,741,498,489,734
899,847,951,921,953,1182,743,684,834,732,544,636,739,497,489,734
895,849,948,927,954,1186,739,685,835,732,546,632,748,498,489,733
895,852,945,918,953,1187,744,688,832,729,549,634,746,495,487,734
893,852,939,913,954,1192,750,690,831,726,550,636,747,491,489,737
899,853,937,911,957,1198,741,692,835,729,554,637,752,491,487,729
898,857,934,912,953,1196,740,692,834,729,551,635,751,486,489,725
896,859,930,907,957,1202,746,693,835,728,552,634,753,488,492,726
893,858,932,907,958,1202,747,698,831,732,555,636,754,486,497,725
892,861,932,910,956,1204,750,696,831,730,556,634,759,487,496,728
892,864,928,908,954,1202,750,697,831,730,556,634,756,486,502,730
892,862,930,909,958,1210,751,700,831,732,558,636,759,488,501,730
889,863,928,909,954,1212,750,703,831,728,556,633,757,486,499,731
891,864,928,910,958,1213,753,703,833,730,562,634,758,487,502,731
891,865,929,911,956,1215,754,703,833,732,560,633,759,485,500,731
888,864,927,910,957,1219,755,705,832,734,561,634,757,483,503,732
885,860,922,902,953,1206,751,704,827,723,557,632,751,482,500,728
882,859,920,902,951,1203,751,704,827,726,558,631,750,480,499,726
885,859,919,903,950,1206,749,704,829,725,557,631,751,483,500,725
882,860,923,902,953,1201,748,702,828,721,559,631,750,484,496,724
884,861,921,900,950,1201,745,702,825,723,556,627,750,484,498,722
884,860,920,902,950,1203,748,701,827,726,557,632,749,481,496,727
884,842,918,886,950,1202,748,702,821,726,543,628,750,481,497,724
803,793,867,768,887,1090,702,646,749,667,501,615,668,449,466,653
993,959,983,1075,959,1316,721,673,920,796,621,602,801,530,510,671
913,878,940,952,969,1315,825,729,840,743,576,665,778,493,534,792
950,883,971,996,991,1391,815,726,854,783,583,654,817,506,548,776
960,899,961,1008,962,1338,798,703,863,768,589,641,781,503,529,740
946,889,955,989,964,1330,811,709,850,758,586,647,777,500,529,751
952,887,958,992,972,1350,811,714,853,765,583,647,786,504,536,754
964,894,965,1003,968,1350,807,709,860,769,585,644,785,506,536,750
963,896,960,1005,962,1339,805,704,858,765,588,642,780,501,529,743
956,892,959,996,967,1341,808,708,852,763,583,647,779,502,534,745
962,891,965,1002,970,1347,810,710,855,768,585,643,782,503,532,751
965,894,964,1007,968,1347,806,707,858,769,587,642,782,504,533,748
967,894,961,1001,966,1343,809,710,855,764,584,642,779,504,530,745
969,895,963,1002,969,1344,809,708,854,766,587,640,780,504,530,745
973,894,964,1007,965,1343,811,707,855,765,586,641,780,506,531,745
980,898,965,1014,968,1342,812,706,854,765,588,636,776,506,528,744
993,887,966,1008,964,1337,817,707,852,767,582,640,776,506,526,745
1005,889,969,1011,965,1331,819,710,848,770,581,637,772,507,523,736
1013,886,967,1010,959,1322,823,710,851,772,582,638,770,506,522,735
1021,886,970,1006,958,1321,825,709,852,776,583,641,769,506,516,729
1030,884,974,1000,958,1322,828,708,850,776,582,640,766,508,515,724
1038,888,973,1010,953,1322,832,706,846,779,585,641,765,508,508,721
1049,894,969,1016,948,1311,832,704,842,776,584,642,755,513,499,723
1059,886,972,1015,948,1307,841,703,842,771,580,644,745,517,490,725
1066,874,972,1025,946,1307,852,704,837,765,582,649,739,525,487,718
1069,875,968,1033,942,1302,862,709,846,766,587,658,725,537,479,709
1075,883,969,1038,944,1281,874,713,844,767,589,667,721,545,473,720
1070,888,970,1040,956,1254,882,721,863,777,585,677,720,552,467,735
1064,894,978,1060,953,1232,889,725,880,782,581,685,716,588,463,738
1056,894,982,1060,965,1194,896,733,906,790,575,696,730,623,464,740
1004,870,1169,954,1045,1155,938,811,1046,894,552,734,792,935,483,884
1017,872,1159,955,1090,1172,927,803,1026,921,557,726,847,924,486,949
1049,875,1127,954,1142,1181,907,786,997,936,568,711,881,867,490,1014
1060,877,1089,954,1201,1178,887,768,967,939,573,730,894,817,503,1033
1080,892,1078,953,1262,1168,865,769,959,918,580,709,888,770,517,1049
1071,916,1073,935,1255,1162,837,747,985,911,583,702,893,746,543,1030
1069,941,1055,892,1206,1162,812,727,1015,905,561,693,906,741,565,1018
1106,984,1045,874,1163,1173,772,704,1047,924,560,695,927,727,610,968
1134,1060,1029,858,1105,1201,750,680,1090,987,575,690,942,712,657,932
1113,1113,1024,865,1076,1229,740,674,1148,1096,577,695,975,730,746,904
1064,1121,1003,867,1066,1274,736,679,1216,1105,576,701,973,781,836,907
1052,1062,1009,846,1078,1424,772,702,1187,1121,556,726,957,847,844,879
1036,1011,1038,830,1137,1427,788,712,1159,1088,539,767,924,880,806,813
1028,973,1070,828,1212,1438,849,710,1135,1190,529,836,918,858,800,758
1009,944,1130,838,1298,1329,876,704,1044,1351,526,893,907,801,835,717
973,896,1246,881,1290,1308,846,715,1006,1581,528,868,950,743,978,692
983,870,1324,907,1233,1297,801,755,993,1714,521,812,991,713,1177,670
984,861,1340,866,1143,1309,716,850,968,1797,501,745,995,716,1441,727
1017,877,1315,805,1074,1444,691,892,941,1604,486,724,1078,695,1564,877
1100,894,1166,816,1044,1629,703,819,949,1525,489,707,1203,681,1379,991
1165,879,1098,847,1040,1751,729,776,959,1325,501,677,1235,690,1172,1084
1197,837,1068,886,1016,1764,733,750,965,1286,517,701,1165,771,1053,1058
1111,849,1073,950,981,1607,726,730,1082,1225,521,743,1014,893,937,927
1057,873,1126,962,1009,1463,697,709,1185,1187,506,792,940,958,908,825
1023,868,1122,881,1017,1307,676,693,1189,1155,486,746,925,1018,940,783
1010,869,1120,810,1053,1269,655,691,1039,1250,478,691,1022,1138,952,786
1048,841,1099,770,1081,1261,636,694,986,1283,467,675,1027,1266,977,818
1017,829,1051,749,1103,1227,608,685,987,1319,468,688,1175,1315,1179,826
1002,870,1066,752,1136,1248,603,675,1063,1511,479,694,1270,1426,1321,737
1000,894,1041,733,1125,1376,623,700,1124,1427,492,718,1115,1298,1498,694
1038,902,1011,729,1045,1549,619,704,1125,1295,473,729,1029,999,1602,676
1007,868,1046,730,1029,1671,630,700,1142,1308,466,751,1013,1075,1609,666
981,829,1156,729,1028,1632,645,660,1158,1495,480,789,1000,1315,1800,636
1023,827,1328,744,1010,1446,669,663,1022,1715,479,746,1009,1478,1490,648
1119,826,1293,797,976,1410,680,734,932,1774,482,706,1092,1478,1111,692
1167,830,1160,837,1018,1417,705,798,952,1743,511,704,1342,1462,1230,809
1175,844,1097,866,1156,1310,689,798,1022,1558,541,701,1453,1467,1505,818
1220,910,1091,896,1166,1292,674,742,1166,1322,541,675,1233,1372,1586,766
1093,983,1088,880,1113,1314,722,732,1235,1166,522,674,1071,1337,1430,805
1011,972,1104,849,1160,1376,851,738,1229,1248,522,719,1054,1248,1451,828
959,925,1172,857,1347,1290,902,735,1189,1559,528,745,1068,898,1500,873
989,951,1387,883,1321,1424,823,789,1089,1903,517,731,1080,648,1699,994
1026,933,1243,813,1144,1491,714,865,1024,1646,481,732,1091,569,1883,651
1205,957,1242,925,1144,1693,680,929,1098,1696,520,712,1387,649,1530,527
1144,1029,1234,909,1214,1674,762,856,1167,1479,538,722,1165,724,800,516
1121,1018,1259,923,1164,1500,802,760,1135,1395,532,688,1095,875,630,539
1111,1022,1256,988,1307,1468,846,734,1194,1529,561,716,1312,864,638,563
1097,1038,1269,1026,1511,1446,899,780,1139,1791,561,858,1345,786,819,575
1240,1072,1258,993,1409,1503,824,828,1081,1852,533,825,1193,714,984,517
1312,1071,1318,992,1267,1766,783,858,1053,1729,543,773,1215,727,972,484
1397,1040,1295,1131,1209,1936,792,866,1138,1633,567,779,1250,761,789,458
1352,1061,1414,1214,1184,1835,832,840,1251,1477,585,751,1172,1083,730,464
1190,1091,1453,1104,1225,1662,958,802,1237,1467,591,790,1350,1192,677,469
1157,1036,1406,1039,1573,1477,1121,784,1256,1745,631,832,1409,903,831,454
1198,1098,1416,995,1613,1461,1080,883,1122,1933,616,816,1387,822,1273,415
1452,1114,1311,979,1372,1708,890,1183,1095,1914,591,826,1406,737,1125,400
1715,1051,1317,1083,1242,1764,833,1212,1320,1606,592,899,1282,765,936,397
1666,1064,1464,1128,1197,1768,892,976,1541,1381,609,900,1310,1091,826,407
1260,1042,1475,1040,1253,1550,1052,847,1583,1487,595,862,1500,1223,756,400
1111,1001,1396,1027,1574,1465,1183,831,1389,1874,591,862,1493,1573,879,418
1148,997,1321,1040,1535,1490,1005,879,1185,1972,594,836,1468,1322,1205,421
1417,1021,1266,1144,1300,1729,912,959,1178,2033,640,825,1365,1056,1315,438
1596,1021,1277,1350,1264,1711,842,1040,1307,1733,702,871,1240,1101,1751,470
1450,1057,1266,1290,1309,1718,848,959,1445,1548,650,876,1362,1393,1406,544
1157,1045,1292,1171,1523,1548,940,841,1521,1624,597,965,1564,1771,1235,486
1085,1078,1346,1228,1690,1543,1054,845,1251,1969,591,1053,1547,1481,1425,409
1237,1076,1376,1146,1586,1819,920,1094,1136,2035,626,888,1674,1366,1744,359
1285,1021,1343,1084,1388,2057,858,1227,1252,1774,687,831,1515,1108,1593,331
1262,1073,1355,1066,1394,1954,832,922,1511,1522,650,819,1344,1124,1422,321
1152,1107,1367,1044,1316,1744,899,801,1579,1539,606,894,1458,1357,1263,318
1111,1106,1407,1154,1470,1563,1281,920,1209,2006,637,941,1354,866,962,289
1285,1083,1624,1135,1547,1694,1079,1367,1148,2136,704,1028,1380,1041,764,284
1603,1098,1426,1243,1414,1742,956,1554,1354,1765,844,927,1540,1008,756,272
1623,1209,1389,1278,1324,1797,948,1166,1773,1490,860,854,1616,674,919,255
1257,1154,1363,1169,1406,1729,1069,963,1823,1525,732,1050,1491,533,1153,239
1135,1107,1536,1189,1739,1630,1198,956,1459,2077,696,1263,1345,570,834,233
1236,1044,1674,1227,1583,1743,1129,1337,1255,2243,693,1277,1761,649,582,226
1560,1108,1408,1223,1383,1993,999,1584,1501,1930,874,990,1857,606,559,221
1459,1372,1303,1183,1389,1850,1061,1097,1843,1542,842,920,1650,492,656,219
1178,1174,1308,1108,1513,1670,1370,975,1785,1667,723,1069,1449,472,632,213
1144,1015,1714,1204,1655,1711,1442,1096,1352,2127,694,1418,1406,521,530,215
1450,991,1764,1201,1387,1812,1177,1433,1311,2302,745,1221,1748,593,480,214
1491,1126,1358,1102,1551,1867,1149,1357,1537,1820,1049,1011,2024,570,508,211
1281,1412,1268,1044,1651,1705,1134,1188,1731,1621,919,960,1682,510,600,211
1161,1153,1331,1152,1331,1804,1162,1080,1693,1825,733,1086,1349,561,628,211
1127,1009,1889,1134,1290,1893,1109,1199,1552,2075,723,1280,1332,745,538,211
1201,990,1813,1091,1371,1667,1077,1218,1524,2154,853,1128,1769,798,551,215
1260,1079,1288,1061,1703,1543,1099,1081,1493,1992,899,1010,1883,856,691,217
1123,1198,1180,1088,1558,1696,1036,1198,1340,1938,784,1026,1685,882,855,224
1219,1101,1260,1180,1214,1967,990,1223,1460,1803,774,1263,1370,1167,932,235
1208,1096,1613,1204,1242,1785,1024,1135,1564,1632,768,1106,1579,747,857,234
1103,989,1374,1094,1676,1533,1328,963,1480,1820,788,1125,1621,658,1254,251
1063,976,1386,1095,1756,1648,1038,1012,1262,2032,678,1106,1665,756,902,272
1208,929,1402,1103,1236,1968,988,1302,1246,2019,725,1057,1654,873,672,274
1422,1068,1218,1201,1319,1937,1034,1129,1603,1599,915,911,1787,665,749,256
1203,1106,1190,1127,1307,1614,1120,1011,1709,1505,818,883,1643,655,912,254
1190,1107,1248,1255,1522,1650,1213,1002,1407,1784,700,1098,1259,774,849,245
1143,968,1695,1241,1401,1657,1040,1181,1431,1874,683,1234,1219,930,680,249
1377,950,1617,1088,1436,1657,1108,1315,1504,1845,776,1042,1711,1160,766,253
1426,1058,1243,1061,1599,1560,1244,1072,1437,1863,925,932,1866,992,893,250
1167,1158,1198,1066,1283,1791,1038,1057,1298,1919,764,904,1432,902,1332,261
1245,1044,1289,1172,1229,1990,1061,1272,1485,1766,740,1033,1265,1253,1124,263
1357,1068,1447,1195,1193,1618,1115,1066,1756,1649,717,990,1371,1188,872,261
1185,1035,1345,1113,1374,1476,1249,923,1554,1722,737,987,1599,1003,1030,267
1064,1071,1352,1148,1666,1512,1327,1020,1288,1791,687,1059,1588,1006,1355,270
1131,1020,1412,1093,1348,1561,1096,1548,1241,2022,692,1070,1534,1134,981,278
1400,1024,1264,1055,1289,1703,994,1285,1498,1600,1003,921,1702,1145,1011,286
1186,1270,1197,1019,1422,1727,973,1092,1683,1488,947,899,1554,1211,1096,301
1053,1090,1210,1026,1224,1753,1113,914,1532,1668,713,969,1228,1330,1213,309
1054,996,1393,1022,1126,1847,1064,973,1517,1972,680,1241,1191,1479,1188,339
1108,940,1560,1023,1171,1644,1043,999,1471,1890,683,1257,1606,1454,1293,374
1009,987,1314,967,1430,1470,1051,958,1259,1872,636,1030,1887,1468,1317,382
1043,976,1275,914,1181,1461,996,991,1180,1637,654,956,1607,869,1576,385
1170,954,1297,980,1083,1604,876,1139,1139,1521,704,859,1412,674,1357,391
1187,921,1245,955,1143,1710,912,972,1509,1375,754,858,1515,758,986,392
1023,1108,1101,1002,1092,1482,963,876,1559,1304,663,803,1272,1001,848,371
1041,938,1123,1040,1133,1478,998,881,1221,1439,618,976,1094,1168,806,389
1013,922,1371,1147,1102,1483,1027,936,1307,1691,599,1162,1060,1068,923,436
958,855,1273,1005,1148,1377,978,863,1193,1780,576,872,1183,852,1013,501
1033,896,1138,984,1277,1394,987,975,1206,1532,626,802,1644,934,1146,517
996,865,1123,953,1341,1402,971,906,1222,1651,612,808,1370,668,935,484
982,861,1126,886,1150,1575,872,1124,1121,1528,582,759,999,741,750,497
1155,832,1071,931,1203,1692,791,1052,1317,1398,694,758,1201,725,764,629
1113,974,1073,941,1248,1552,872,871,1472,1461,635,784,1178,1037,757,925
951,858,1011,849,1073,1567,949,764,1173,1400,555,832,975,916,759,1040
955,822,1123,995,1041,1537,903,751,1089,1460,570,806,963,1195,709,757
903,830,1110,921,1047,1478,876,884,1156,1553,562,877,1072,1606,857,867
893,823,1084,847,1052,1335,838,923,1011,1386,589,749,1325,930,851,1274
840,821,977,804,1247,1287,833,807,1052,1332,653,712,1051,668,1068,1194
893,939,1024,837,1293,1303,852,828,1150,1402,619,731,995,608,1482,1187
918,965,1021,808,1069,1423,878,777,1142,1154,596,710,901,581,885,1274
973,860,1078,976,1057,1554,866,813,1144,1251,595,848,1005,584,668,1507
955,823,1138,990,1046,1504,858,806,1206,1323,626,895,1024,764,643,1275
904,822,1093,864,1124,1327,921,815,1163,1319,596,816,1056,852,637,691
905,825,1056,875,1193,1259,1036,790,1127,1390,567,906,1243,705,625,606
920,853,1077,866,1112,1291,942,788,1110,1473,562,928,1259,663,708,594
939,848,1095,852,1061,1358,919,928,1065,1379,554,844,1181,655,805,589
961,806,1046,856,1087,1395,897,992,1056,1299,562,767,1296,591,724,625
1041,793,1004,780,1089,1424,838,858,1096,1274,551,750,1318,593,628,697
1029,727,976,821,1067,1429,847,791,1293,1291,651,737,1070,639,723,696
941,799,1013,828,995,1277,995,813,1121,1393,571,719,966,907,587,674
971,829,982,911,1042,1295,999,773,1074,1435,643,706,1115,766,597,752
963,848,972,958,1066,1288,933,772,1085,1442,675,716,1227,613,636,768
947,933,992,968,1030,1288,896,761,1088,1397,669,705,1050,567,686,760
1000,981,1002,981,1030,1348,886,807,1074,1356,623,741,921,559,742,777
1163,994,989,1057,1060,1423,858,861,1054,1210,581,842,877,568,686,718
1310,992,1045,1282,1111,1398,857,901,1077,1218,581,1011,899,618,623,671
1197,954,1124,1216,1128,1350,881,902,1172,1219,563,1070,951,665,580,670
1199,989,1205,1058,1117,1298,893,850,1329,1212,549,884,1071,774,573,678
1100,930,1224,943,1146,1291,888,781,1333,1171,539,787,1207,847,567,656
1007,881,1197,935,1224,1310,975,777,1206,1229,542,787,1255,781,580,644
993,882,1161,983,1352,1355,923,748,1130,1424,547,775,1147,626,618,650
982,893,1136,884,1394,1424,898,838,1054,1694,533,773,1130,576,739,660
1019,879,1146,888,1228,1461,807,901,1024,1677,507,728,964,548,765,668
1081,866,1149,896,1098,1538,845,925,994,1489,510,680,925,499,636,739
1189,850,1081,911,1089,1546,844,902,996,1397,532,652,949,507,576,844
1307,850,1038,946,1123,1530,857,866,1000,1315,556,669,1021,520,549,897
1280,846,1018,895,1108,1483,827,818,1015,1144,555,666,972,504,525,723
1176,903,1054,827,1116,1469,791,796,1088,1149,531,662,905,499,542,593
1073,968,1033,853,1058,1409,803,754,1132,1089,502,651,825,489,546,528
1044,1014,1040,857,1017,1409,839,735,1199,1082,508,638,807,487,544,499
1053,992,1040,838,1014,1446,854,731,1191,1070,522,636,800,489,525,484
1078,987,1057,830,1047,1468,907,754,1140,1168,517,667,814,497,508,484
1097,964,1062,879,1053,1412,865,765,1094,1258,505,711,792,484,496,485
1101,914,1073,965,1050,1380,808,750,1104,1352,519,766,777,475,497,474
1096,894,1072,1028,1029,1387,823,740,1166,1370,527,814,762,483,495,492
1058,889,1060,1067,1026,1370,804,752,1175,1361,541,806,745,508,495,508
1048,869,1121,1096,1017,1351,790,771,1205,1385,554,747,746,527,479,494
1015,845,1157,981,1008,1317,808,790,1117,1344,529,693,748,517,471,493
1000,862,1193,903,1018,1267,756,789,1041,1303,524,669,754,529,463,474
1017,901,1209,912,1031,1256,763,788,1045,1301,524,691,799,558,467,482
1061,942,1207,961,1059,1245,781,775,1102,1314,542,712,827,561,465,487
897,827,981,767,962,1117,758,718,931,939,492,671,697,439,435,449
1003,952,1104,934,1042,1223,720,714,1151,1235,591,656,796,511,466,454
1033,945,1168,909,1214,1313,866,814,1169,1377,579,734,931,515,554,562
988,904,1100,834,1140,1280,795,765,1098,1227,548,689,843,469,523,516
1010,950,1120,869,1103,1297,733,734,1135,1235,561,670,817,473,518,473
1024,986,1120,864,1133,1308,759,767,1138,1215,554,669,824,474,522,476
1019,989,1109,839,1114,1308,755,767,1115,1202,536,673,794,460,519,468
1018,1011,1113,833,1117,1312,739,764,1120,1196,539,658,799,454,523,452
1045,1029,1126,834,1113,1342,750,788,1130,1206,536,666,802,458,528,463
1043,1015,1115,809,1088,1348,756,788,1109,1192,525,668,799,450,531,455
1065,1013,1110,822,1084,1351,763,794,1090,1176,521,672,798,445,524,456
1103,1016,1114,830,1073,1369,773,798,1081,1180,522,669,800,450,522,453
1137,1019,1116,841,1078,1396,790,809,1073,1208,525,691,811,453,526,467
1168,998,1119,853,1068,1409,786,799,1067,1211,520,696,818,454,517,474
1165,999,1093,866,1050,1387,760,762,1052,1165,523,697,798,448,499,455
1172,988,1093,864,1063,1404,783,777,1030,1187,523,720,806,447,500,472
1189,1001,1097,893,1062,1415,775,764,1043,1222,526,709,814,455,497,475
1184,975,1096,899,1058,1414,778,765,1044,1222,524,722,811,447,490,482
1193,961,1103,909,1051,1420,766,755,1046,1214,529,723,810,446,483,470
1196,951,1098,922,1055,1433,772,764,1028,1211,525,733,827,448,487,475
1186,939,1069,913,1035,1407,757,734,1008,1167,532,723,796,443,471,460
1231,941,1105,946,1050,1444,773,746,1037,1244,541,739,831,456,479,478
1223,928,1094,944,1044,1452,776,747,1032,1250,536,745,824,449,471,484
1234,920,1100,959,1043,1486,773,747,1041,1263,538,744,833,455,470,476
1233,912,1092,948,1036,1468,759,737,1030,1238,537,740,823,453,465,470
1248,916,1098,955,1035,1479,762,740,1034,1245,540,743,830,458,465,475
1243,914,1100,953,1033,1479,764,740,1040,1244,538,745,828,456,466,474
1244,912,1096,951,1029,1475,764,733,1041,1237,539,740,820,456,464,467
1246,909,1103,949,1029,1488,766,737,1041,1248,539,746,822,458,462,474
1250,910,1107,955,1027,1483,760,738,1048,1250,540,747,826,462,461,471
1248,910,1102,952,1029,1484,761,738,1050,1244,541,741,821,460,462,468
1252,911,1108,951,1024,1489,763,737,1061,1252,537,738,825,458,456,466
1246,912,1108,950,1026,1487,760,737,1063,1248,539,742,825,460,458,464
1249,911,1112,954,1026,1488,760,735,1067,1255,540,743,824,460,461,468
1251,912,1111,950,1026,1487,760,736,1069,1256,537,746,823,459,460,467
1256,911,1112,954,1026,1486,758,734,1071,1252,536,743,825,463,460,465
1256,912,1112,954,1026,1485,758,735,1074,1252,538,746,828,462,457,465
1257,910,1112,952,1024,1487,758,737,1073,1255,539,748,830,462,458,467
1248,902,1109,943,1018,1483,743,728,1065,1246,531,740,822,458,454,462
1248,901,1108,943,1017,1480,743,729,1064,1245,531,742,820,457,456,459
1251,899,1106,942,1019,1479,741,729,1062,1248,533,739,821,456,456,463
1168,825,1078,856,1009,1450,741,725,973,1186,492,739,796,429,450,459
1162,905,1036,932,916,1274,643,637,1016,1071,544,669,705,425,406,388
1554,1018,1309,1194,1093,1833,833,848,1311,1487,582,841,1040,602,527,609
1401,1006,1184,1143,1020,1617,802,763,1217,1311,579,808,837,512,459,523
1419,963,1219,1089,1062,1720,855,842,1178,1363,561,877,921,506,498,606
1478,995,1247,1158,1056,1735,818,806,1239,1410,570,821,940,546,491,569
1452,999,1221,1146,1042,1696,815,791,1231,1371,576,824,895,527,480,553
1435,982,1219,1123,1052,1705,832,810,1208,1365,570,847,905,516,487,576
1454,984,1235,1135,1058,1724,828,817,1217,1387,569,842,927,529,493,581
1466,999,1236,1153,1051,1720,821,804,1236,1390,572,825,919,536,486,567
1447,996,1219,1140,1046,1700,823,801,1218,1362,572,833,898,521,480,563
1445,981,1227,1127,1054,1720,833,820,1209,1377,565,849,920,523,490,583
1467,994,1237,1151,1053,1727,822,808,1233,1396,571,833,927,535,488,573
1454,996,1222,1143,1046,1706,819,800,1226,1372,571,829,903,525,481,561
1446,984,1225,1131,1053,1717,832,813,1214,1378,566,846,917,523,487,580
1463,991,1233,1147,1055,1730,825,812,1228,1394,570,839,924,533,491,578
1458,993,1227,1146,1049,1717,821,804,1231,1384,572,833,912,528,484,572
1454,989,1226,1141,1048,1720,826,810,1220,1382,567,841,914,526,485,578
1450,997,1231,1148,1051,1736,828,814,1222,1400,570,848,918,531,487,584
1448,994,1226,1152,1057,1744,827,816,1214,1415,567,866,927,523,492,594
1453,993,1223,1152,1058,1749,827,816,1218,1423,567,871,926,527,495,599
1450,998,1218,1159,1059,1743,823,806,1229,1430,570,885,926,530,494,599
1443,995,1220,1160,1061,1747,825,806,1223,1419,567,902,927,520,496,609
1449,1010,1220,1168,1067,1757,823,811,1230,1437,568,911,939,518,498,618
1442,1027,1216,1186,1064,1768,818,809,1234,1442,567,900,931,518,500,618
1431,1029,1213,1187,1066,1786,817,810,1228,1447,566,912,908,513,501,633
1427,1071,1213,1181,1066,1785,819,800,1215,1451,561,919,913,517,512,654
1437,1120,1208,1172,1068,1791,823,814,1235,1462,557,928,919,507,523,658
1435,1161,1205,1172,1079,1793,828,839,1226,1513,556,915,925,507,539,650
1456,1223,1198,1145,1090,1807,838,853,1227,1539,556,876,917,498,563,640
1516,1299,1198,1164,1094,1832,859,871,1296,1565,559,848,916,508,609,645
1497,1344,1171,1139,1104,1822,890,882,1307,1617,556,819,916,491,627,648
1532,1377,1168,1130,1139,1877,943,918,1324,1646,553,826,942,493,702,680
1514,1444,1152,1120,1157,1863,981,918,1343,1662,561,800,961,489,744,667
1469,1444,1140,1091,1246,1883,1041,932,1385,1705,572,824,981,490,818,654
1419,1390,1114,1059,1297,1882,1127,950,1409,1726,601,826,1005,494,909,644
1406,1386,1106,1055,1386,1827,1239,968,1388,1762,656,845,1017,518,1016,649
