1060,774,958,671,817,1293,543,507,790,1383,348,550,884,350,384,405
1055,766,961,663,833,1306,562,523,783,1383,344,560,893,344,390,419
1064,769,969,669,834,1315,553,520,789,1410,344,555,911,350,390,418
1061,773,962,672,825,1301,543,511,793,1396,346,553,889,351,385,410
1057,769,962,664,831,1307,563,524,786,1392,343,561,893,343,390,420
1067,766,971,670,840,1320,562,527,792,1419,342,559,917,352,394,423
1072,776,972,679,830,1313,546,515,800,1418,352,553,905,352,391,416
1069,776,966,678,837,1313,567,528,798,1414,350,561,908,351,391,424
1081,785,980,687,854,1325,579,550,814,1454,354,563,942,355,396,441
1082,787,988,687,854,1329,569,545,818,1461,354,559,929,360,396,439
1079,789,994,683,857,1340,567,546,819,1462,353,562,929,362,392,440
1076,797,1000,687,874,1352,578,555,823,1484,352,567,947,364,393,446
1075,802,1011,699,871,1344,581,553,832,1502,361,573,955,377,396,445
1080,808,1018,705,865,1337,588,557,844,1520,373,579,944,386,396,444
1077,809,1019,713,866,1339,616,564,857,1522,373,597,932,378,398,438
1079,827,1046,687,874,1359,620,564,869,1517,384,605,941,384,394,445
1088,847,1047,697,878,1393,633,570,890,1534,398,607,951,399,387,440
1100,857,1022,708,885,1379,633,565,932,1544,397,628,926,404,386,424
1098,861,1024,697,884,1384,644,566,943,1544,400,640,910,396,389,421
1120,863,1038,711,915,1398,650,573,961,1572,402,636,940,407,390,420
1144,882,1041,722,915,1380,628,574,989,1599,406,637,921,410,385,413
1179,878,1057,743,929,1386,645,585,1011,1583,410,638,873,397,383,399
1221,865,1062,767,956,1407,658,596,1035,1588,400,629,861,396,382,403
1245,843,1074,777,957,1419,671,607,1061,1611,408,641,821,396,380,379
1305,869,1031,761,980,1445,703,613,1061,1617,415,643,847,391,382,379
1326,903,1018,755,993,1465,695,629,1099,1596,440,648,838,401,392,365
1334,897,1011,794,1000,1494,701,654,1149,1593,460,643,867,400,409,369
1348,904,1003,835,1046,1501,698,687,1153,1591,453,627,862,398,415,373
1409,933,1008,838,1086,1508,705,720,1151,1514,450,633,865,384,425,372
1474,942,1006,843,1126,1532,718,795,1175,1492,477,631,881,374,439,372
1407,942,1009,844,1122,1510,710,835,1219,1526,486,596,890,385,448,382
1383,938,1015,881,1147,1483,714,888,1237,1445,464,600,851,390,458,390
1306,933,1011,937,1181,1472,757,918,1279,1404,467,600,811,413,477,418
1306,966,1021,985,1247,1472,795,961,1309,1359,460,598,818,443,489,441
1319,951,1025,1022,1298,1494,859,942,1323,1263,447,600,793,473,503,451
1260,987,1049,1025,1395,1514,950,948,1289,1264,441,603,802,479,489,481
1241,997,1088,1125,1447,1514,1039,950,1240,1245,450,615,804,517,477,473
1186,1051,1091,1188,1360,1484,1130,930,1221,1250,446,623,771,562,481,472
1195,1081,1186,1318,1362,1556,1194,1031,1263,1320,485,651,820,648,529,501
1131,1111,1232,1352,1345,1589,1231,1149,1247,1308,497,682,857,710,574,534
1123,1117,1250,1430,1341,1581,1195,1162,1181,1243,512,682,821,648,611,510
1198,1148,1325,1386,1416,1656,1123,1098,1201,1247,539,692,856,668,637,553
1301,1203,1352,1383,1355,1616,1158,1046,1188,1218,543,686,854,690,682,588
1460,1215,1408,1361,1419,1539,1252,1066,1167,1161,568,719,867,740,733,698
1575,1248,1388,1381,1465,1496,1245,1058,1174,1150,578,701,917,800,779,763
1558,1261,1258,1347,1509,1469,1245,995,1138,1096,558,709,838,852,718,750
1636,1314,1239,1364,1531,1474,1189,1000,1203,1083,579,710,849,1002,655,711
1688,1324,1278,1426,1535,1571,1252,1070,1197,1105,585,755,880,1048,658,683
1238,1192,1344,1352,1382,1661,1222,1080,1178,1314,605,731,923,856,659,455
1369,1221,1448,1304,1416,1580,1232,1025,1128,1364,662,739,903,865,623,411
1673,1246,1461,1329,1613,1566,1338,1072,1163,1478,611,801,945,947,616,383
1777,1336,1366,1346,1579,1481,1279,1020,1318,1495,662,825,922,890,636,356
1844,1419,1356,1498,1564,1519,1311,1121,1394,1571,712,841,1000,896,702,359
1747,1310,1279,1568,1457,1470,1267,1023,1413,1348,735,817,910,880,583,330
1845,1286,1396,1535,1492,1499,1291,1191,1472,1347,733,819,1061,1053,633,323
1888,1237,1396,1494,1405,1394,1282,1265,1472,1219,695,802,955,995,651,311
1845,1260,1536,1558,1461,1437,1308,1362,1414,1433,718,843,959,958,751,312
1853,1282,1361,1393,1455,1384,1431,1363,1254,1309,696,864,897,952,747,295
1819,1431,1290,1517,1346,1459,1466,1428,1370,1247,708,849,962,1052,688,278
1530,1403,1276,1429,1362,1472,1628,1489,1415,1108,720,836,1161,1107,603,262
1440,1238,1131,1340,1292,1451,1567,1244,1303,930,696,807,995,1030,592,238
1478,1278,1137,1381,1434,1390,1763,1290,1275,1011,725,853,882,894,854,239
1430,1175,1137,1336,1491,1369,1649,1402,1135,1041,688,1001,863,846,799,231
1441,1115,1235,1500,1394,1445,1581,1341,1110,1350,769,902,1174,1132,764,219
1645,1137,1194,1553,1370,1613,1683,1209,1198,1537,885,758,1205,1188,914,210
1767,1179,1203,1444,1348,1688,1748,1114,1306,1485,714,863,1231,1085,854,205
1636,1154,1245,1398,1536,1675,1593,1022,1386,1527,667,1035,1141,1104,755,184
1642,1139,1213,1346,1755,1685,1519,1115,1405,1521,865,1065,1199,986,775,174
1578,1147,1268,1498,1758,1664,1335,1177,1390,1407,924,1017,1214,883,766,169
1673,1133,1371,1690,1702,1707,1350,1248,1398,1389,891,968,1077,816,796,158
1709,1206,1344,1692,1751,1718,1398,1265,1371,1389,857,964,1119,880,659,148
1589,1295,1306,1641,1673,1642,1473,1353,1336,1461,835,957,1183,857,559,144
1408,1232,1389,1547,1672,1718,1490,1300,1294,1559,810,889,1364,681,529,139
1568,1241,1474,1598,1622,1694,1518,1212,1360,1461,719,927,1254,594,554,131
1481,1323,1419,1609,1667,1715,1480,1162,1474,1446,796,1040,1246,609,567,128
1465,1383,1363,1614,1690,1756,1487,1278,1385,1467,834,1089,1277,604,580,128
1571,1319,1355,1669,1648,1837,1419,1290,1388,1431,956,1023,1225,645,629,132
1487,1279,1277,1693,1769,1670,1477,1407,1428,1516,919,1073,1260,699,667,131
1391,1208,1151,1625,1873,1575,1517,1274,1334,1496,904,1054,1239,702,650,133
1343,1147,1159,1752,1583,1634,1594,1342,1434,1543,887,1047,1273,808,674,134
1268,1050,1118,1673,1569,1616,1551,1259,1408,1498,815,1044,1197,769,809,133
1382,1068,1280,1615,1606,1769,1532,1249,1466,1605,858,1019,1366,871,726,134
1541,1130,1259,1648,1634,1681,1517,1431,1522,1642,895,1009,1486,881,664,134
1548,1177,1323,1644,1739,1785,1531,1405,1495,1663,933,1144,1604,848,917,132
1413,1185,1329,1643,1732,1809,1591,1490,1550,1604,906,1214,1729,843,773,133
1476,1227,1481,1797,1820,1734,1655,1501,1585,1701,1075,1218,1537,1035,781,135
1446,1289,1386,1680,1885,1683,1702,1450,1517,1742,994,1430,1480,899,804,136
1437,1334,1404,1918,1714,1792,1716,1529,1600,1680,1259,1287,1509,921,783,137
1235,1281,1357,1729,1699,1591,1662,1481,1605,1722,1115,1157,1517,1001,697,136
1142,1311,1208,1705,1821,1645,1741,1558,1556,1710,1063,1217,1483,971,796,143
1227,1240,1329,1728,1535,1510,1712,1629,1595,1661,1060,1254,1430,856,821,142
1405,1209,1425,1659,1796,1656,1904,1674,1652,1754,1059,1283,1499,1096,900,151
1201,1230,1224,1519,1274,1408,1773,1525,1511,1368,1036,1063,1166,998,662,136
1256,1349,1359,1621,1543,1651,1941,1725,1618,1721,1124,1140,1429,1175,985,158
1176,1139,1341,1447,1498,1520,1969,1656,1355,1547,855,1203,1196,1016,805,149
1231,1312,1263,1535,1442,1548,1875,1517,1594,1440,1017,1043,1453,1135,809,151
1209,1328,1150,1555,1532,1511,1971,1532,1506,1533,978,1072,1528,1064,1051,164
1182,1130,1137,1530,1457,1431,1755,1453,1388,1549,908,1155,1415,1170,905,154
1368,1139,1542,1560,1475,1584,1810,1597,1489,1719,1046,1246,1602,1213,1016,169
1477,1283,1436,1412,1492,1711,1822,1413,1578,1783,1018,1274,1569,1217,926,170
1296,1356,1297,1367,1353,1538,1692,1339,1545,1680,1032,1146,1372,1110,848,160
1362,1306,1354,1508,1781,1605,1717,1625,1692,1671,1075,1272,1588,1198,1134,180
1251,1219,1258,1518,1496,1487,1707,1568,1474,1677,1033,1213,1464,1244,924,173
1353,1241,1305,1565,1450,1575,1841,1542,1540,1635,1023,1182,1549,1291,1101,173
1278,1251,1256,1512,1459,1564,1839,1594,1619,1583,1053,1243,1568,1328,1163,182
1226,1256,1196,1443,1542,1593,1875,1545,1494,1568,1044,1285,1592,1387,1097,178
1183,1115,1303,1504,1493,1647,1807,1653,1470,1822,1055,1212,1483,1327,1205,179
1254,1171,1317,1479,1531,1621,1781,1529,1544,1649,1046,1322,1400,1414,1076,175
1301,1302,1264,1546,1614,1570,1905,1454,1627,1667,1127,1216,1331,1353,1046,169
1274,1202,1335,1517,1558,1648,1810,1446,1557,1685,1004,1163,1372,1277,1065,168
1263,1177,1402,1584,1506,1718,1660,1685,1549,1599,966,1083,1416,1231,1317,174
1214,1363,1359,1545,1625,1663,1702,1503,1551,1677,906,1125,1394,1605,1143,180
1221,1335,1135,1579,1684,1586,1847,1498,1549,1492,958,1127,1361,1373,1124,180
1185,1171,1073,1619,1626,1461,1782,1569,1521,1586,959,1136,1572,1415,1198,182
1254,1026,1094,1583,1542,1470,1791,1486,1454,1496,945,1067,1596,1406,1198,192
1449,1031,1101,1546,1360,1525,1815,1516,1456,1444,899,1250,1552,1472,1275,195
1355,1034,1095,1407,1372,1552,1747,1398,1405,1543,1039,1274,1522,1481,1257,204
1374,1033,1193,1319,1416,1584,1734,1413,1410,1574,1058,1281,1676,1456,1188,221
1170,940,1142,1454,1621,1525,1572,1490,1660,1687,1079,1383,1647,1498,1319,339
1189,983,1173,1514,1519,1554,1576,1472,1557,1746,1134,1430,1495,1478,1246,350
1178,1060,1190,1500,1437,1595,1656,1579,1579,1781,1185,1371,1421,1471,1196,349
1156,1059,1280,1440,1428,1499,1662,1605,1622,1722,1224,1223,1364,1443,1262,353
1284,1123,1223,1392,1513,1471,1718,1468,1632,1643,996,1165,1229,1369,948,383
1280,1131,1161,1397,1358,1558,1776,1552,1583,1592,938,1087,1114,1289,778,371
1238,1086,1084,1437,1315,1632,1632,1545,1533,1750,884,1020,1173,1080,722,333
1160,1042,1045,1289,1411,1582,1739,1499,1459,1741,827,894,1253,977,897,356
1171,988,1030,1299,1518,1538,1743,1449,1582,1751,724,934,1285,996,887,423
1274,957,1153,1394,1517,1537,1709,1297,1575,1824,736,951,1313,1159,856,593
1291,962,1218,1394,1399,1529,1628,1347,1539,1579,744,1068,1351,1066,883,798
1275,1052,1265,1346,1376,1477,1527,1477,1561,1534,789,1080,1307,1025,1013,708
1376,1122,1259,1337,1407,1517,1499,1392,1512,1643,849,1116,1237,1117,1047,897
1372,1167,1208,1318,1325,1519,1590,1409,1376,1508,849,1109,1342,1148,1059,927
1343,1093,1234,1325,1355,1490,1540,1445,1399,1482,843,1013,1410,1182,1114,933
1277,1054,1244,1281,1421,1524,1455,1215,1421,1388,813,887,1291,1180,1052,959
1237,1076,1208,1275,1325,1434,1489,1176,1372,1243,703,992,1158,1206,970,1070
1203,1104,1161,1350,1342,1444,1463,1261,1328,1169,706,1032,1111,1150,814,1066
1213,1113,1131,1247,1330,1445,1395,1230,1200,1281,751,1009,1135,1062,731,1137
1213,1044,1194,1310,1307,1345,1394,1090,1169,1175,807,880,1211,927,779,1036
1182,1038,1176,1266,1271,1329,1433,1098,1180,1017,737,909,1143,864,774,962
1173,1102,1139,1237,1274,1281,1384,1037,1169,1051,713,907,1056,985,759,960
1126,1136,1057,1228,1170,1259,1343,922,1071,1122,706,1000,891,963,604,890
1113,1034,1043,1161,1136,1363,1270,985,1016,1071,721,969,858,924,559,831
1155,964,1053,1102,1063,1384,1198,966,1023,1101,742,852,795,723,542,785
1160,953,1011,1073,1045,1396,1045,841,1068,1065,722,733,719,609,504,673
1121,936,976,1001,1146,1377,1080,840,1068,1103,653,784,803,558,508,665
1090,928,951,953,1231,1388,1099,826,1020,1303,571,738,964,571,549,624
1019,914,915,978,1212,1389,1011,850,1059,1197,559,662,992,529,549,573
895,863,904,1046,1194,1328,919,815,1078,1164,540,665,934,502,581,577
877,807,1023,1102,1267,1370,945,844,1142,1293,528,719,1004,553,638,628
827,774,1031,1080,1121,1294,931,787,1065,1191,508,738,867,546,584,631
908,808,1025,1111,1143,1314,913,823,1183,1312,560,758,866,621,648,658
944,827,1013,1046,1170,1339,979,967,1111,1258,559,779,889,618,686,695
921,830,937,966,1064,1247,895,925,1075,1005,555,708,818,582,596,660
1010,927,958,1071,1109,1375,860,901,1208,1143,605,681,873,731,614,695
872,840,906,967,1107,1378,950,911,1086,978,532,707,856,668,637,737
826,842,864,961,1047,1255,957,835,1028,901,521,662,801,645,574,645
854,858,879,1007,1087,1169,998,886,1053,941,525,682,841,671,580,690
761,775,811,931,1065,1015,990,863,942,754,493,673,745,578,540,757
849,785,865,968,1172,1131,977,878,970,867,513,660,843,635,599,854
760,716,812,861,988,1012,955,780,805,716,472,650,734,539,554,758
825,761,862,971,928,1058,904,746,848,788,514,633,780,559,512,741
816,725,891,968,948,1169,1000,786,797,834,482,679,848,558,529,900
785,711,846,940,874,1117,909,683,769,755,473,626,798,548,480,794
840,750,878,999,880,1179,909,670,806,810,509,628,864,597,479,713
860,742,914,932,927,1253,951,712,817,811,484,667,914,594,518,715
803,749,861,835,877,1084,867,636,804,768,474,618,775,524,489,607
844,792,911,871,904,1116,863,654,862,883,496,655,830,543,548,632
842,791,908,814,971,1128,892,662,869,960,476,708,793,538,582,689
828,767,879,793,977,1114,845,642,835,1018,457,677,731,513,573,666
868,832,907,849,975,1145,793,623,879,1130,496,676,733,558,568,653
811,757,865,758,985,1166,830,641,805,1009,452,708,703,522,572,680
858,825,895,836,941,1215,704,618,878,994,492,639,679,577,533,633
872,803,908,862,959,1275,766,659,893,973,501,674,701,608,564,699
842,781,883,831,932,1229,747,645,881,843,479,656,663,559,549,660
891,828,927,933,933,1263,712,652,972,869,537,640,699,622,570,630
873,808,941,918,953,1233,760,690,1009,813,526,662,702,627,596,675
857,802,916,901,945,1145,730,672,988,745,514,637,654,579,557,649
942,818,972,984,976,1194,747,693,1066,825,552,634,706,633,562,661
900,790,933,929,970,1105,742,675,1017,743,524,634,644,576,532,641
952,838,953,989,992,1107,736,670,1035,788,555,608,649,597,512,609
964,816,959,953,1070,1114,775,724,987,799,518,642,659,594,542,659
946,802,908,907,1038,1026,756,690,932,729,499,592,592,564,489,563
1004,892,952,968,1058,1071,773,718,1001,819,539,593,629,622,487,568
988,820,921,891,1089,1058,821,780,917,776,496,613,625,582,501,592
983,842,912,920,1048,1010,766,709,907,769,504,581,604,595,479,539
995,858,939,927,1078,1074,804,749,915,805,504,600,642,625,493,559
979,828,905,867,1060,1042,781,756,875,752,490,588,612,572,464,530
999,844,919,884,1066,1043,769,765,869,772,485,591,616,598,459,522
988,847,865,860,988,1017,765,789,795,724,467,578,616,584,424,480
992,847,867,862,996,1031,757,805,795,728,462,571,624,582,422,482
989,847,861,854,987,1015,737,800,788,712,465,565,614,560,413,471
990,842,861,849,992,1012,737,805,780,711,464,568,615,555,411,472
996,846,863,851,992,1010,744,803,780,712,465,570,614,555,411,476
1002,850,863,856,983,999,743,793,779,706,463,573,608,551,410,467
1000,848,861,853,982,1001,748,799,777,702,462,577,614,550,412,468
1004,849,861,853,982,1005,749,798,777,701,462,574,615,553,410,464
999,843,858,845,973,999,745,797,772,699,457,572,614,543,409,458
1009,852,865,859,982,1025,748,806,782,709,469,574,627,556,415,463
1002,854,857,859,970,1006,754,802,780,699,462,578,619,551,410,459
999,842,856,853,968,1018,758,812,776,702,454,574,626,548,415,462
1010,848,860,864,964,1020,744,796,783,711,459,568,626,553,410,453
1006,846,859,860,965,1020,752,804,779,710,455,573,627,554,413,460
1005,841,857,856,970,1025,757,806,782,708,453,573,629,553,415,462
992,835,847,847,954,999,745,795,774,692,452,566,619,546,408,452
989,835,844,845,950,997,746,793,772,689,451,568,615,553,406,451
983,836,839,843,943,986,743,789,768,679,453,566,610,541,404,450
978,827,837,836,945,984,747,791,763,678,447,568,609,540,404,450
987,831,843,845,945,986,735,784,767,684,450,559,609,545,408,448
981,827,841,836,948,986,742,788,763,683,448,563,609,542,405,449
973,793,838,807,945,986,739,790,750,678,434,565,606,537,404,446
846,774,758,718,836,854,667,693,688,535,427,522,509,469,362,400
1104,942,927,978,1037,1094,755,851,889,830,532,573,722,761,461,497
957,816,818,822,994,978,847,860,774,662,451,628,639,592,437,530
987,840,837,873,987,1008,749,809,806,705,459,566,655,625,420,474
1005,868,845,900,982,1009,757,810,823,719,473,570,655,635,419,480
999,865,841,899,993,1006,781,836,822,718,474,582,657,638,424,496
1001,856,839,900,992,1010,777,833,822,721,473,583,657,641,426,494
1007,867,848,903,993,1014,778,830,826,732,480,583,661,648,426,494
1004,863,840,903,993,1007,777,830,825,723,474,585,655,643,424,497
1020,864,853,904,997,1023,773,831,829,743,473,580,667,647,427,495
1006,860,844,900,994,1015,770,829,824,728,473,581,661,640,423,492
1004,867,845,901,999,1020,781,839,826,728,476,586,661,643,428,502
1005,865,843,903,1004,1019,789,848,825,730,470,589,662,643,428,507
1011,870,847,910,1000,1023,778,837,829,732,470,586,662,648,427,500
1015,862,844,910,1006,1024,775,839,828,740,473,586,656,648,427,499
1014,859,847,906,1011,1015,765,829,831,744,474,590,651,650,428,496
1018,862,851,903,1011,1012,761,823,836,750,476,588,649,658,428,496
1030,875,860,888,1014,1008,757,815,837,754,479,589,638,645,430,501
1020,892,848,875,1002,998,774,816,830,729,474,584,627,623,419,498
1026,897,858,897,1009,1020,782,815,843,764,468,576,639,638,421,490
1017,892,870,893,1020,1020,777,800,856,774,474,578,638,648,424,480
1026,884,892,890,1024,1023,766,797,852,776,484,582,638,659,434,488
1031,886,895,882,1042,1019,769,789,858,784,481,583,629,645,426,492
1015,883,904,894,1072,1054,778,794,873,806,480,580,653,648,437,499
1029,877,924,887,1069,1044,760,771,886,873,502,584,641,648,449,514
1035,880,934,888,1083,1055,773,785,906,899,496,584,640,640,445,524
1020,858,946,903,1077,1050,771,767,934,910,506,586,638,623,462,532
1036,857,957,885,1111,1071,764,763,939,941,508,594,644,613,476,535
1028,848,953,910,1102,1092,753,742,975,925,519,595,655,619,489,547
1040,876,968,891,1110,1127,747,745,1004,920,509,604,664,596,501,567
1044,851,992,919,1093,1134,743,724,1032,922,520,606,679,603,529,588
1016,857,999,938,1060,1154,732,723,1067,901,520,610,709,616,530,602
1025,882,1012,918,1023,1187,732,726,1065,924,520,622,710,590,530,623
1013,869,1024,908,995,1214,737,732,1044,944,520,639,729,616,564,612
997,881,1040,904,986,1263,722,733,1046,968,522,637,730,622,577,612
981,893,1063,863,983,1301,723,756,1036,1000,505,657,737,600,589,599
972,864,1065,841,981,1381,720,732,1014,1041,488,688,756,604,595,568
963,867,1054,797,953,1410,699,719,987,1114,468,691,772,578,568,570
966,848,1042,778,987,1430,703,708,968,1160,446,720,801,550,573,576
976,850,1050,750,977,1404,683,694,973,1239,436,698,835,530,557,577
981,831,1056,743,1007,1312,682,679,973,1297,432,704,865,508,585,573
975,829,1090,736,982,1273,673,676,1003,1221,422,683,875,486,583,563
1000,840,1066,756,958,1248,687,677,1031,1203,414,675,945,488,573,602
987,819,1065,763,941,1264,681,657,1025,1163,408,653,1010,499,565,576
973,793,1059,745,915,1246,666,651,1014,1158,396,626,1035,502,557,549
955,776,1051,747,905,1269,653,657,975,1233,388,602,1066,513,539,542
944,773,1019,750,910,1272,632,659,967,1274,383,585,1090,558,531,551
931,780,1024,736,909,1240,630,701,954,1322,374,578,972,525,507,553
860,789,1120,735,989,1269,499,622,1003,1269,364,563,849,431,604,485
882,788,1118,759,1008,1289,497,614,968,1311,358,574,819,433,614,490
931,798,1091,786,1015,1315,482,620,978,1373,356,562,792,418,583,468
966,796,1084,768,1017,1358,484,624,956,1358,350,571,856,404,522,469
1006,808,1070,724,1012,1407,466,614,948,1291,346,571,863,389,515,487
1066,838,1161,759,1094,1519,479,689,1046,1481,349,606,979,409,584,543
1015,852,1138,735,1178,1494,488,695,1048,1449,344,610,1066,396,570,557
947,874,1136,718,1109,1504,481,646,1050,1431,339,591,1136,375,535,547
922,895,1163,701,998,1459,472,619,1090,1405,334,574,1006,357,517,455
941,891,1199,703,1002,1526,490,626,1047,1506,347,543,955,365,472,423
982,856,1215,685,986,1467,533,625,969,1522,359,532,914,363,463,409
1039,820,1265,705,1003,1433,640,655,990,1633,384,521,876,403,446,412
1073,802,1312,749,1004,1449,690,669,999,1554,404,546,804,424,449,419
1051,832,1238,773,977,1444,655,725,1063,1355,416,547,759,437,450,380
1095,911,1208,825,1003,1443,672,837,1069,1384,445,555,827,555,511,364
1075,869,1056,790,1035,1425,692,870,1067,1252,412,598,785,499,503,358
1158,985,1178,917,1110,1418,732,841,1373,1592,451,670,864,643,599,388
1208,922,1199,930,1087,1481,839,842,1399,1540,465,730,952,624,659,392
1156,961,1192,938,1085,1512,767,841,1270,1639,514,697,1108,711,662,389
1139,980,1271,948,1171,1554,744,956,1266,1790,531,698,1220,723,755,403
1178,955,1233,899,1216,1461,734,918,1281,1730,493,721,1211,668,709,390
1271,1027,1306,925,1222,1498,785,844,1433,1729,519,785,1159,790,798,373
1182,957,1275,897,1262,1596,927,796,1344,1663,472,842,1167,694,758,336
1156,956,1225,895,1184,1521,827,794,1249,1639,467,769,1194,660,682,303
1216,971,1391,934,1194,1670,890,1006,1222,1839,464,810,1393,726,793,306
1197,923,1269,898,1214,1628,832,1050,1235,1716,428,827,1383,663,752,273
1150,881,1238,916,1182,1556,683,915,1397,1626,437,716,1347,627,697,258
1124,879,1337,936,1215,1647,706,965,1494,1613,466,729,1504,596,750,251
998,852,1165,864,1184,1554,670,806,1355,1737,434,672,1224,526,709,222
980,851,1188,945,1224,1618,777,821,1347,1913,461,719,1295,560,672,210
961,849,1155,896,1168,1624,832,808,1161,1754,456,759,1208,473,596,196
1042,987,1155,950,1163,1604,840,856,1225,1796,543,643,1269,571,623,196
1074,996,1206,948,1202,1584,903,998,1270,1668,555,753,1368,828,578,205
1032,958,1224,911,1160,1556,960,1015,1373,1610,644,745,1159,888,570,206
1045,974,1362,949,1339,1623,1065,1060,1474,1672,789,890,1420,1000,768,228
983,933,1307,986,1221,1574,998,1056,1443,1804,712,944,1357,958,902,222
984,885,1294,1021,1175,1649,982,1129,1441,1894,747,1068,1492,1098,913,215
984,841,1298,990,1238,1576,918,1112,1544,1883,689,1202,1550,1028,913,221
919,825,1160,935,1312,1549,916,1089,1488,1740,661,1157,1746,1041,984,212
936,830,1104,902,1344,1619,887,942,1525,1924,690,1118,1722,976,939,210
988,809,1102,871,1235,1640,870,960,1369,1914,627,1076,1710,908,1035,202
986,858,1067,867,1200,1690,810,937,1415,1898,630,1053,1668,1117,929,202
1044,788,1085,810,1219,1625,869,931,1383,1839,655,1109,1671,1122,919,209
1056,781,1103,818,1139,1577,812,873,1343,1739,672,921,1693,1099,970,204
1081,809,1103,924,1136,1624,892,1026,1414,1831,693,1054,1685,1168,1130,205
1066,792,1020,962,1092,1543,928,987,1398,1766,572,1116,1538,935,1058,186
996,865,1049,1059,1178,1492,936,1030,1418,1814,598,1105,1698,1115,1064,182
1004,988,1065,1099,1272,1503,963,1051,1488,1797,607,976,1705,1087,995,182
1016,999,1071,1005,1265,1576,906,1071,1468,1789,610,893,1712,939,1061,172
1015,945,1231,985,1391,1593,1010,1011,1491,1851,603,952,1468,997,1008,172
1041,907,1302,1075,1337,1637,962,1064,1465,1878,658,905,1524,1192,949,175
1047,993,1308,992,1281,1677,901,1192,1452,1877,691,873,1504,1028,964,172
1021,923,1167,965,1290,1642,1019,1030,1525,1819,687,917,1478,1013,1150,171
1037,877,1239,956,1228,1604,1089,1004,1425,1827,666,1018,1473,1115,1038,174
987,885,1230,966,1244,1669,1063,1169,1386,1933,695,1091,1543,1233,970,176
985,958,1150,913,1218,1584,1080,1252,1499,1794,642,1038,1603,1021,1062,180
1021,933,1115,933,1212,1619,1078,1111,1570,1737,619,1094,1634,1010,1248,170
1081,931,1219,1008,1160,1562,1008,1240,1525,1818,639,983,1579,993,1012,168
1034,936,1189,963,1190,1543,1061,1140,1494,1926,649,985,1577,1057,1062,173
1051,953,1220,912,1247,1559,941,1134,1529,1870,648,1006,1649,949,1036,171
1057,1040,1229,878,1245,1563,893,1134,1480,1838,670,1061,1513,882,1097,175
1125,871,1222,890,1180,1636,939,981,1522,1898,662,1023,1584,1030,965,172
1073,837,1372,974,1122,1564,963,947,1432,1844,628,1008,1592,1067,892,178
999,902,1174,972,1097,1529,927,1117,1355,1874,585,1040,1558,1171,1016,180
967,1006,1069,944,1210,1476,977,1007,1433,1781,629,1041,1627,965,1042,181
976,907,1100,958,1161,1483,1060,1010,1431,1702,626,851,1588,1153,1174,187
970,908,1247,935,1175,1567,1090,1086,1400,1791,627,938,1510,1028,964,183
931,932,1209,995,1167,1545,1104,1177,1468,1840,670,1030,1416,953,1063,192
988,939,1183,972,1176,1505,1037,1158,1501,1758,700,991,1565,1223,1042,199
991,861,1182,985,1191,1515,1067,1196,1522,1798,660,1090,1620,1318,903,210
1022,868,1172,924,1182,1427,966,1079,1503,1817,637,1135,1532,1228,1210,277
941,866,1125,888,1161,1457,878,1079,1513,1776,601,914,1547,1278,1202,288
940,832,1111,801,1119,1470,895,982,1372,1819,562,910,1623,1167,1098,313
964,767,1128,735,1071,1426,883,940,1453,1899,560,894,1315,1152,1235,323
976,728,1101,768,1027,1394,923,977,1289,1701,535,850,1419,1206,1140,350
876,714,1018,802,934,1362,959,885,1287,1805,516,822,1348,974,1020,388
896,716,909,811,904,1307,806,904,1257,1551,533,773,1201,924,1034,375
913,762,909,843,957,1196,828,978,1319,1627,516,749,1301,949,963,446
914,785,920,798,995,1179,821,918,1465,1567,524,759,1134,945,944,469
939,762,971,846,1024,1235,814,936,1384,1571,500,785,1181,980,947,493
932,770,994,803,978,1292,751,865,1270,1682,462,778,1158,990,922,495
932,767,971,725,1039,1323,718,850,1248,1743,448,779,1165,842,911,540
904,723,921,702,1007,1296,721,797,1217,1610,439,711,1179,701,875,576
882,725,945,690,950,1305,666,768,1149,1473,432,685,1167,629,850,547
920,758,945,717,942,1379,691,784,1160,1603,470,673,1092,728,742,583
805,690,864,608,912,1298,726,752,1090,1460,404,709,976,622,688,657
824,711,882,605,863,1151,549,662,1070,1297,429,634,883,629,606,813
823,692,951,603,889,1249,564,735,1081,1505,404,685,1053,713,719,935
751,670,874,557,833,1204,498,660,1030,1250,369,677,968,641,629,888
804,711,876,577,807,1144,495,601,1074,1289,404,650,999,698,642,877
837,691,941,575,848,1239,686,628,1050,1366,414,660,1185,573,802,1021
748,626,855,531,758,1030,601,543,788,1062,379,564,887,473,636,860
824,695,903,578,748,1039,508,530,862,1195,484,523,837,663,577,913
848,668,892,604,815,1088,621,748,872,1301,470,636,816,778,576,955
712,613,785,568,749,976,560,619,803,833,395,623,656,529,516,873
781,717,833,717,757,984,548,566,954,957,486,614,756,586,633,756
791,759,835,728,828,985,682,638,890,1018,530,718,885,591,709,733
769,799,819,662,836,974,652,641,849,1017,495,654,901,562,608,837
821,869,875,680,908,1054,647,676,893,1110,520,670,995,619,600,892
834,869,976,700,975,1143,711,699,918,1097,478,805,978,603,634,852
790,772,955,630,865,1084,644,645,871,879,402,776,801,485,579,728
876,877,1038,781,846,1223,595,637,980,986,430,682,964,577,579,657
869,809,1138,704,912,1308,714,738,934,1087,396,772,1144,613,607,757
776,720,995,595,827,1114,542,652,854,967,359,665,968,518,511,708
816,740,1071,652,899,1154,487,676,1006,1178,403,616,1068,584,553,700
776,671,1066,620,984,1234,586,791,991,1142,366,637,1079,544,614,735
698,610,913,564,822,1105,495,611,936,889,351,561,800,449,519,618
760,673,980,659,870,1275,527,607,1142,1212,417,566,877,540,582,697
710,601,878,578,856,1289,623,630,939,1151,360,612,800,480,582,731
681,626,788,566,737,1102,470,501,835,1039,349,501,658,441,456,536
790,782,839,744,865,1221,537,613,1025,1467,425,559,879,573,523,613
728,652,788,611,877,1153,685,689,843,1356,340,648,796,480,533,703
692,672,732,571,732,940,457,532,754,999,333,488,558,410,411,491
887,837,926,865,882,1219,566,700,1018,1393,434,582,836,592,574,693
802,702,905,654,931,1185,769,755,877,1134,350,636,772,451,564,817
762,694,858,623,827,1016,527,574,897,925,359,522,649,403,450,602
831,716,1090,816,1016,1167,636,731,1116,1257,418,571,930,530,556,710
749,620,973,647,967,1139,726,739,923,1019,353,597,778,409,517,654
736,630,894,648,830,1126,506,617,918,989,359,512,658,395,430,464
820,671,970,766,961,1346,567,757,1030,1361,378,557,840,461,506,524
731,587,852,602,895,1258,528,710,880,1183,333,551,698,367,454,457
742,624,818,603,836,1227,453,626,938,1258,340,506,653,370,413,390
809,658,840,662,927,1335,484,711,1020,1407,360,555,771,407,466,434
772,612,780,577,898,1255,486,677,948,1166,326,549,691,348,434,408
845,622,797,570,847,1224,428,612,985,1184,332,522,690,361,401,357
782,613,733,543,794,1043,414,558,914,986,319,514,619,316,376,359
966,696,822,604,931,1275,432,630,1078,1288,364,543,802,356,445,411
846,609,777,537,885,1179,443,608,940,1084,312,544,694,312,421,393
879,680,786,543,805,1109,402,512,988,1094,333,474,658,309,365,306
976,695,855,589,905,1279,441,617,1066,1356,354,535,868,341,434,376
907,616,801,524,839,1176,430,589,891,1144,306,528,739,302,395,339
909,669,782,537,757,1093,385,476,900,1076,321,450,644,296,340,278
1040,668,847,569,877,1278,425,585,964,1288,329,532,869,329,399,334
980,662,803,540,767,1172,405,507,873,1155,321,499,689,301,351,292
1033,703,833,584,794,1210,409,519,949,1249,339,504,736,320,360,293
1051,693,844,582,826,1271,437,563,944,1297,345,551,750,324,369,322
1003,694,823,561,766,1196,420,504,875,1222,323,518,662,314,346,294
1011,717,854,591,792,1222,427,510,909,1309,337,523,678,333,353,303
975,720,854,593,776,1207,444,503,879,1280,328,530,664,327,350,307
936,718,829,582,755,1136,434,482,834,1212,319,518,635,321,336,302
916,714,875,581,741,1123,446,463,797,1202,317,501,671,320,341,313
937,717,881,596,755,1126,456,470,780,1198,318,510,683,326,347,317
921,709,876,578,731,1108,456,459,755,1143,309,497,670,317,342,325
935,712,874,585,733,1089,449,460,754,1130,310,498,683,314,343,316
943,720,871,598,741,1087,452,462,749,1154,314,500,688,322,346,324
933,710,861,588,740,1078,457,455,731,1120,309,498,671,312,340,330
943,717,872,595,740,1105,453,456,736,1134,312,483,685,316,341,329
944,716,868,594,743,1095,452,454,730,1116,308,483,678,313,337,329
948,717,872,594,750,1106,454,457,727,1113,307,488,692,314,343,334
952,718,873,592,744,1102,452,455,726,1100,308,485,693,313,338,334
962,718,870,589,744,1095,456,455,723,1096,312,493,694,310,337,332
961,716,866,589,748,1095,457,457,723,1091,309,488,694,312,338,336
962,719,868,593,746,1097,460,458,718,1102,309,494,695,313,341,335
961,717,867,589,744,1100,460,452,714,1095,310,494,688,313,340,329
955,717,869,588,740,1101,458,447,711,1094,309,488,685,311,341,324
952,718,871,588,740,1113,461,447,708,1099,310,491,686,308,339,323
950,719,868,588,740,1119,458,451,710,1096,310,492,687,311,339,326
954,720,872,592,740,1123,459,451,713,1101,312,490,689,313,339,327
976,727,880,603,735,1117,458,445,727,1123,311,485,684,321,339,328
959,726,879,586,748,1138,444,447,711,1115,311,470,705,312,342,330
963,729,873,592,737,1118,451,442,715,1106,314,483,689,317,336,326
961,729,877,588,753,1133,467,455,708,1115,309,493,712,316,342,341
948,720,867,578,744,1116,454,447,697,1098,306,487,698,308,341,331
949,719,863,578,733,1099,445,440,698,1084,304,480,686,308,334,321
955,725,867,584,739,1106,451,443,703,1092,308,482,697,310,337,325
950,721,867,579,738,1113,452,445,700,1094,305,482,698,310,338,328
947,720,864,580,738,1108,451,446,700,1093,308,484,698,309,340,329
954,721,868,581,738,1113,450,443,700,1099,307,485,699,311,340,330
898,678,841,551,734,1083,452,441,654,1024,290,478,669,296,335,328
993,814,849,666,682,1014,408,401,756,1077,363,403,624,319,306,287
1133,808,1059,760,957,1438,703,628,839,1573,362,627,1109,404,463,518
1071,800,938,706,788,1237,541,488,794,1317,361,542,829,353,368,379
1055,767,940,658,818,1260,601,518,761,1314,339,563,848,336,380,412
1084,781,975,695,837,1300,567,521,788,1402,350,554,901,361,390,414
1079,792,961,701,818,1279,563,510,792,1371,358,549,871,358,384,401
1066,773,957,673,831,1281,598,530,775,1351,345,566,873,342,387,417
1077,780,966,687,831,1291,572,522,784,1384,348,553,890,350,389,410
1078,786,959,697,821,1280,562,511,790,1375,351,550,873,352,383,406
1073,780,956,684,829,1281,586,525,781,1356,348,560,872,347,386,417
1081,782,970,694,838,1297,586,532,786,1392,352,560,894,355,393,418
1081,785,963,699,832,1290,573,521,794,1393,354,554,892,356,390,413
1078,785,955,698,823,1280,578,522,794,1366,354,557,871,351,384,413
1084,787,971,691,837,1299,580,535,799,1405,351,556,889,355,384,423
1091,801,991,700,856,1327,581,548,813,1442,357,554,910,364,385,423
1080,803,989,703,862,1323,597,550,811,1436,358,560,912,364,387,431
1079,804,1003,704,872,1319,602,556,813,1455,360,571,912,371,390,434
1089,812,1010,712,859,1319,596,552,823,1480,370,572,907,379,389,433
1072,809,1006,713,862,1319,614,559,831,1468,365,583,896,374,389,430
1083,818,1036,696,862,1337,630,560,846,1478,379,595,897,378,391,426
1091,860,1040,711,857,1366,626,558,885,1487,403,591,891,393,376,423
1098,856,1009,702,877,1356,648,565,909,1496,389,619,874,393,377,419
1107,867,1024,707,871,1370,646,559,934,1514,400,621,881,394,382,404
1137,874,1027,719,892,1382,636,570,955,1524,397,618,888,402,381,401
1169,875,1056,742,918,1366,652,578,997,1554,401,623,861,389,378,399
1212,872,1058,772,935,1393,656,586,1010,1547,393,612,834,391,372,387
1237,839,1063,767,939,1403,677,600,1036,1573,402,630,804,383,373,371
1309,870,1017,767,962,1438,703,609,1053,1589,414,628,828,389,375,368
1323,900,1004,756,979,1469,688,621,1080,1575,432,630,824,392,386,356
1351,894,990,802,997,1469,688,648,1120,1556,455,614,829,392,400,355
1359,920,993,817,1049,1493,688,687,1126,1529,445,621,834,381,409,364
1426,937,997,831,1078,1508,719,734,1150,1471,458,614,850,370,417,354
1408,930,1008,839,1098,1502,711,803,1171,1476,468,597,843,377,438,367
1382,937,1004,872,1115,1469,700,857,1223,1395,458,593,828,382,442,381
1296,926,1004,923,1156,1457,754,890,1249,1366,455,592,779,395,452,404
1297,955,1014,965,1230,1456,788,941,1278,1319,450,589,797,430,474,433
1323,957,1022,1022,1307,1483,851,913,1300,1244,442,583,768,464,483,439
1231,1018,1044,1071,1371,1478,938,931,1258,1198,441,595,737,481,462,455
1202,1036,1090,1175,1393,1466,1078,922,1222,1206,457,631,739,508,467,472
1189,1057,1145,1229,1429,1551,1223,1068,1237,1305,461,684,850,637,575,540
1143,1079,1208,1333,1329,1586,1197,1101,1267,1328,503,667,860,725,561,513
1656,1294,1271,1383,1527,1484,1198,1008,1225,1129,601,716,866,990,701,750
1683,1338,1247,1372,1583,1516,1275,1081,1210,1108,587,749,914,1053,682,733
1651,1272,1286,1388,1444,1544,1237,1049,1163,1136,583,759,829,1051,630,620
1483,1207,1334,1457,1390,1550,1255,1002,1177,1244,612,735,819,1056,630,578
1248,1119,1275,1463,1383,1577,1277,1067,1146,1192,630,751,851,943,624,536
1244,1181,1270,1454,1337,1661,1216,1088,1127,1161,627,760,891,892,624,476
1268,1230,1399,1346,1396,1688,1245,1110,1226,1396,632,751,943,886,682,455
1355,1206,1405,1255,1428,1558,1252,1020,1089,1325,642,753,894,836,598,398
1783,1267,1498,1352,1688,1558,1326,1050,1265,1534,635,826,963,980,642,379
1810,1367,1359,1438,1586,1477,1298,1079,1359,1522,698,851,948,874,689,360
1801,1398,1327,1612,1524,1521,1295,1079,1446,1509,759,817,981,935,631,347
1773,1289,1330,1538,1475,1503,1310,1165,1430,1309,753,838,1008,1026,623,327
1904,1228,1392,1475,1434,1424,1308,1275,1485,1216,696,862,986,1012,648,315
1852,1262,1550,1572,1449,1434,1286,1328,1435,1441,740,815,959,989,742,306
1854,1342,1352,1460,1467,1425,1478,1409,1295,1342,703,900,951,1008,774,293
1733,1439,1277,1466,1329,1457,1497,1486,1406,1185,697,850,986,1083,669,268
1523,1318,1246,1424,1338,1483,1619,1426,1397,1109,740,818,1186,1125,585,253
1438,1277,1103,1378,1372,1406,1674,1200,1319,973,698,826,913,1019,687,238
1451,1187,1101,1354,1440,1365,1719,1377,1173,1004,720,922,802,793,842,236
1432,1148,1216,1482,1440,1418,1572,1399,1126,1251,757,978,1100,1073,777,223
1581,1107,1181,1517,1381,1585,1691,1251,1140,1502,878,777,1210,1186,929,218
1776,1206,1191,1441,1320,1665,1737,1082,1345,1501,721,838,1205,1114,859,207
1615,1110,1250,1404,1615,1695,1627,1069,1402,1581,717,1096,1179,1135,788,186
1540,1158,1175,1342,1678,1644,1447,1090,1387,1364,923,1029,1151,940,749,171
1642,1119,1326,1630,1778,1665,1346,1261,1431,1405,941,1043,1214,879,816,165
1689,1142,1358,1694,1753,1734,1398,1269,1347,1349,874,947,1053,828,741,152
1649,1349,1311,1685,1658,1666,1455,1290,1379,1423,870,980,1182,904,592,145
1427,1258,1378,1616,1709,1685,1525,1316,1283,1507,841,923,1318,674,517,138
1565,1255,1456,1589,1598,1684,1500,1208,1352,1453,745,916,1245,588,526,131
1465,1308,1413,1603,1694,1720,1535,1204,1455,1422,796,1064,1259,594,567,127
1457,1414,1364,1615,1666,1770,1487,1255,1393,1479,930,1056,1254,616,575,128
1558,1303,1327,1704,1697,1797,1451,1378,1427,1388,961,1049,1245,639,630,130
1470,1255,1190,1658,1792,1600,1490,1426,1362,1505,896,1080,1226,706,674,130
1329,1160,1168,1683,1743,1587,1553,1279,1360,1508,939,1014,1252,736,646,132
1356,1106,1135,1833,1591,1624,1609,1332,1441,1536,847,1058,1247,808,795,136
1293,1027,1248,1583,1590,1694,1560,1232,1425,1598,854,1051,1319,797,735,136
1550,1146,1240,1653,1602,1683,1498,1383,1527,1605,918,1008,1442,883,659,132
1534,1161,1303,1626,1762,1796,1581,1444,1444,1646,886,1173,1599,813,949,133
1414,1185,1366,1673,1711,1777,1642,1506,1562,1612,936,1177,1716,901,758,130
1482,1207,1440,1737,1915,1694,1723,1453,1545,1662,1074,1253,1443,963,771,132
1514,1319,1357,1790,1872,1696,1782,1515,1535,1709,1115,1399,1527,902,847,137
1312,1286,1358,1816,1748,1660,1692,1509,1595,1615,1184,1150,1476,935,732,132
1175,1292,1242,1703,1802,1647,1774,1548,1571,1712,1015,1245,1497,941,710,138
1249,1443,1345,1843,1489,1497,1679,1562,1698,1704,1188,1148,1300,886,712,132
1312,1070,1294,1544,1751,1564,1955,1698,1505,1556,911,1343,1359,940,839,145
1252,1272,1269,1622,1251,1396,1672,1420,1572,1431,1105,947,1146,1058,625,137
1237,1313,1369,1568,1581,1609,1965,1727,1581,1696,1083,1160,1379,1116,1016,160
1175,1153,1271,1449,1408,1501,1929,1530,1340,1388,903,1129,1179,1065,747,146
1236,1391,1231,1574,1476,1529,1907,1532,1627,1534,1050,998,1506,1153,1001,162
1156,1152,1078,1529,1510,1413,1891,1420,1326,1414,841,1108,1421,1036,951,158
1340,1106,1393,1573,1399,1540,1758,1567,1464,1655,1014,1154,1482,1284,970,165
1536,1252,1533,1460,1469,1650,1783,1417,1611,1770,1037,1263,1580,1284,967,168
1308,1364,1264,1338,1348,1549,1786,1355,1497,1667,985,1175,1383,1114,843,163
1355,1330,1306,1519,1688,1567,1660,1568,1690,1621,1086,1227,1533,1226,1106,178
1290,1237,1271,1612,1518,1504,1759,1579,1492,1699,1085,1230,1479,1295,949,175
1308,1238,1311,1530,1458,1552,1871,1625,1572,1587,996,1239,1532,1221,1138,182
1254,1257,1166,1513,1488,1560,1821,1520,1554,1493,1103,1223,1572,1350,1119,184
1197,1163,1203,1462,1502,1578,1949,1653,1460,1696,1024,1258,1543,1358,1202,179
1242,1142,1376,1473,1527,1670,1760,1605,1473,1653,1018,1283,1459,1365,1119,177
1286,1277,1247,1551,1556,1537,1863,1453,1646,1615,1119,1234,1314,1358,1015,173
1248,1196,1292,1509,1583,1625,1839,1395,1529,1675,1006,1192,1346,1261,1008,168
1265,1178,1399,1594,1495,1711,1664,1680,1559,1590,957,1067,1405,1250,1298,172
1210,1359,1308,1565,1606,1622,1719,1483,1534,1608,902,1087,1333,1588,1094,183
1197,1256,1112,1584,1653,1524,1846,1530,1530,1469,920,1136,1409,1355,1118,181
1221,1096,1075,1660,1598,1426,1747,1508,1484,1492,953,1073,1562,1416,1225,183
1336,1031,1094,1585,1422,1436,1825,1502,1482,1424,919,1109,1576,1467,1231,190
1370,1037,1072,1475,1369,1567,1785,1489,1369,1508,991,1250,1470,1456,1211,206
1360,1031,1181,1300,1345,1554,1744,1394,1393,1531,1023,1274,1654,1484,1199,220
1332,1092,1130,1386,1458,1569,1630,1261,1433,1570,1079,1194,1570,1484,1167,230
1224,1107,1031,1464,1483,1559,1652,1285,1457,1680,1013,1347,1570,1405,1153,235
1168,1048,1275,1441,1369,1483,1643,1616,1611,1729,1215,1241,1341,1439,1199,350
1285,1107,1214,1393,1513,1463,1711,1455,1637,1639,980,1175,1264,1365,978,378
1273,1128,1153,1425,1336,1541,1771,1541,1579,1560,939,1045,1080,1293,760,368
1197,1080,1053,1388,1321,1622,1642,1542,1490,1752,853,1000,1162,1022,722,333
1151,1038,1042,1273,1439,1594,1756,1510,1473,1713,801,876,1273,966,933,369
1224,974,1052,1332,1499,1512,1742,1377,1611,1770,697,940,1228,1090,864,488
1286,936,1181,1387,1466,1517,1699,1310,1544,1711,743,1022,1344,1109,858,693
1304,1025,1251,1385,1376,1484,1549,1469,1562,1504,782,1064,1318,1044,969,718
1331,1123,1262,1328,1430,1512,1521,1454,1525,1628,844,1110,1216,1103,1049,892
1361,1158,1216,1312,1352,1552,1614,1424,1360,1500,841,1099,1321,1158,1101,921
1319,1103,1228,1333,1337,1458,1523,1415,1406,1458,851,991,1335,1180,1061,914
1261,1061,1238,1258,1418,1507,1482,1222,1391,1311,774,901,1232,1177,1019,997
1236,1085,1204,1327,1324,1442,1528,1230,1369,1231,686,1007,1147,1222,948,1097
1204,1148,1137,1302,1388,1462,1436,1292,1287,1225,751,1016,1121,1156,759,1060
1202,1085,1148,1272,1316,1389,1409,1172,1158,1219,788,969,1149,1013,765,1194
1171,1002,1216,1312,1309,1357,1438,1155,1176,1099,771,921,1220,888,807,976
1141,1069,1106,1200,1198,1231,1376,999,1153,936,702,868,1031,902,762,937
1104,1108,1038,1195,1197,1232,1370,954,1046,1049,694,1019,921,940,632,938
1137,1017,1057,1179,1145,1366,1258,996,1033,1116,767,962,876,933,557,840
1160,957,1032,1126,1045,1386,1176,958,1043,1071,756,825,767,694,544,794
1140,946,1002,1035,1080,1391,1102,855,1047,1058,692,767,752,590,512,684
1111,947,953,971,1156,1369,1105,835,1035,1222,612,782,881,568,514,648
1061,915,920,976,1262,1389,1059,847,1050,1212,559,701,947,570,543,608
911,858,889,1034,1195,1344,952,828,1059,1128,541,665,939,520,569,574
868,814,957,1087,1239,1330,926,836,1125,1260,529,694,982,541,627,609
862,782,1082,1122,1183,1338,983,841,1108,1262,529,751,949,601,618,659
852,766,971,1036,1128,1262,931,815,1092,1206,527,777,818,586,634,665
976,886,1008,1083,1129,1329,927,938,1157,1239,600,746,884,695,670,686
931,878,931,978,1126,1294,933,971,1110,1064,573,739,859,649,619,703
918,916,916,1019,1073,1363,894,876,1150,1097,579,673,835,735,614,695
850,845,890,974,1119,1332,1011,921,1047,996,534,720,852,724,628,718
808,834,840,953,1020,1117,976,845,1003,854,531,670,777,628,557,639
828,823,857,988,1133,1115,1052,916,1029,864,534,718,847,671,590,812
764,735,814,898,1134,1038,1017,877,896,780,482,684,770,583,588,867
767,741,807,893,965,986,903,751,841,710,491,626,723,553,543,736
847,754,893,986,988,1142,995,806,856,855,515,678,858,582,561,818
767,699,837,915,886,1069,965,728,762,750,464,656,783,531,495,840
840,752,863,981,847,1098,866,659,810,759,520,601,821,583,474,736
875,766,909,984,927,1254,960,713,837,820,518,672,944,623,534,745
788,728,857,802,883,1101,926,675,786,750,460,652,786,529,504,657
826,792,877,866,874,1069,828,623,855,801,506,618,774,535,521,606
852,785,930,819,1011,1171,931,691,873,979,475,725,863,557,631,730
806,765,849,763,944,1062,825,623,824,935,453,667,704,495,555,642
849,806,886,822,977,1126,802,625,844,1094,491,687,721,536,571,663
853,797,880,816,992,1197,822,640,834,1040,488,711,723,561,579,688
843,797,866,808,933,1184,760,630,845,900,492,675,665,551,541,661
858,795,902,864,947,1270,769,662,903,916,509,688,699,601,571,688
879,812,923,923,936,1244,750,668,952,868,523,663,696,609,574,655
859,795,920,906,940,1190,755,678,977,778,523,656,677,595,581,666
893,830,960,967,961,1192,739,688,1040,799,549,649,694,639,578,672
912,813,950,968,963,1148,753,686,1050,784,555,641,684,613,556,675
940,805,967,971,1006,1157,772,701,1054,792,544,648,696,614,563,672
903,794,908,932,982,1070,761,682,967,729,525,627,631,544,514,629
982,834,965,972,1038,1087,748,690,1007,804,539,609,649,608,524,621
993,838,971,950,1104,1084,792,735,973,805,517,623,643,619,534,616
971,822,915,897,1034,1024,779,714,917,745,499,588,604,566,474,557
992,854,932,934,1070,1054,789,732,921,796,505,598,633,619,492,563
994,852,925,905,1055,1052,793,735,906,779,507,597,632,596,478,547
992,830,909,869,1076,1046,791,774,868,767,484,608,622,589,471,545
990,863,896,883,1012,1010,775,727,855,743,482,587,605,598,447,502
993,869,890,866,1020,1034,790,767,848,745,481,593,625,580,442,508
1009,841,880,855,1005,1017,767,772,803,748,476,585,618,562,429,507
1006,845,872,855,979,984,757,750,794,733,475,574,606,573,425,494
992,849,877,867,988,1010,774,774,792,731,470,591,627,589,433,493
998,851,868,869,992,1024,760,800,793,724,472,574,623,576,426,485
989,843,853,853,985,1004,744,796,780,700,468,572,615,554,415,481
996,850,857,858,980,996,739,787,784,706,468,573,618,555,411,471
1002,847,856,861,981,994,747,785,776,702,465,580,621,548,415,469
1001,845,857,858,977,996,746,780,774,700,460,580,623,551,412,468
1002,848,853,867,972,993,748,776,777,701,461,578,622,556,412,468
1006,843,853,881,957,1010,758,787,783,707,455,574,634,566,421,466
1008,842,852,880,957,1011,759,787,782,703,456,575,635,564,419,465
1003,838,851,877,957,1006,759,790,780,699,455,577,635,562,418,463
992,835,838,869,944,987,754,779,773,682,455,571,622,559,411,460
988,830,839,862,943,986,749,778,770,680,451,570,620,556,410,462
987,829,836,861,940,981,746,774,768,678,453,568,621,555,410,458
986,828,837,861,939,981,744,772,767,678,454,567,620,555,411,456
986,828,837,858,938,981,745,776,766,677,450,570,620,549,410,456
986,831,836,862,937,977,745,772,769,676,455,565,616,554,410,456
916,751,804,764,928,953,741,769,714,635,419,566,608,528,412,455
857,802,746,751,783,818,598,597,705,514,448,467,472,461,338,354
1121,914,951,983,1113,1163,833,943,889,898,526,626,810,829,515,582
976,840,814,853,957,967,814,826,796,665,473,611,633,618,424,517
996,841,834,871,996,1005,791,852,806,700,470,591,664,643,433,515
1019,864,845,902,980,1006,758,814,826,711,484,574,662,651,420,486
1020,863,846,901,994,1016,787,846,822,719,477,588,669,656,425,508
1022,866,846,909,991,1014,781,840,830,722,481,583,669,667,426,503
1017,862,843,903,990,1010,785,842,826,725,480,588,668,660,426,507
1014,862,846,903,997,1014,787,844,825,724,476,589,669,660,424,510
1016,865,845,904,994,1011,784,841,828,727,479,586,667,661,422,504
1018,868,845,909,995,1014,782,843,830,726,479,588,669,659,422,507
1017,872,842,909,993,1013,787,845,830,729,477,589,669,659,425,508
1021,876,846,920,999,1016,789,846,832,730,472,592,669,659,428,510
1029,867,850,914,1002,1014,785,842,833,735,473,593,662,664,435,510
1032,865,861,903,1014,1012,766,834,833,754,481,596,650,666,434,509
1041,880,863,889,1011,1004,768,829,827,741,482,595,636,651,431,504
1045,893,855,893,1003,1009,789,840,834,741,478,588,639,655,425,505
1038,895,867,900,1012,1024,793,820,853,764,469,583,647,663,427,497
1020,887,882,894,1027,1024,782,815,859,770,479,591,646,678,439,495
1031,884,894,887,1042,1022,774,812,856,787,487,592,634,669,437,504
1030,885,897,891,1058,1036,787,808,866,798,481,586,642,663,435,505
1028,869,918,897,1069,1041,782,783,889,857,504,595,649,659,454,524
1039,883,925,886,1077,1041,772,793,903,901,507,599,637,647,446,531
1031,854,942,903,1073,1048,786,778,940,902,516,595,645,633,463,534
1043,854,950,890,1118,1079,777,768,954,935,514,602,656,617,482,552
1041,852,961,909,1103,1091,762,740,994,915,527,604,662,622,498,565
1039,864,974,913,1096,1126,751,741,1033,896,516,606,676,618,508,580
1031,860,991,936,1074,1132,752,736,1048,916,522,620,689,607,532,625
1054,872,1001,912,1044,1161,747,735,1066,928,531,633,716,613,551,634
1015,862,1018,911,998,1209,735,742,1060,937,530,632,731,627,556,626
1008,865,1034,905,985,1271,732,739,1053,953,528,647,729,630,577,614
981,877,1071,865,969,1298,731,757,1037,1013,508,662,745,607,591,614
975,865,1072,835,974,1389,726,744,1014,1056,493,693,778,623,593,578
968,866,1057,785,960,1420,710,730,989,1133,470,699,784,584,577,584
988,857,1040,758,979,1419,694,703,966,1209,451,724,819,547,574,591
970,834,1033,751,995,1364,681,699,989,1281,432,715,849,514,577,581
975,837,1067,763,1000,1308,688,690,993,1256,429,708,918,494,582,583
998,824,1073,756,989,1245,681,680,1015,1229,422,676,937,487,592,605
1003,809,1059,750,938,1251,689,665,1022,1174,409,665,996,494,575,600
982,792,1059,741,917,1250,671,665,1012,1170,400,633,1059,500,570,563
956,783,1046,731,912,1273,663,668,993,1237,393,610,1084,525,545,555
958,780,1021,757,900,1275,642,678,981,1317,382,588,1042,558,537,556
932,789,1021,760,907,1230,619,685,959,1353,374,583,962,539,503,554
911,812,1016,754,895,1214,584,665,950,1361,374,579,889,546,509,522
887,808,995,736,913,1180,546,665,953,1361,368,578,825,543,546,492
880,787,972,721,944,1209,511,662,997,1369,367,561,838,515,616,495
860,783,1047,727,961,1295,497,634,1015,1344,361,554,862,450,600,479
859,781,1112,729,998,1270,499,625,990,1284,364,560,853,432,612,497
887,791,1106,724,1010,1299,491,614,963,1323,359,573,826,444,609,489
931,792,1086,756,1003,1327,474,623,971,1325,350,568,799,417,561,462
988,790,1055,730,1009,1359,460,615,937,1323,343,568,862,399,507,471
999,794,1080,682,1011,1449,448,623,947,1317,339,577,870,387,526,487
1033,847,1140,712,1086,1484,455,667,1040,1408,340,586,1009,399,556,514
958,866,1128,714,1133,1516,462,664,1036,1486,334,589,1129,390,541,536
901,896,1135,687,1004,1459,461,606,1083,1392,332,574,1071,356,513,467
907,867,1159,677,986,1511,476,605,1044,1501,339,544,917,358,479,408
963,834,1181,659,973,1445,520,613,968,1514,358,524,909,361,463,403
1033,796,1287,700,985,1432,619,650,960,1601,376,520,840,392,443,410
1031,801,1282,746,975,1452,659,673,1020,1514,405,556,788,432,444,400
1050,865,1196,758,969,1419,634,794,1036,1322,422,544,781,481,465,355
1124,985,1241,934,1146,1548,735,937,1260,1789,525,699,1198,692,748,405
1214,962,1226,881,1183,1468,714,893,1299,1743,487,710,1178,664,719,391
1238,1015,1321,889,1219,1516,813,814,1430,1704,505,809,1138,746,786,361
1149,927,1231,885,1201,1577,843,777,1277,1667,459,801,1181,689,708,315
1141,939,1289,874,1164,1594,800,860,1170,1724,423,766,1330,651,736,295
1194,925,1317,897,1197,1655,753,989,1226,1777,432,813,1389,682,770,271
1156,856,1258,901,1212,1599,707,941,1396,1681,423,751,1391,651,762,265
1072,846,1270,871,1163,1621,626,893,1433,1553,437,683,1391,539,708,234
989,850,1185,861,1212,1586,659,806,1356,1770,427,676,1299,538,740,220
955,831,1155,890,1207,1607,766,805,1271,1890,433,704,1230,503,664,198
986,890,1165,910,1120,1617,761,790,1200,1789,494,684,1208,496,594,186
1046,966,1176,930,1221,1644,867,961,1179,1783,546,693,1409,684,616,192
1024,959,1155,888,1137,1548,848,948,1305,1554,576,701,1087,802,530,187
1038,983,1342,954,1296,1633,997,1012,1511,1662,769,808,1347,1013,719,212
952,900,1268,920,1177,1554,971,992,1406,1751,666,895,1254,859,827,203
984,892,1291,1037,1170,1641,930,1114,1471,1910,754,1058,1498,1095,919,210
963,822,1272,971,1277,1589,922,1155,1530,1870,647,1219,1592,1001,934,218
898,814,1104,943,1238,1549,850,1014,1485,1767,666,1110,1754,966,938,198
946,821,1109,896,1295,1656,870,940,1529,1956,657,1109,1691,924,959,199
981,819,1092,846,1182,1679,831,971,1332,1884,606,1059,1709,914,969,195
987,804,1068,796,1177,1635,797,920,1389,1917,637,1107,1628,1110,880,197
1072,782,1123,833,1147,1605,838,906,1400,1749,662,1005,1707,1123,944,202
1032,776,1085,860,1085,1590,834,980,1371,1801,666,999,1655,1048,1098,189
1064,803,1038,965,1093,1555,900,981,1436,1808,584,1092,1569,947,1080,182
962,872,1055,1050,1168,1487,953,1019,1414,1784,576,1129,1725,1067,1095,177
960,952,1051,1027,1233,1474,888,1025,1461,1832,602,918,1699,1019,948,173
1040,979,1139,980,1303,1569,902,1050,1459,1815,618,906,1656,964,1044,170
1021,898,1311,1008,1361,1607,1030,1062,1485,1899,619,949,1500,1040,1033,170
1008,948,1305,948,1307,1700,872,1122,1448,1794,676,898,1547,1007,902,164
1024,964,1190,941,1283,1651,958,1070,1520,1846,699,911,1484,933,1113,168
1037,891,1241,940,1275,1604,1057,1008,1441,1826,657,1015,1484,1049,1034,172
964,858,1215,916,1229,1661,1039,1153,1375,1929,666,1085,1531,1182,937,170
982,915,1151,906,1188,1559,1037,1219,1542,1809,632,1026,1602,1000,1047,173
1005,932,1132,933,1180,1618,1002,1081,1574,1782,616,1092,1608,959,1112,166
1055,918,1191,993,1172,1600,997,1231,1485,1903,629,1001,1639,982,1019,172
1023,914,1198,901,1208,1524,987,1112,1585,1938,644,980,1551,1027,944,169
1036,987,1205,860,1276,1545,892,1152,1470,1809,656,1029,1574,837,1003,169
1122,888,1211,866,1158,1583,882,990,1518,1957,660,1055,1537,966,967,168
1063,823,1318,963,1102,1582,982,961,1423,1845,621,1006,1593,1006,866,172
989,895,1178,950,1091,1519,885,1050,1364,1900,581,1017,1569,1143,993,178
947,975,1043,915,1198,1452,952,966,1438,1753,631,1014,1623,917,1022,177
975,886,1131,919,1172,1503,1056,1011,1391,1681,609,838,1600,1170,1084,182
952,930,1269,921,1165,1539,1055,1077,1448,1863,650,993,1434,1008,939,184
948,955,1166,1011,1178,1542,1060,1191,1465,1759,686,996,1481,1034,1156,192
1007,886,1197,940,1181,1519,1044,1185,1539,1800,679,990,1618,1162,973,194
975,867,1155,1042,1242,1494,1010,1101,1530,1785,668,1089,1491,1353,1038,216
871,911,1109,956,1161,1538,979,1145,1449,1866,666,1074,1655,1153,1164,224
908,922,1061,973,1245,1519,967,1042,1509,1864,754,1033,1670,1143,1267,220
1041,909,1116,984,1137,1558,998,1067,1451,1788,710,1027,1583,1316,1023,232
1020,878,1160,922,1154,1466,973,1092,1426,1879,633,1028,1647,1250,1116,256
973,853,1145,873,1181,1412,882,1021,1524,1802,623,1127,1542,1320,1241,277
928,818,1119,810,1110,1479,879,1092,1418,1818,557,888,1622,1310,1187,298
938,786,1117,761,1077,1469,872,906,1499,1931,548,903,1478,1175,1243,310
976,734,1096,757,1029,1393,863,928,1303,1735,544,866,1398,1222,1182,330
880,717,1023,783,948,1377,968,904,1281,1808,519,828,1372,1047,1030,380
886,704,908,799,907,1319,822,922,1245,1574,519,785,1229,956,1069,369
896,754,883,817,943,1164,788,945,1317,1571,512,732,1251,929,938,423
921,787,912,803,994,1181,819,910,1467,1568,516,761,1124,989,954,453
910,760,955,814,995,1236,747,915,1344,1585,484,777,1177,977,941,485
923,770,974,756,985,1301,747,886,1262,1812,449,775,1144,990,927,484
887,739,941,719,1043,1298,711,812,1236,1608,446,734,1206,751,915,549
891,711,955,693,959,1295,674,788,1205,1505,433,703,1211,666,891,547
893,756,930,700,922,1374,680,774,1144,1534,463,671,1087,717,763,561
798,687,866,606,914,1299,722,749,1109,1459,403,707,995,621,688,661
791,696,868,586,850,1108,529,653,1030,1239,418,633,830,616,583,774
825,707,954,608,900,1273,536,734,1123,1547,409,692,1062,768,715,942
751,677,858,556,826,1190,505,653,1025,1220,369,687,994,653,648,851
800,690,885,571,804,1139,529,581,1049,1259,404,641,1039,615,674,902
824,682,957,585,816,1190,661,593,1002,1351,440,617,1148,563,776,917
768,617,876,534,773,1041,597,579,766,1111,410,573,839,557,623,1052
777,775,862,617,924,1031,678,687,843,979,442,744,924,533,579,878
798,815,955,657,863,1052,567,610,919,955,447,715,813,532,548,722
894,865,1091,774,902,1284,662,690,1010,1113,446,755,1010,622,655,777
830,768,1074,658,873,1254,705,717,911,992,380,786,1085,567,594,754
765,721,989,588,825,1116,528,645,868,968,365,655,975,526,510,718
817,736,1112,682,943,1205,504,729,1066,1214,413,633,1133,637,580,734
760,622,1043,573,973,1224,602,779,957,1079,348,646,1069,515,620,750
686,598,886,551,794,1099,462,568,953,886,350,545,749,444,509,592
758,695,943,660,853,1300,522,599,1131,1246,438,567,860,564,586,699
710,595,847,582,878,1277,659,653,874,1211,351,617,843,493,582,764
674,618,758,559,729,1027,474,492,788,1066,347,496,650,441,442,517
770,758,805,733,840,1139,525,622,970,1438,400,563,803,542,508,597
785,736,816,720,871,1187,649,788,917,1453,374,650,826,537,584,721
732,672,773,591,790,1004,542,614,787,939,336,577,634,428,483,613
823,770,928,776,884,1122,512,617,1018,1159,415,547,758,503,504,660
838,709,1066,780,1100,1235,804,801,1094,1288,389,644,1024,533,620,873
720,615,881,597,910,1030,597,635,870,857,339,550,699,388,465,622
763,672,954,738,898,1140,528,632,1026,1085,406,525,736,446,459,508
775,635,961,707,978,1354,637,803,970,1308,364,599,840,444,527,603
718,578,831,586,844,1203,493,683,876,1149,331,535,676,363,439,431
774,667,836,691,895,1296,459,666,1018,1439,379,525,746,409,443,417
798,632,827,609,948,1346,570,785,990,1329,342,599,798,392,493,490
744,608,750,563,833,1146,446,621,901,980,326,526,611,333,393,374
894,672,799,596,907,1257,437,630,1036,1239,359,534,737,368,439,395
889,623,786,565,939,1272,470,662,990,1203,331,576,777,345,456,449
820,620,739,532,816,1069,410,546,932,986,320,506,634,312,382,344
933,694,811,584,877,1192,412,583,1055,1219,349,514,749,333,414,357
960,681,839,580,907,1260,442,616,1045,1323,338,541,817,337,436,379
892,622,793,524,818,1157,424,565,882,1099,308,518,708,300,389,328
1016,674,828,571,777,1149,393,493,983,1217,337,445,719,325,355,285
974,666,805,556,776,1178,413,523,926,1142,327,514,704,314,361,303
1042,707,829,579,808,1251,421,543,961,1259,345,521,752,333,372,306
1017,683,825,570,821,1253,435,553,912,1266,328,540,729,318,371,316
1017,702,821,576,772,1238,418,505,916,1239,334,512,684,319,354,293
1028,728,859,599,814,1290,443,545,941,1371,335,549,729,335,368,319
953,690,816,568,767,1179,431,498,823,1214,315,532,633,316,339,296
959,740,838,589,750,1135,421,480,862,1210,331,489,622,325,332,288
965,728,893,597,776,1225,476,502,866,1364,328,541,703,342,354,325
920,716,851,577,747,1122,434,470,794,1192,315,513,632,320,339,306
941,735,869,598,748,1149,440,465,818,1232,325,500,667,326,341,309
940,721,899,588,759,1169,470,481,807,1230,318,519,692,327,343,328
912,718,849,582,735,1086,448,459,764,1118,319,496,647,322,337,308
933,719,884,591,739,1127,465,468,769,1168,321,494,680,325,339,326
939,714,890,582,742,1119,466,467,764,1147,314,496,689,320,344,331
931,714,868,587,737,1090,455,460,754,1129,312,493,677,318,342,322
927,717,863,593,733,1066,455,459,735,1115,314,493,675,320,344,325
943,722,875,602,741,1087,457,461,743,1153,314,491,687,323,342,331
