26,25,33,26,31,34,35,25,0,37,32,34,34,25,30,30
29,28,41,32,33,39,38,26,0,39,37,35,36,26,30,27
26,25,39,26,33,34,37,27,0,42,37,39,33,26,32,31
29,29,39,32,35,42,40,24,0,39,34,37,34,29,31,31
29,27,37,32,31,34,37,27,0,40,38,38,33,27,31,28
26,27,38,32,33,38,39,26,0,37,35,39,36,30,30,31
27,27,40,31,33,40,39,25,0,41,37,39,37,26,33,28
27,26,38,31,35,36,39,25,0,38,36,40,35,29,31,27
26,27,38,32,35,40,39,27,0,42,36,39,34,26,30,28
27,28,38,34,34,40,42,24,0,42,35,35,34,27,33,31
27,27,39,32,34,40,41,25,0,39,38,38,38,28,34,31
31,29,40,32,33,39,36,28,0,40,37,37,36,27,32,29
28,28,39,33,35,41,41,29,0,40,36,37,35,27,31,27
28,28,40,32,35,40,40,26,0,40,36,35,33,27,33,32
27,27,39,34,36,36,39,27,0,42,39,35,36,27,35,25
26,27,41,31,37,41,42,27,0,42,36,39,35,29,31,28
30,29,41,30,35,39,39,28,0,41,36,41,38,30,34,32
26,31,40,31,34,39,38,28,0,41,37,34,32,29,32,33
30,28,37,33,34,39,40,30,0,42,34,39,36,28,34,28
29,30,41,35,35,39,42,26,0,42,36,39,33,29,33,27
30,28,41,31,36,38,40,26,0,38,34,40,39,32,33,30
28,27,37,31,36,41,38,25,0,42,36,35,36,29,32,27
31,29,35,32,34,40,40,28,0,40,37,40,38,29,33,30
29,29,40,33,36,40,38,28,0,46,38,38,36,30,32,29
27,28,41,33,34,41,38,27,0,42,39,37,38,27,34,26
28,29,40,32,33,39,39,30,0,45,39,38,36,32,35,25
29,27,42,29,38,42,40,28,0,42,35,40,33,25,31,30
29,29,40,32,35,36,43,27,0,39,39,41,37,29,32,31
30,30,41,33,36,41,41,25,0,44,37,40,36,29,33,30
27,28,43,32,34,40,36,28,0,40,39,40,38,30,35,30
29,28,39,35,38,39,42,28,0,38,34,40,39,30,31,32
30,30,41,33,37,41,41,28,0,45,37,36,35,28,32,31
30,29,42,34,36,39,42,31,0,41,36,38,38,30,36,27
28,30,42,33,35,42,43,26,0,40,40,40,38,32,34,28
29,31,45,34,33,39,41,26,0,43,36,37,34,30,32,28
31,28,38,34,35,40,39,31,0,43,37,38,33,27,32,29
27,30,41,33,36,40,43,29,0,44,39,39,37,26,32,30
30,30,42,35,38,39,43,25,0,44,37,37,38,35,34,30
29,30,43,33,35,41,41,27,0,47,39,39,35,31,36,28
30,29,43,34,40,43,41,29,0,43,40,37,38,31,37,29
31,30,42,35,37,44,42,27,0,47,38,36,35,30,35,31
29,31,40,35,34,44,41,30,0,41,38,40,38,30,34,29
31,29,42,35,37,44,43,31,0,42,39,42,35,31,31,32
30,28,42,35,38,43,41,30,0,44,37,39,38,31,34,29
32,31,46,38,38,41,43,28,0,44,41,38,38,31,32,30
28,29,43,36,37,43,43,31,0,47,39,39,37,31,34,27
28,30,44,39,39,43,41,29,0,46,40,40,38,33,35,30
28,32,42,37,36,43,45,27,0,47,39,43,36,31,35,29
31,31,44,34,38,45,45,30,0,43,39,40,41,30,34,29
30,30,44,35,38,42,44,31,0,45,42,42,40,31,37,31
31,30,43,38,38,45,45,29,0,49,39,40,41,33,36,28
30,30,45,36,40,46,47,28,0,48,42,41,39,33,36,29
29,31,49,39,41,43,45,31,0,49,38,40,41,34,35,30
30,31,47,37,38,47,49,34,0,43,39,43,39,35,35,29
28,30,45,41,39,48,46,31,0,48,44,41,40,35,33,29
30,31,44,38,41,46,47,31,0,50,40,41,38,33,35,30
27,30,45,39,41,45,47,29,0,48,41,39,43,35,35,30
30,32,48,38,41,45,49,29,0,50,41,42,40,35,35,31
30,31,44,40,43,45,47,32,0,50,45,43,40,35,36,30
30,31,50,38,41,45,50,31,0,49,41,42,43,35,36,34
31,31,47,41,43,49,49,34,0,50,41,42,42,34,40,32
30,31,46,38,42,47,50,33,0,48,44,44,41,35,41,31
30,32,45,40,43,48,51,33,0,49,40,45,43,35,40,31
31,30,48,40,43,46,48,29,0,51,43,42,43,38,40,30
30,31,45,37,41,45,51,34,0,54,41,46,44,40,40,29
25,31,46,38,41,50,52,35,0,53,42,42,42,40,38,29
28,30,49,38,40,48,54,35,0,51,41,43,44,32,40,32
27,30,45,37,40,46,55,33,0,51,44,45,42,37,40,31
28,30,48,37,41,46,52,35,0,53,46,44,39,37,37,33
27,29,46,37,40,49,56,33,0,48,41,44,43,35,40,31
30,31,45,37,41,47,53,37,0,54,44,42,42,36,40,34
28,31,48,35,43,46,54,35,0,61,43,46,36,37,46,30
27,30,36,33,38,43,54,37,0,58,46,47,39,43,37,34
28,31,49,37,42,47,52,39,0,52,44,43,45,33,37,35
28,30,49,36,42,47,52,36,0,51,43,43,43,38,42,33
31,31,47,34,41,56,52,34,0,71,44,41,61,36,44,28
29,29,48,34,37,47,54,34,0,55,44,41,41,34,35,34
29,30,43,30,43,45,51,28,0,62,52,29,33,35,25,33
27,29,44,35,41,48,56,36,0,51,42,52,42,38,41,31
27,28,44,37,38,46,50,41,0,53,54,45,42,30,46,45
27,28,45,35,36,42,53,35,0,50,46,47,50,37,41,30
27,28,42,34,39,47,52,34,0,53,45,45,43,33,41,33
29,28,43,33,41,49,50,36,0,53,44,46,44,38,40,36
27,30,44,32,41,49,51,36,0,47,47,45,45,35,42,40
28,29,45,35,38,47,48,33,0,50,45,46,44,35,40,34
28,31,43,33,39,48,50,36,0,54,44,48,44,38,42,37
26,29,41,32,40,50,50,34,0,48,45,44,47,34,40,33
23,29,41,31,37,46,45,34,0,49,44,44,46,37,40,36
22,29,42,34,39,47,47,33,0,47,43,42,42,35,42,37
26,29,42,34,36,44,46,32,0,51,44,42,47,37,42,37
25,25,39,31,37,44,46,33,0,44,41,43,40,38,42,35
25,24,40,29,41,41,50,34,0,49,39,43,43,35,43,36
25,28,38,34,34,44,48,32,0,44,40,40,44,36,45,37
25,25,32,33,36,42,52,31,0,49,38,41,44,38,39,36
27,25,37,32,38,43,46,33,0,52,40,41,44,37,42,36
24,28,36,34,38,43,49,32,0,50,37,41,43,38,40,35
25,26,34,32,39,45,45,32,0,47,39,38,43,38,41,35
22,26,37,31,37,43,46,33,0,50,40,39,44,37,43,36
26,26,32,33,37,41,46,30,0,46,39,39,48,36,42,36
25,25,33,33,33,41,45,29,0,44,38,43,43,33,40,35
23,25,35,29,31,38,44,31,0,44,36,42,44,34,39,37
24,25,34,29,37,39,44,31,0,44,36,36,44,31,44,36
25,26,34,31,34,40,43,30,0,43,36,38,41,34,40,36
24,23,33,27,32,38,46,26,0,42,36,39,45,36,42,36
20,24,36,29,34,40,45,30,0,42,35,39,42,33,44,37
20,24,30,27,33,40,47,33,0,43,36,39,40,34,43,34
22,22,34,25,32,38,45,28,0,41,36,36,40,33,46,38
23,23,34,28,37,37,42,30,0,41,39,36,39,34,45,37
23,23,33,27,32,35,44,28,0,41,34,35,39,32,42,37
20,23,33,27,31,38,40,31,0,41,34,34,36,32,43,36
25,22,34,27,31,35,42,27,0,41,32,35,39,33,42,34
20,23,33,27,33,38,42,29,0,37,35,35,37,34,42,35
20,20,34,25,30,35,38,31,0,37,35,36,38,34,42,37
24,23,32,27,32,31,37,25,0,37,34,37,37,29,41,35
19,22,32,25,33,37,39,28,0,38,34,34,39,31,43,32
20,22,32,26,29,35,38,30,0,34,32,32,40,31,39,38
17,21,27,26,30,35,36,25,0,36,33,31,38,28,41,34
22,22,31,26,33,38,36,27,0,34,29,30,36,30,37,33
20,26,32,26,31,32,37,23,0,38,28,31,32,30,38,33
23,21,32,25,30,34,37,27,0,34,28,30,33,31,35,31
21,20,29,27,30,37,32,23,0,36,31,25,38,28,34,33
22,21,27,24,28,34,36,22,0,35,28,31,34,25,35,32
25,21,29,23,29,32,34,25,0,35,30,26,30,29,36,32
22,20,33,24,31,30,35,24,0,33,28,30,32,24,33,34
18,23,25,22,28,42,39,28,0,31,29,32,32,29,33,36
23,20,32,23,27,32,38,24,0,36,29,29,35,28,32,34
22,22,30,23,28,30,33,25,0,31,26,30,31,27,34,31
22,19,31,25,26,33,33,23,0,33,29,31,33,24,30,25
20,20,28,23,31,33,36,23,0,33,26,31,31,27,32,30
21,19,26,25,27,28,32,26,0,26,28,27,30,25,33,26
17,21,34,23,26,37,35,25,0,31,25,29,30,26,30,27
22,20,29,24,27,33,31,23,0,31,26,28,31,25,32,26
20,21,29,23,27,30,31,23,0,28,28,26,28,27,33,31
22,20,26,24,27,20,29,25,0,28,27,21,28,26,35,32
20,18,29,25,28,28,30,22,0,27,28,23,28,25,33,30
20,22,29,25,18,30,30,23,0,31,25,26,34,25,28,30
20,20,28,21,29,31,31,23,0,33,27,28,29,27,30,32
20,17,31,22,24,32,38,23,0,29,27,27,29,24,31,32
16,18,26,27,25,32,30,20,0,34,29,23,28,23,29,33
19,20,31,23,29,29,33,24,0,32,28,27,30,25,31,31
20,20,29,24,27,29,33,24,0,27,26,27,28,25,29,29
21,22,27,23,29,25,29,24,0,29,21,26,28,24,35,30
22,18,31,26,26,28,31,24,0,31,26,26,25,24,28,30
21,21,31,23,28,31,29,23,0,33,24,26,28,20,27,26
23,20,28,22,26,28,31,20,0,29,24,24,30,20,24,25
20,20,26,24,28,28,29,22,0,30,24,28,30,19,27,26
16,17,28,21,18,31,33,26,0,33,24,28,28,24,22,24
19,20,28,22,29,30,31,20,0,30,24,26,26,23,26,24
19,21,29,21,28,32,31,25,0,27,27,25,23,24,28,27
17,19,31,23,28,29,31,23,0,29,25,21,30,20,26,29
20,21,28,21,28,28,31,22,0,31,26,28,33,22,26,31
22,15,28,22,27,25,32,23,0,37,26,28,26,24,28,29
19,20,30,21,29,27,32,24,0,33,25,27,23,25,29,31
18,19,28,21,28,29,29,23,0,30,26,26,26,22,30,26
19,19,32,23,28,27,30,23,0,20,27,21,28,23,25,27
22,21,31,23,26,32,33,20,0,32,22,26,24,23,25,28
14,18,27,25,29,32,32,19,0,32,26,26,25,23,26,24
19,19,29,22,26,31,32,25,0,29,22,26,28,22,26,28
21,19,26,24,28,29,28,18,0,31,26,24,29,25,26,23
15,20,26,22,25,32,29,21,0,28,25,26,31,22,26,26
20,18,29,21,30,29,31,24,0,28,25,24,30,23,28,29
17,21,26,22,29,26,27,17,0,27,26,24,25,21,31,25
16,18,19,20,28,26,31,25,0,31,22,26,30,22,28,29
23,19,17,25,24,27,32,20,0,31,26,24,30,23,26,28
16,19,36,24,29,31,31,26,0,33,25,26,33,23,29,31
21,23,29,24,34,34,31,18,0,33,28,26,31,23,30,27
18,19,29,21,29,28,31,23,0,31,26,25,34,22,26,31
17,22,26,21,29,34,31,23,0,32,22,27,29,22,28,32
25,19,26,23,27,28,32,21,0,32,29,26,26,23,28,31
15,22,28,23,25,29,30,22,0,28,24,26,26,23,24,28
19,17,29,22,25,25,36,23,0,30,25,27,31,23,30,27
16,20,25,21,26,35,29,22,0,30,24,24,28,17,29,25
20,19,27,22,28,29,31,26,0,33,26,23,28,22,27,26
24,21,30,20,24,26,32,20,0,31,27,26,29,26,27,26
16,23,27,21,28,33,31,21,0,30,23,21,29,24,31,25
20,21,26,21,25,27,35,24,0,32,25,26,28,26,27,31
20,19,31,23,26,31,32,23,0,37,26,27,29,29,27,32
21,21,31,22,23,31,31,24,0,31,25,26,28,25,27,30
19,20,26,17,27,33,29,23,0,26,22,25,27,23,27,29
21,20,29,22,25,31,29,20,0,32,25,28,29,22,26,27
20,20,27,24,31,33,29,22,0,31,27,23,28,30,29,27
25,24,34,25,30,33,35,24,0,33,28,26,28,25,27,27
21,23,21,25,25,25,28,23,0,28,27,23,29,20,29,29
20,16,28,23,28,31,36,24,0,28,25,27,27,26,26,25
18,20,32,23,24,28,28,24,0,30,27,24,28,24,29,29
21,21,23,23,26,29,32,24,0,30,24,30,31,23,29,35
16,22,24,25,24,30,31,25,0,29,24,23,22,23,25,34
18,20,34,23,32,36,36,22,0,33,25,27,37,19,32,33
21,19,27,22,28,31,38,21,0,28,27,28,26,21,28,30
19,18,25,22,34,30,31,19,0,28,26,26,26,22,31,26
19,20,26,21,27,30,34,21,0,27,24,30,28,23,30,25
18,19,26,22,28,29,34,22,0,27,25,28,28,23,28,29
19,20,29,20,31,26,26,22,0,32,28,24,27,21,29,27
24,20,33,22,24,30,28,22,0,29,25,24,31,24,29,29
21,20,26,19,31,29,32,23,0,30,24,26,29,23,28,28
21,21,27,21,24,28,26,20,0,31,24,24,23,26,31,28
19,20,26,18,28,27,32,22,0,27,21,21,29,19,28,31
20,19,36,24,29,30,26,21,0,26,23,26,28,21,26,28
20,23,30,24,33,19,25,20,0,34,27,21,26,24,32,26
22,18,24,20,26,29,28,22,0,30,24,25,26,23,25,26
17,19,26,22,28,22,34,21,0,33,26,25,32,20,28,25
19,22,35,22,26,25,33,18,0,33,26,25,26,20,22,24
16,19,32,21,26,30,33,23,0,32,26,26,29,21,27,28
20,20,26,20,26,27,33,27,0,31,24,26,27,22,27,26
20,21,28,21,30,30,31,18,0,30,26,24,25,20,21,23
20,25,28,22,24,31,31,21,0,30,26,24,28,18,25,26
27,18,26,26,29,30,36,23,0,27,29,29,22,24,30,31
19,21,21,20,30,30,35,23,0,30,24,31,29,26,30,28
23,22,29,24,25,39,31,22,0,27,26,24,29,29,26,31
22,18,28,22,33,38,31,26,0,37,24,22,27,25,30,30
25,21,21,23,27,30,31,19,0,32,27,26,28,23,29,27
13,18,26,22,27,29,34,20,0,31,27,27,23,19,29,28
23,20,27,23,29,29,31,20,0,32,25,27,28,22,28,31
20,17,29,23,26,23,31,25,0,37,24,27,26,23,32,35
21,19,36,23,31,30,31,23,0,27,24,27,33,24,30,28
20,18,28,23,29,28,28,23,0,35,24,21,30,19,29,32
21,22,31,20,21,32,30,23,0,31,24,26,27,26,30,30
21,21,33,20,25,31,31,25,0,29,24,26,34,22,26,31
18,18,29,23,29,25,30,23,0,33,27,23,29,23,31,30
15,20,27,20,27,28,30,23,0,32,24,26,31,21,29,32
20,19,24,26,27,26,28,23,0,23,26,26,29,22,24,26
17,24,26,23,27,30,28,27,0,28,27,21,29,21,25,30
21,20,27,23,25,29,26,24,0,32,25,21,25,21,30,27
22,23,26,20,31,23,30,22,0,32,24,23,23,19,30,28
21,20,27,20,27,33,31,24,0,31,23,23,29,23,27,30
19,18,31,21,30,31,31,22,0,30,21,26,22,21,30,28
18,19,29,22,28,38,28,27,0,29,25,22,29,22,30,31
19,20,29,21,29,38,29,22,0,26,23,26,32,22,30,29
20,17,28,23,27,31,27,25,0,33,25,25,29,25,26,31
18,19,33,24,23,34,34,21,0,27,25,23,34,21,26,28
16,21,28,21,30,34,31,24,0,33,25,25,26,20,24,26
16,19,24,19,28,33,31,20,0,30,23,24,31,22,30,27
21,19,25,21,24,29,31,25,0,19,23,24,31,23,29,30
18,16,26,26,30,30,31,20,0,27,28,25,31,25,28,31
21,20,30,23,28,30,28,28,0,29,25,21,31,23,31,32
18,18,28,22,29,29,32,22,0,34,24,26,28,25,25,28
21,18,27,20,28,30,34,23,0,32,27,26,28,24,26,28
25,20,26,23,26,31,31,27,0,27,27,27,33,25,30,29
20,20,30,26,24,27,29,27,0,27,29,24,25,25,26,31
21,24,31,24,34,34,29,24,0,32,23,24,31,24,34,30
24,19,37,24,27,33,29,26,0,38,25,26,28,31,32,30
21,16,32,22,25,36,38,28,0,33,24,28,27,25,26,34
24,22,36,23,26,27,32,22,0,32,28,26,33,27,30,34
20,20,25,21,32,33,31,22,0,33,24,25,33,26,30,31
19,19,21,18,28,29,29,22,0,25,26,27,27,22,29,33
20,19,27,22,29,29,33,20,0,30,27,25,22,25,31,33
19,20,31,24,29,36,30,25,0,36,24,26,29,21,30,31
16,19,22,23,27,35,33,22,0,30,23,25,29,21,31,30
19,19,28,21,27,27,32,23,0,30,29,24,24,24,27,32
19,19,28,23,20,31,34,23,0,32,27,26,28,23,29,27
17,20,25,20,31,30,31,23,0,28,24,26,24,24,27,31
18,18,31,25,27,31,29,22,0,35,29,25,30,24,27,30
17,20,27,22,29,25,30,22,0,31,26,25,26,23,27,28
21,19,24,21,28,25,32,21,0,33,24,26,28,25,29,30
20,19,26,22,29,37,31,22,0,27,25,24,28,23,28,30
17,19,28,20,33,27,31,19,0,27,26,25,24,25,28,23
18,21,28,24,29,29,31,22,0,26,22,26,29,23,28,27
21,19,27,20,28,30,32,23,0,27,26,25,30,24,25,26
18,19,28,21,26,29,28,22,0,30,24,24,29,22,29,24
16,19,28,20,23,31,27,23,0,31,24,25,25,24,25,23
23,19,26,24,32,35,36,18,0,22,26,26,31,22,28,27
15,21,28,22,36,31,33,23,0,31,27,27,28,25,32,29
19,19,34,28,27,32,30,22,0,30,27,24,28,22,31,26
18,21,28,24,30,30,31,23,0,28,25,25,27,25,31,29
16,21,25,19,26,31,32,23,0,29,24,24,28,21,28,29
18,20,31,22,30,31,36,22,0,24,26,30,31,24,30,31
21,21,28,22,29,30,31,22,0,29,25,26,31,23,28,30
14,20,36,25,28,29,32,27,0,31,25,27,30,24,26,31
21,18,27,25,27,31,29,24,0,32,25,23,27,25,30,31
17,21,28,22,32,30,31,18,0,31,26,29,32,23,29,26
20,21,27,25,28,29,35,24,0,32,26,25,30,24,28,32
25,17,22,26,25,32,33,21,0,27,28,25,32,24,30,27
18,22,33,24,33,32,28,30,0,27,27,26,35,22,33,29
21,18,27,25,25,29,34,23,0,31,28,28,25,26,25,26
17,21,30,25,29,25,31,25,0,32,26,25,28,24,29,32
20,22,27,23,31,30,32,22,0,27,29,24,28,25,26,29
16,23,28,23,33,25,34,18,0,31,26,26,29,28,29,25
18,19,31,22,26,30,26,27,0,31,27,24,28,27,30,33
21,20,28,23,27,35,31,22,0,34,26,28,32,30,28,30
17,20,31,23,25,27,30,20,0,31,28,25,28,25,32,26
25,21,25,24,29,23,29,27,0,32,24,24,24,24,31,29
17,22,31,24,30,27,31,22,0,29,25,27,28,25,25,26
23,21,19,22,31,31,39,21,0,27,25,28,28,18,33,29
23,21,29,25,32,29,34,23,0,33,24,27,25,27,33,28
20,20,26,23,23,27,26,25,0,32,26,23,29,24,28,32
21,21,29,23,32,28,28,22,0,32,24,23,28,23,29,34
23,18,26,25,28,32,31,24,0,26,25,26,26,25,30,31
24,20,26,20,33,27,32,26,0,32,25,27,28,22,33,33
22,20,31,24,30,30,31,27,0,28,26,23,30,26,32,30
16,21,28,22,28,32,35,22,0,32,26,25,26,24,34,28
22,20,37,21,25,28,36,23,0,31,25,28,29,20,25,34
19,18,29,21,19,28,30,28,0,32,21,22,30,20,29,37
19,22,29,21,28,30,30,22,0,33,28,26,24,24,28,31
19,17,28,21,37,27,35,22,0,29,26,30,28,20,34,35
21,23,28,23,28,30,30,24,0,31,29,27,30,25,30,30
16,18,27,20,28,28,31,24,0,30,25,25,28,23,30,30
17,20,28,23,27,30,31,23,0,30,24,23,31,24,30,36
20,19,27,22,28,30,31,20,0,28,27,28,26,19,30,31
19,19,26,23,27,30,35,23,0,29,22,31,29,22,27,37
19,20,26,24,26,30,28,23,0,32,26,26,30,22,27,31
16,20,26,22,28,30,31,23,0,27,25,25,26,21,31,36
22,21,27,23,25,29,30,23,0,29,25,27,29,22,30,34
18,20,28,24,28,31,28,22,0,29,23,25,30,20,30,30
21,19,26,22,27,30,28,19,0,31,25,24,27,23,30,32
18,19,26,20,26,31,29,22,0,29,23,25,29,20,30,31
20,21,26,21,28,31,31,22,0,31,27,23,28,20,28,28
18,19,25,22,26,31,29,20,0,29,25,25,30,25,26,29
17,21,27,20,27,27,30,20,0,30,25,28,29,22,25,30
17,21,26,22,27,31,31,21,0,30,25,25,28,22,28,26
22,21,26,20,24,33,31,22,0,32,26,27,31,23,27,25
20,21,26,23,21,30,32,24,0,30,27,26,31,22,26,25
16,19,24,21,26,30,29,22,0,30,26,25,28,23,25,26
20,19,25,20,28,31,31,24,0,29,24,23,27,21,28,30
18,20,27,23,28,29,31,20,0,27,25,28,29,20,25,23
17,20,26,21,26,30,30,23,0,29,25,28,28,23,25,30
18,19,27,22,26,29,33,26,0,30,27,24,27,23,29,27
19,19,26,23,26,30,28,25,0,31,26,23,26,22,27,26
20,21,28,22,29,29,31,24,0,31,27,27,26,23,25,26
16,18,28,20,25,30,30,20,0,31,28,25,28,23,25,24
22,19,28,21,26,29,31,23,0,28,26,26,30,24,26,27
17,19,29,23,26,28,31,23,0,29,23,28,25,22,27,30
17,20,28,21,28,29,31,25,0,31,24,23,26,20,25,28
18,20,27,20,29,29,30,21,0,30,25,26,29,20,28,27
18,19,26,22,28,30,31,19,0,28,24,26,27,18,26,26
19,20,30,20,26,30,29,23,0,28,26,26,24,21,27,28
18,19,27,21,26,26,31,18,0,30,26,27,25,23,30,31
18,20,27,22,27,31,33,23,0,29,26,26,27,21,29,31
20,19,28,20,24,27,29,27,0,29,25,29,27,26,30,32
21,21,30,24,27,30,31,22,0,30,25,27,30,24,28,32
19,18,28,21,26,29,32,25,0,27,27,27,29,26,31,27
22,22,25,21,31,24,32,26,0,32,28,26,30,22,29,32
15,27,26,24,28,26,23,19,0,27,27,25,29,26,29,31
21,21,29,23,28,30,31,28,0,31,27,28,29,25,30,31
19,21,27,23,31,30,34,23,0,34,26,26,30,27,29,32
21,18,27,22,28,29,34,20,0,27,28,29,28,27,28,26
20,21,29,22,32,33,30,23,0,29,28,28,29,21,30,31
19,22,29,22,28,32,32,21,0,28,28,28,29,26,31,29
18,21,30,18,26,34,30,20,0,31,27,28,28,24,29,27
20,20,29,23,34,29,32,24,0,30,25,30,31,26,31,30
19,20,29,21,28,30,29,19,0,31,28,29,31,24,29,31
19,21,26,22,28,29,30,24,0,29,26,27,29,27,31,31
20,19,28,23,28,28,33,23,0,29,27,32,28,27,30,32
22,20,30,20,25,31,31,20,0,29,27,29,30,27,30,30
16,21,26,23,31,33,31,21,0,31,26,28,30,25,31,32
21,18,26,20,27,32,30,24,0,31,25,29,31,25,30,29
18,22,22,23,31,28,29,28,0,29,26,28,28,27,29,31
21,18,31,22,22,34,29,26,0,30,25,30,31,29,30,31
19,19,28,21,32,28,33,26,0,31,27,29,28,25,29,34
20,21,26,21,25,32,29,24,0,32,27,27,32,26,29,33
20,21,29,22,29,29,30,18,0,33,28,32,30,25,32,32
19,19,28,23,25,34,31,25,0,32,26,26,29,27,29,32
20,21,26,22,28,30,32,23,0,32,26,27,28,25,31,32
20,20,24,24,28,23,29,23,0,28,29,27,29,25,27,34
22,19,30,21,28,28,29,27,0,29,25,29,29,25,29,32
15,19,26,22,27,35,31,24,0,31,25,29,32,21,31,33
19,20,27,22,30,28,27,22,0,28,27,29,30,24,28,33
19,20,31,23,27,30,31,23,0,34,27,29,31,24,31,31
18,18,26,21,29,30,32,23,0,30,26,27,26,26,30,32
17,20,28,24,28,34,33,20,0,28,27,30,29,26,30,31
20,17,22,24,31,33,31,24,0,29,27,28,32,25,31,31
19,20,31,23,28,28,30,25,0,32,27,28,29,27,27,32
20,19,28,25,31,29,31,24,0,32,30,31,27,24,29,35
21,20,28,21,29,32,31,27,0,30,31,28,27,23,31,31
19,18,28,22,27,27,35,22,0,31,26,30,33,25,30,32
18,20,27,22,28,30,31,23,0,31,27,28,27,25,29,31
21,19,26,22,27,33,32,23,0,31,28,27,30,22,32,34
18,19,24,23,25,30,27,19,0,29,29,27,27,25,31,33
20,19,29,22,25,30,31,24,0,31,27,29,28,24,31,32
20,21,27,19,30,27,28,25,0,30,26,28,30,25,29,33
17,21,26,21,27,28,33,23,0,31,27,29,29,24,30,33
16,22,25,22,27,32,32,22,0,32,28,30,31,24,30,30
20,20,31,21,27,23,31,22,0,32,25,28,30,22,30,33
19,21,28,21,26,25,23,23,0,29,29,29,31,25,26,31
18,22,26,25,28,27,31,23,0,29,28,30,31,27,30,33
20,20,28,23,26,31,29,24,0,30,28,28,29,27,30,32
20,21,28,23,30,29,34,26,0,34,28,30,30,22,31,31
20,20,30,23,30,30,31,20,0,30,24,29,28,26,28,30
19,18,29,20,29,29,31,23,0,31,26,26,30,25,31,35
20,20,27,24,27,27,31,23,0,29,27,28,28,26,29,32
20,18,27,20,28,27,31,23,0,32,25,28,27,25,27,32
19,20,25,26,25,31,27,23,0,27,24,30,30,22,35,32
20,20,30,23,32,31,31,23,0,32,27,27,29,25,26,33
19,18,27,22,28,30,31,22,0,29,27,28,30,22,29,30
17,18,25,20,23,27,27,23,0,26,22,25,25,22,25,26
20,17,29,21,26,25,26,15,0,29,26,25,28,22,25,25
18,18,24,22,24,30,26,21,0,29,28,29,29,22,29,26
20,17,26,22,28,27,31,22,0,29,29,25,31,22,27,27
16,17,28,23,25,27,28,21,0,30,24,26,30,21,28,27
15,14,26,21,27,31,27,20,0,31,26,25,28,22,28,27
17,19,25,22,23,28,25,20,0,30,25,25,27,22,26,26
17,17,27,22,26,27,29,24,0,30,25,26,24,20,28,28
16,17,26,21,25,30,33,21,0,28,24,25,29,24,28,27
18,20,23,21,27,30,31,22,0,31,26,24,28,23,28,26
18,18,26,20,28,30,28,20,0,31,27,26,25,22,28,26
19,20,28,20,25,30,32,22,0,31,25,28,28,24,27,27
18,18,25,21,26,29,27,22,0,28,24,26,25,24,28,27
21,19,24,22,24,30,30,21,0,27,24,24,28,22,24,25
18,21,25,19,28,31,29,20,0,30,26,30,28,22,28,28
20,19,25,19,26,30,26,23,0,28,25,27,28,23,27,29
19,16,26,21,26,28,29,19,0,26,24,23,28,27,25,27
19,19,25,21,28,28,31,24,0,30,27,24,28,23,29,28
18,19,27,21,26,28,29,23,0,30,26,26,28,20,26,27
18,18,27,20,26,29,28,21,0,30,27,24,25,21,26,27
15,20,27,20,24,28,30,21,0,32,26,26,26,22,26,25
16,19,27,21,28,25,28,21,0,31,25,26,29,23,28,24
17,18,29,22,23,28,31,23,0,29,25,28,26,21,27,28
18,19,24,21,24,26,28,23,0,30,26,27,27,23,26,27
18,18,28,20,29,26,29,21,0,30,26,26,26,25,26,28
16,19,26,22,26,28,29,23,0,27,25,27,24,20,27,26
18,19,25,21,26,25,28,20,0,32,25,26,25,21,25,26
19,20,28,18,26,28,33,19,0,31,23,26,28,22,26,26
18,19,24,21,24,25,30,20,0,28,24,28,27,21,24,24
20,19,26,18,27,29,29,19,0,28,25,29,26,22,28,27
16,19,28,19,25,26,29,22,0,26,26,25,25,19,26,27
17,18,22,19,25,23,29,22,0,27,27,24,28,23,28,27
16,17,27,22,26,29,27,23,0,32,27,27,31,22,25,25
16,18,23,20,27,28,30,21,0,27,24,27,25,20,26,23
17,18,27,22,20,27,29,20,0,27,29,25,28,23,25,25
14,18,24,21,24,26,27,20,0,32,25,27,28,20,28,25
19,16,22,23,29,23,26,20,0,31,29,26,26,23,26,26
18,16,26,20,27,28,29,24,0,27,25,24,26,21,25,25
19,18,22,20,26,27,27,21,0,29,25,27,27,21,27,24
18,20,25,22,26,30,27,19,0,25,29,27,27,20,28,24
16,16,20,18,24,19,29,23,0,28,26,24,26,24,26,25
15,19,25,20,26,26,30,21,0,26,27,24,29,17,28,24
17,19,25,19,21,22,28,19,0,30,27,26,24,22,25,23
20,20,27,22,25,17,29,22,0,27,23,25,26,20,24,26
21,17,24,19,23,28,30,22,0,28,26,27,29,23,25,26
17,18,24,19,26,27,31,20,0,27,20,28,27,20,27,23
18,17,26,18,24,29,28,20,0,31,28,26,27,23,27,27
18,20,26,22,21,30,27,18,0,26,27,23,27,20,26,24
16,22,29,21,25,31,26,24,0,30,24,24,31,20,27,25
15,18,21,23,25,29,26,22,0,33,24,24,26,23,24,26
16,19,25,21,26,28,33,24,0,29,28,30,27,24,27,27
21,15,18,21,27,27,30,23,0,24,24,27,35,20,29,26
14,18,25,19,25,29,28,23,0,33,29,24,29,21,25,26
18,15,25,19,26,26,30,21,0,27,25,21,25,22,25,24
17,20,28,23,25,29,30,23,0,25,25,26,25,23,25,26
14,19,26,21,28,25,30,22,0,36,28,25,24,23,28,24
19,21,26,18,22,23,31,21,0,31,26,25,25,22,22,24
15,18,27,20,25,28,27,24,0,27,19,23,24,22,27,28
23,20,30,21,26,27,28,23,0,33,23,21,24,15,26,26
14,19,26,20,20,24,29,20,0,31,25,25,23,19,23,23
15,19,24,21,24,27,30,23,0,32,22,22,28,23,30,27
25,20,22,20,26,27,28,18,0,25,24,23,28,26,27,23
18,20,26,20,27,26,29,25,0,30,25,23,31,23,28,22
20,19,24,20,24,25,33,20,0,25,22,25,27,21,29,24
20,17,17,22,23,30,31,24,0,30,22,24,25,20,30,29
18,19,22,24,29,26,26,23,0,26,27,21,31,25,25,27
20,18,24,19,18,32,29,25,0,30,29,20,28,21,23,24
22,18,29,21,24,33,31,23,0,30,25,27,28,22,23,26
24,19,26,20,28,30,27,22,0,27,28,23,28,20,25,24
22,18,26,25,34,26,27,21,0,22,27,22,28,24,26,27
26,21,24,22,27,27,30,24,0,34,24,23,30,27,29,25
18,20,21,22,28,30,34,25,0,30,27,26,25,23,25,26
14,17,27,17,27,30,32,20,0,29,22,23,30,24,28,24
18,19,26,20,30,29,32,20,0,31,27,26,26,25,27,25
16,22,32,19,28,28,28,24,0,33,23,24,27,26,29,24
20,19,31,22,26,23,26,22,0,32,25,23,32,22,23,26
16,19,25,21,28,30,34,23,0,31,27,24,29,24,30,27
20,21,28,20,30,36,31,23,0,29,26,27,34,23,29,27
18,21,37,25,31,31,31,27,0,30,29,25,28,23,28,29
23,21,32,20,26,29,28,19,0,24,26,25,29,27,28,25
18,21,26,20,28,29,33,25,0,32,25,22,31,23,26,26
22,21,27,26,30,29,32,23,0,35,29,26,29,22,30,28
20,16,29,21,26,19,32,19,0,32,29,26,27,27,31,26
18,19,30,22,28,26,31,23,0,35,27,25,30,25,30,28
20,20,25,20,28,30,35,23,0,30,27,29,31,26,28,29
22,22,27,23,26,31,33,24,0,33,25,26,30,26,33,28
20,19,30,25,30,30,29,24,0,32,28,27,30,24,29,28
18,19,28,22,30,33,33,28,0,29,26,27,37,22,32,29
19,21,30,23,32,30,30,27,0,29,27,27,33,27,33,25
22,17,30,24,31,33,33,28,0,34,32,26,33,27,30,30
20,20,24,24,33,35,29,25,0,40,29,26,31,25,36,31
19,20,30,23,30,33,35,23,0,27,27,30,32,23,37,29
18,24,30,23,31,33,35,26,0,37,29,29,35,26,33,29
19,22,29,22,29,32,36,23,0,34,31,29,32,26,33,28
22,24,32,24,29,33,35,22,0,33,30,23,30,24,31,30
21,23,31,25,30,33,38,28,0,31,38,31,42,26,32,30
22,23,34,26,30,32,42,24,0,39,37,35,31,26,31,30
23,21,29,26,26,43,34,32,0,35,36,27,35,26,34,32
20,21,21,23,30,32,40,29,0,36,33,33,36,30,35,29
21,22,31,26,32,40,35,26,0,35,36,29,38,27,30,28
21,21,28,28,35,35,38,27,0,43,35,34,34,32,34,31
21,21,35,27,32,29,41,27,0,37,34,31,32,28,33,28
20,26,32,26,37,32,43,28,0,44,35,35,35,25,30,29
16,22,26,26,33,34,47,26,0,39,34,32,38,29,31,30
20,22,34,28,33,34,46,31,0,34,33,32,34,24,33,27
22,19,37,26,33,32,46,28,0,36,31,31,33,29,29,28
21,24,31,30,34,33,38,30,0,37,34,31,34,27,32,31
23,24,32,35,34,40,42,27,0,37,36,36,39,27,30,30
20,24,35,38,33,37,44,28,0,39,34,33,34,29,33,31
23,24,31,40,34,36,38,29,0,40,36,33,35,29,30,31
19,23,34,39,35,38,41,28,0,38,33,35,35,29,33,28
21,23,31,35,35,36,39,26,0,39,30,31,36,24,31,28
25,26,40,34,35,38,39,26,0,36,35,36,37,26,33,26
19,29,36,35,35,35,39,31,0,37,35,32,36,30,33,30
24,26,38,25,33,36,39,29,0,38,34,34,36,30,32,29
24,29,35,28,32,37,36,27,0,39,30,34,35,23,33,28
25,29,36,28,37,36,40,29,0,38,34,35,35,27,32,28
22,29,37,28,37,35,36,25,0,41,33,33,35,23,32,28
23,26,37,29,33,37,36,24,0,40,34,31,35,28,32,27
24,27,40,30,32,33,38,26,0,38,36,35,36,29,31,26
26,25,35,25,30,36,35,27,0,40,33,30,37,25,31,28
26,26,35,28,34,34,37,26,0,38,36,30,36,23,32,27
28,27,32,28,33,38,36,26,0,40,36,35,36,25,34,28
26,25,35,28,35,36,39,30,0,38,37,33,36,25,31,28
28,26,32,27,33,36,34,26,0,37,37,34,33,25,32,26
26,26,32,26,33,38,35,28,0,44,33,37,35,29,32,28
25,24,34,27,33,34,35,28,0,38,36,33,36,27,32,29
26,26,34,28,36,36,36,28,0,40,35,35,37,27,32,30
25,25,38,31,34,42,39,28,0,41,33,34,36,26,31,29
22,23,30,24,29,42,36,30,0,39,31,35,35,27,33,31
25,26,31,30,34,37,37,30,0,37,35,31,35,23,30,29
30,29,36,30,35,39,37,29,0,38,35,34,40,27,32,30
25,26,33,27,33,37,36,26,0,37,33,34,36,25,30,30
26,26,38,27,34,38,35,25,0,38,36,34,34,24,35,27
27,26,36,29,33,39,34,26,0,39,33,31,36,26,32,29
26,26,34,30,36,40,38,26,0,38,37,33,34,24,28,31
26,26,32,29,34,38,38,25,0,37,33,33,37,26,29,28
27,27,35,31,34,39,36,26,0,35,36,34,33,24,30,28
27,26,35,28,32,37,40,27,0,38,32,35,35,28,33,31
21,24,34,26,35,33,36,25,0,39,33,33,33,25,31,29
24,25,30,25,34,39,38,25,0,40,34,33,34,23,31,30
25,28,33,28,38,43,39,27,0,37,36,34,37,27,31,28
22,25,34,31,33,40,42,24,0,38,34,36,39,24,30,27
24,25,37,31,33,38,38,28,0,39,33,35,36,26,32,28
25,26,41,33,34,38,38,28,0,41,34,35,38,29,34,32
26,25,41,32,36,41,39,27,0,42,32,36,38,24,32,30
26,26,38,28,33,29,34,24,0,38,33,34,33,25,31,29
31,32,41,38,36,44,37,30,0,29,41,32,17,33,32,29
28,28,36,30,34,43,40,21,0,42,35,41,28,26,25,19
27,24,35,23,33,34,33,22,0,39,29,34,35,27,34,28
24,26,34,27,35,31,33,22,0,36,35,28,31,28,31,29
32,29,39,30,38,41,40,26,0,46,39,31,38,27,31,35
26,22,36,25,37,38,36,28,0,43,31,46,33,26,31,17
22,21,33,25,32,34,33,24,0,35,29,29,32,25,29,29
25,27,35,27,33,34,33,27,0,39,33,28,36,28,29,26
30,27,40,28,42,40,38,29,0,43,41,37,39,29,35,23
26,25,36,25,34,40,34,26,0,40,35,37,33,24,33,30
22,25,30,26,34,33,31,25,0,37,30,29,33,24,31,26
28,28,36,30,34,35,32,25,0,40,37,29,34,25,30,26
32,26,34,29,40,45,42,29,0,20,35,37,30,26,39,27
25,23,32,25,34,34,41,27,0,41,30,39,34,24,31,28
25,22,32,26,28,33,36,26,0,42,30,30,34,25,28,26
32,28,37,31,36,42,36,26,0,47,37,35,35,26,29,27
27,24,36,24,33,38,40,26,0,42,30,36,36,25,30,28
21,21,31,25,30,35,34,23,0,38,28,28,31,25,29,27
26,29,37,32,34,43,37,26,0,43,37,31,36,26,32,29
29,24,40,30,36,41,40,27,0,42,34,37,35,29,34,29
21,24,40,30,28,39,38,28,0,39,32,30,34,26,29,28
25,28,43,33,34,42,37,32,0,43,48,33,36,33,31,28
27,25,37,30,40,42,40,28,0,41,34,32,35,27,31,23
24,24,32,27,33,33,38,23,0,36,29,32,31,23,33,28
25,29,35,30,32,44,33,26,0,41,36,30,37,29,30,27
32,29,37,33,35,40,41,29,0,32,42,38,28,26,34,32
26,24,30,29,33,34,41,25,0,40,29,34,33,25,29,28
22,24,31,27,31,32,33,26,0,38,32,30,28,24,30,29
25,25,36,31,36,34,36,29,0,41,38,31,34,27,31,31
26,24,34,29,33,39,38,26,0,40,33,39,39,30,35,29
26,24,32,23,33,41,35,25,0,39,31,31,34,25,30,26
25,29,35,27,33,37,40,28,0,42,37,34,35,26,30,28
26,25,37,26,35,40,40,31,0,40,33,41,46,28,31,29
18,23,31,25,32,34,38,28,0,36,32,33,34,25,29,29
24,26,33,27,34,33,34,22,0,37,38,32,32,24,32,26
24,28,39,33,33,39,34,23,0,45,38,46,41,20,16,21
24,25,30,28,33,33,39,25,0,43,32,34,38,28,31,31
25,27,33,28,31,40,37,28,0,40,37,29,34,30,30,26
26,30,34,29,30,43,41,34,0,42,35,35,43,23,28,25
27,26,36,26,33,37,42,26,0,38,35,37,36,28,29,28
26,28,34,32,33,36,32,28,0,38,36,34,33,24,31,30
26,29,37,35,40,44,37,30,0,41,36,39,45,30,32,32
24,25,36,30,35,38,38,27,0,44,37,36,36,26,31,26
24,29,35,31,34,37,40,24,0,40,38,34,34,25,33,28
28,28,41,30,33,40,39,32,0,42,35,35,33,26,33,33
25,26,35,26,32,35,39,30,0,38,33,36,36,25,30,29
26,27,36,28,36,40,34,25,0,38,31,31,29,25,30,28
37,30,35,33,39,35,40,25,0,16,35,35,43,32,32,32
28,25,35,32,37,36,38,30,0,39,34,39,35,24,31,27
20,23,25,26,35,34,35,28,0,36,33,34,31,25,32,28
29,26,35,31,34,33,35,28,0,41,29,31,31,27,31,28
30,33,42,31,39,38,35,30,0,41,49,31,35,28,36,31
26,28,39,26,30,33,37,24,0,36,29,36,34,26,30,27
20,26,31,25,29,32,36,25,0,37,32,28,31,26,29,25
30,36,39,31,32,38,36,19,0,42,37,36,39,30,31,35
30,27,36,26,35,46,43,30,0,17,33,37,36,27,36,31
26,24,31,26,30,32,34,27,0,35,31,29,31,25,27,26
35,28,34,29,29,32,33,25,0,36,35,31,32,27,34,27
29,27,45,30,35,38,37,29,0,41,36,40,37,26,33,28
30,24,34,28,35,38,40,28,0,39,32,35,37,27,31,31
30,24,36,29,33,38,37,27,0,38,32,34,36,26,29,28
28,27,36,27,34,37,36,28,0,38,32,34,35,29,33,28
25,24,36,27,30,35,34,28,0,37,31,33,36,25,29,27
23,32,39,20,31,34,33,26,0,34,25,35,34,25,33,25
29,26,40,27,34,38,39,25,0,48,35,37,47,26,37,28
25,25,35,22,30,32,37,22,0,37,31,28,33,25,32,25
25,27,34,28,33,34,36,27,0,37,33,30,31,29,29,29
34,24,37,29,38,42,47,28,0,42,42,42,42,27,32,24
27,24,35,28,33,36,37,28,0,33,34,34,36,26,32,28
23,25,31,27,33,38,39,27,0,36,33,33,34,25,31,26
34,26,36,28,33,40,39,25,0,36,35,38,41,30,35,30
24,25,32,26,31,37,38,28,0,40,32,38,36,25,31,31
23,25,35,26,28,34,38,24,0,34,34,32,30,23,27,28
21,21,38,34,33,31,38,24,0,31,42,37,29,30,33,28
26,26,36,27,34,36,36,29,0,38,32,40,34,26,33,29
20,21,30,29,35,39,31,25,0,36,31,33,35,24,30,27
26,28,34,28,32,37,34,26,0,40,44,30,34,27,30,26
27,25,39,31,36,40,42,28,0,43,42,40,35,29,31,33
26,23,36,27,35,37,36,27,0,36,34,34,35,24,33,29
25,31,33,27,33,35,36,23,0,40,34,30,33,28,31,29
27,26,38,31,36,41,37,26,0,42,41,36,34,30,34,31
27,25,37,25,33,36,38,25,0,37,29,26,33,26,35,31
27,26,33,25,28,35,37,28,0,37,34,33,31,28,32,30
30,22,38,29,33,36,35,25,0,38,32,33,34,25,32,32
27,25,37,28,38,34,39,25,0,40,37,36,37,28,35,28
27,25,34,28,34,34,39,24,0,40,34,33,34,28,31,30
26,26,35,27,32,34,33,25,0,37,32,30,33,26,33,27
30,29,36,23,39,37,35,26,0,40,39,45,38,29,38,32
25,24,34,28,32,34,37,24,0,38,30,36,37,25,33,28
27,26,28,26,32,34,33,27,0,33,30,30,35,22,30,23
25,27,36,25,31,32,35,25,0,39,36,31,34,25,35,27
29,33,40,23,38,35,37,28,0,48,22,33,39,26,21,29
28,25,35,27,33,35,39,27,0,41,31,36,34,25,28,28
24,23,37,26,33,35,35,22,0,43,35,30,33,25,28,29
27,26,43,30,32,37,36,26,0,26,33,34,37,26,33,28
29,24,34,29,31,33,43,27,0,50,31,36,13,27,28,30
27,24,33,26,31,33,40,29,0,41,34,32,35,25,30,29
30,26,34,29,33,37,35,24,0,37,31,34,34,28,32,28
21,27,27,25,28,48,38,24,0,15,20,36,16,20,43,31
26,23,31,27,29,40,40,32,0,35,33,38,38,24,35,31
25,24,32,25,34,39,36,28,0,37,32,32,35,29,29,29
24,27,34,25,30,43,35,24,0,35,33,33,34,29,31,30
23,27,30,30,31,45,33,25,0,33,33,31,14,32,32,27
24,28,35,28,34,37,35,26,0,38,34,34,34,25,35,30
25,29,41,29,38,40,36,22,0,40,33,33,32,27,51,30
27,26,40,33,33,36,32,26,0,41,40,35,37,28,31,29
24,26,40,25,29,34,34,20,0,37,30,34,31,27,30,29
24,31,39,26,29,34,33,28,0,38,36,33,32,25,30,30
28,35,40,26,33,39,37,19,0,37,36,28,36,26,21,21
30,27,39,19,31,36,37,26,0,40,28,35,34,26,33,29
27,25,35,25,31,35,37,25,0,35,34,35,34,25,26,28
26,26,36,27,32,36,36,23,0,37,34,32,33,25,30,30
29,26,36,25,29,38,36,26,0,39,35,35,36,23,30,29
25,24,36,26,33,36,35,26,0,38,34,37,32,25,30,28
30,23,33,26,30,36,34,23,0,41,31,33,36,25,29,27
27,25,33,27,31,34,34,28,0,38,30,34,34,30,28,29
27,26,33,26,34,37,28,13,0,34,34,35,37,28,28,16
24,23,33,25,31,33,30,24,0,36,29,33,36,25,31,29
33,23,24,21,31,36,34,23,0,37,38,32,37,36,25,27
26,25,35,27,33,37,30,27,0,35,36,34,30,25,32,31
23,23,23,24,27,33,31,23,0,32,32,26,29,29,30,26
26,26,31,25,30,34,33,19,0,36,38,31,32,23,33,27
23,24,32,20,32,34,41,23,0,57,23,30,54,25,32,14
26,23,31,25,33,35,39,25,0,37,32,24,34,25,29,26
23,23,31,26,32,30,31,25,0,38,32,32,30,30,27,30
25,25,36,26,31,36,30,23,0,30,34,30,31,25,33,39
26,24,37,25,33,36,35,22,0,53,34,32,30,25,29,26
24,26,32,24,29,34,35,20,0,34,26,33,32,21,29,24
23,25,36,25,28,35,35,25,0,37,30,34,31,25,30,26
27,25,34,24,34,37,34,27,0,38,31,33,31,28,29,29
26,24,34,26,32,31,33,28,0,53,31,32,40,26,27,33
25,26,36,25,33,33,36,28,0,34,26,36,24,20,31,26
27,24,34,25,38,38,36,27,0,38,32,36,34,25,31,33
24,24,36,28,31,35,34,25,0,35,29,30,34,27,32,29
22,24,39,25,33,31,32,27,0,37,35,34,28,25,24,31
21,24,36,25,39,37,35,31,0,55,35,41,18,29,40,39
26,18,37,27,31,40,44,21,0,35,35,31,30,25,37,27
29,25,34,26,33,36,38,24,0,32,34,27,34,27,34,28
27,19,37,25,34,37,41,37,0,17,30,35,17,26,29,34
25,22,36,27,32,35,38,28,0,41,33,27,36,23,34,26
28,25,36,26,29,43,37,25,0,33,39,34,52,24,38,26
28,26,39,22,32,33,36,29,0,39,32,36,36,28,30,28
27,20,35,22,33,34,38,27,0,39,24,38,34,24,35,31
28,24,41,25,31,36,38,24,0,42,35,41,33,26,29,26
34,23,33,30,32,45,38,23,0,39,34,31,31,26,34,26
28,24,33,27,30,39,35,24,0,57,30,37,33,31,32,25
29,23,31,24,40,35,38,27,0,41,35,33,34,14,35,26
27,28,34,25,32,35,32,24,0,38,39,26,36,30,30,26
25,24,39,25,33,34,34,23,0,48,36,32,14,23,25,26
35,26,34,26,43,27,44,23,0,41,29,40,20,18,46,35
34,26,36,29,24,37,30,21,0,35,31,38,18,15,31,33
25,28,33,30,23,28,39,25,0,46,23,40,13,24,29,15
30,25,46,34,32,32,34,23,0,31,48,37,35,42,24,29
27,24,36,28,29,36,33,24,0,37,32,28,40,25,33,31
18,22,34,26,29,23,35,25,0,27,34,32,16,34,31,28
23,24,36,25,31,35,36,23,0,46,32,35,34,23,35,26
27,22,35,27,42,22,34,22,0,38,44,35,21,23,40,16
24,24,36,26,31,33,32,23,0,37,33,30,33,28,29,33
25,23,33,26,29,34,36,28,0,41,32,35,28,24,28,30
24,21,33,26,29,34,28,24,0,37,33,31,33,26,30,26
24,23,33,24,28,28,34,19,0,30,33,36,33,24,31,29
22,24,35,25,30,33,32,25,0,32,31,31,31,28,29,26
24,24,34,28,33,33,32,27,0,37,31,28,32,22,28,27
25,24,34,25,29,33,37,23,0,37,31,32,29,25,30,26
23,23,31,24,32,33,33,25,0,37,28,34,31,27,31,26
23,23,31,27,34,32,34,25,0,35,35,38,30,21,29,26
23,23,31,24,29,32,31,21,0,34,34,31,34,25,28,24
22,20,32,24,28,31,32,23,0,37,31,33,34,26,31,31
24,24,30,27,28,31,34,25,0,41,34,34,33,26,33,30
26,22,30,28,30,32,33,25,0,35,32,29,33,26,31,27
27,21,31,26,29,33,33,22,0,36,34,31,30,26,26,28
22,23,33,25,28,33,33,23,0,38,32,32,31,26,29,29
25,20,26,24,30,37,35,23,0,62,33,32,22,28,33,38
23,22,33,24,29,33,35,24,0,33,32,32,33,26,30,27
22,24,32,27,31,33,33,24,0,35,34,31,29,25,27,28
25,23,36,25,30,31,31,22,0,35,30,32,35,26,32,27
21,26,35,25,38,36,36,24,0,22,34,21,27,31,32,40
23,24,33,26,28,34,32,29,0,37,32,31,29,27,29,24
21,24,34,28,30,43,28,29,0,18,31,36,13,26,19,30
22,24,30,24,30,28,40,23,0,32,34,37,38,26,34,26
27,25,31,25,30,30,34,24,0,36,34,34,31,25,31,24
24,25,31,24,33,33,36,28,0,33,33,33,33,28,32,29
24,23,32,28,29,32,34,22,0,39,34,31,36,26,32,26
28,24,35,28,28,37,34,23,0,34,34,33,30,25,31,29
20,24,31,27,29,32,35,25,0,36,32,31,33,27,30,27
26,26,34,23,33,38,31,25,0,35,30,34,28,26,32,25
24,24,34,25,28,36,35,20,0,37,33,32,32,24,29,25
24,24,30,25,31,34,31,27,0,33,32,35,35,25,28,26
25,24,36,26,30,34,33,25,0,32,32,39,36,24,30,30
24,26,29,29,28,34,36,24,0,42,39,34,30,27,33,27
26,23,34,28,33,31,41,24,0,38,30,33,30,26,32,28
25,22,31,28,35,34,31,24,0,38,34,28,43,25,23,30
24,25,35,25,30,36,35,26,0,34,34,29,34,24,31,28
26,21,32,27,32,33,36,24,0,36,35,33,34,28,27,28
24,22,30,27,30,34,37,23,0,36,33,34,31,26,29,28
24,24,32,26,33,33,36,25,0,36,30,35,34,25,32,27
24,25,35,23,31,34,34,26,0,37,34,35,30,28,28,27
25,23,31,27,28,33,38,28,0,37,32,33,30,28,23,24
25,25,33,26,32,33,32,24,0,32,31,32,32,29,30,28
26,24,31,26,31,32,31,27,0,37,32,31,33,24,31,28
19,25,20,22,33,33,27,30,0,26,43,36,28,21,46,17
29,21,31,34,33,19,33,26,0,38,43,31,36,17,38,26
29,15,39,25,40,47,29,30,0,57,38,22,15,23,42,36
22,25,33,25,35,30,40,24,0,38,33,37,35,26,31,30
24,21,30,26,29,34,37,22,0,33,35,34,30,28,33,21
27,24,30,27,30,35,34,24,0,39,32,32,33,26,34,26
24,24,31,26,30,35,32,20,0,36,33,33,35,28,32,29
28,24,34,26,30,32,31,23,0,34,42,33,33,26,30,28
24,24,31,23,28,32,33,27,0,33,34,32,30,22,29,30
29,31,36,30,29,34,34,27,0,37,39,33,35,26,19,29
27,25,36,30,36,37,40,30,0,41,33,41,37,30,35,29
26,28,38,32,34,38,36,25,0,41,39,36,37,25,32,30
30,27,37,32,35,38,36,28,0,42,36,39,36,26,31,28
29,29,39,32,36,39,37,28,0,41,39,37,33,28,32,34
30,27,39,34,33,37,38,23,0,38,38,38,34,29,35,28
31,29,37,32,33,39,38,28,0,37,39,38,35,27,32,30
31,27,36,32,36,40,39,30,0,44,39,38,36,29,36,28
26,29,36,33,35,41,37,26,0,42,39,40,36,27,34,28
30,30,37,30,36,40,36,25,0,42,39,38,38,26,33,30
28,29,37,31,34,40,37,32,0,43,39,39,35,28,31,29
30,27,37,33,33,41,35,28,0,42,40,36,36,25,32,28
29,29,37,31,33,38,37,28,0,41,38,39,38,28,35,29
28,27,37,33,36,42,37,30,0,42,39,43,35,25,34,29
29,29,35,33,37,38,37,31,0,43,37,40,37,25,32,29
29,28,38,34,34,39,39,28,0,41,40,38,37,28,32,30
30,30,37,33,33,39,35,30,0,40,36,38,36,29,35,31
28,28,40,36,35,39,38,28,0,44,39,39,35,30,33,26
27,29,39,33,35,39,40,30,0,42,39,36,38,30,34,30
29,31,39,32,34,38,41,29,0,42,39,38,37,27,35,30
27,29,37,32,32,40,40,28,0,41,40,38,37,29,31,26
30,29,40,32,34,40,40,28,0,42,38,40,39,24,32,30
30,28,35,35,38,40,36,27,0,44,39,41,38,28,35,29
31,29,38,31,36,40,36,31,0,43,39,41,36,27,30,29
31,30,40,33,35,41,38,28,0,42,39,40,38,26,32,28
30,28,41,36,35,41,38,31,0,45,40,41,34,27,33,29
27,30,40,34,38,39,36,28,0,42,39,38,38,30,33,31
31,29,39,32,36,40,40,28,0,42,39,37,38,29,33,31
33,31,39,35,34,43,36,28,0,45,39,39,36,26,30,28
28,31,39,34,36,41,38,29,0,42,39,39,40,29,33,29
31,28,38,35,35,43,38,27,0,41,38,38,38,28,35,31
30,30,36,33,35,42,40,30,0,40,40,39,37,27,31,29
28,31,40,36,37,42,37,26,0,43,42,39,37,29,35,28
27,29,40,35,35,43,39,29,0,41,40,40,33,24,35,31
28,32,38,36,38,41,40,29,0,45,41,40,39,28,34,30
29,31,42,36,39,45,40,31,0,42,39,39,37,27,30,31
29,31,37,35,35,43,40,28,0,41,39,43,38,30,33,29
28,31,40,37,39,42,40,31,0,42,39,40,37,27,32,30
34,30,43,35,37,44,42,31,0,48,40,45,39,27,34,30
30,32,39,38,38,44,40,31,0,48,42,41,38,29,35,30
30,31,40,35,40,42,40,33,0,45,39,41,37,25,32,30
30,31,41,36,37,44,43,30,0,43,42,44,38,29,32,30
33,32,43,38,38,43,39,29,0,43,42,44,40,29,35,30
31,31,41,37,39,45,42,32,0,44,45,41,39,28,37,30
30,31,42,35,37,45,44,32,0,43,41,43,40,28,35,29
30,31,43,39,39,45,44,32,0,49,42,44,37,26,36,31
33,31,41,38,40,45,40,33,0,46,43,41,39,29,34,32
30,32,43,39,40,46,44,30,0,46,40,43,41,30,33,30
30,31,41,37,41,43,44,33,0,50,42,44,40,28,33,30
33,33,43,38,39,45,43,35,0,48,45,42,38,30,33,34
32,32,38,37,41,45,43,31,0,47,45,41,40,32,37,32
31,33,44,39,38,46,45,36,0,46,44,42,40,31,36,31
31,32,41,38,38,44,44,35,0,45,45,43,41,29,36,31
31,31,41,40,41,47,44,34,0,48,43,46,44,31,35,30
31,33,42,40,39,49,46,33,0,51,38,46,42,31,36,29
29,33,42,41,41,48,46,35,0,49,0,44,42,32,37,32
29,32,41,40,42,47,44,34,0,47,0,45,42,30,40,28
30,31,42,40,40,48,47,35,0,47,0,45,47,30,38,31
30,32,40,42,41,49,46,38,0,54,0,49,46,33,39,30
31,33,44,41,42,49,47,37,0,53,0,46,46,32,39,32
30,33,43,43,41,48,50,36,0,51,42,44,49,31,37,30
30,31,41,41,42,47,46,33,0,52,43,44,41,33,37,33
27,31,41,39,40,49,50,31,0,52,43,44,43,30,39,28
30,33,42,40,43,46,47,35,0,50,47,44,45,32,40,31
20,31,40,40,46,44,48,31,0,48,41,42,40,30,46,30
27,31,44,39,40,46,47,31,0,51,44,44,42,37,41,32
26,30,41,41,41,50,52,33,0,54,38,42,48,35,38,32
27,35,46,34,51,38,54,35,0,25,41,46,55,40,42,31
26,30,42,39,40,51,49,34,0,66,41,44,47,43,47,31
30,32,53,34,48,48,53,32,0,59,37,48,41,43,53,29
23,34,45,41,42,50,52,32,0,53,48,44,44,40,35,29
27,31,41,36,41,46,49,38,0,50,44,41,44,40,52,29
27,30,47,37,40,49,52,35,0,51,45,39,44,41,46,32
26,36,46,41,43,47,56,35,0,51,37,44,40,41,42,32
25,36,50,45,42,48,47,27,0,38,50,53,47,30,45,35
24,28,38,35,35,49,53,37,0,77,45,42,48,35,40,41
29,31,44,38,42,44,52,32,0,32,49,48,55,42,46,36
27,27,42,39,42,46,55,36,0,31,45,43,41,40,43,37
25,29,44,37,42,42,48,37,0,55,44,41,48,39,44,38
26,27,42,38,40,44,52,35,0,54,42,42,38,41,43,36
27,26,40,33,39,46,52,35,0,49,45,42,42,38,41,36
26,27,40,36,39,45,49,35,0,52,42,43,43,37,44,34
20,28,38,32,41,41,50,34,0,49,43,40,44,36,40,37
25,28,41,32,40,46,49,34,0,52,42,42,47,39,40,37
24,25,40,34,38,47,48,34,0,51,43,42,42,37,41,38
23,28,36,35,39,49,50,31,0,48,45,43,43,34,42,37
23,27,38,31,38,47,48,32,0,48,44,44,44,37,41,37
25,28,39,31,36,46,48,37,0,48,40,44,43,36,40,36
22,28,37,31,35,44,48,33,0,49,41,43,44,34,39,36
22,25,38,30,33,40,47,33,0,45,38,41,48,38,43,36
21,27,37,29,34,43,45,33,0,47,40,40,43,36,40,33
22,24,36,30,30,38,43,33,0,46,39,41,41,35,41,39
24,25,34,30,33,42,46,31,0,46,39,41,42,35,42,30
28,25,35,31,34,36,44,28,0,47,34,37,39,36,43,35
22,28,31,29,34,44,43,30,0,44,36,34,43,34,42,34
24,25,36,30,32,45,43,33,0,44,38,39,39,35,42,37
25,23,33,28,35,36,40,29,0,43,38,38,43,35,39,33
21,22,35,28,35,37,40,30,0,44,39,35,42,35,40,33
24,23,35,29,36,40,41,30,0,41,33,34,41,33,43,35
21,23,33,25,35,36,37,31,0,39,35,34,41,33,40,34
20,24,32,27,35,38,42,28,0,37,32,36,43,30,41,36
20,22,34,27,32,34,41,27,0,37,34,36,40,33,40,35
23,24,29,24,31,34,37,27,0,34,31,34,37,31,37,39
22,25,31,25,33,35,40,27,0,37,31,35,38,33,41,37
21,24,34,27,33,36,37,30,0,38,33,32,35,30,41,35
25,21,31,25,31,35,36,27,0,39,34,30,38,32,40,33
22,23,31,27,29,34,39,29,0,33,34,31,38,30,42,33
20,24,29,26,32,32,37,26,0,36,31,31,34,31,41,34
22,22,31,26,31,34,37,27,0,37,32,31,33,30,41,35
18,21,37,25,31,35,37,29,0,34,30,32,33,26,43,36
19,22,32,25,28,37,38,23,0,35,29,33,35,27,40,36
21,20,30,27,30,35,36,23,0,34,29,29,39,28,38,31
21,23,28,25,31,33,34,24,0,30,28,31,37,28,38,31
20,21,29,22,30,31,34,25,0,32,26,31,35,29,37,29
20,23,31,24,30,29,37,26,0,34,28,29,31,26,37,29
19,22,29,23,30,33,34,26,0,34,28,31,32,24,33,32
24,21,28,24,29,30,35,24,0,33,28,26,33,28,30,32
21,21,30,22,26,31,33,23,0,33,29,27,31,28,34,31
19,21,30,23,29,33,30,25,0,31,28,26,31,26,32,31
19,21,30,21,28,32,35,26,0,29,29,28,29,26,31,31
21,19,26,24,29,33,32,27,0,33,30,23,29,26,31,31
19,21,28,24,26,33,34,26,0,28,29,26,33,27,32,28
21,20,18,25,23,27,31,25,0,34,28,29,30,28,30,27
21,20,28,25,29,30,32,20,0,27,26,27,30,25,29,26
20,19,30,24,29,32,32,22,0,29,26,25,30,29,33,27
18,20,26,25,29,30,32,23,0,27,24,28,32,24,31,30
19,20,28,23,26,32,33,26,0,27,25,25,28,23,29,27
20,20,26,22,26,31,27,23,0,26,26,21,28,27,32,30
19,23,30,23,28,29,30,23,0,32,26,26,27,21,27,29
21,21,28,23,25,30,33,22,0,35,27,26,33,25,28,32
13,22,25,20,26,31,28,23,0,35,23,26,26,25,30,35
21,19,24,23,26,26,31,22,0,30,24,24,25,20,30,35
22,20,25,22,22,29,37,24,0,32,28,30,33,25,27,27
16,19,31,24,29,36,28,22,0,34,29,24,29,22,31,24
21,21,24,25,24,29,35,23,0,26,27,31,28,22,30,26
22,21,34,17,29,29,31,26,0,30,21,21,28,22,25,28
20,22,30,24,28,25,31,22,0,36,26,26,28,21,29,23
18,20,28,24,27,30,30,21,0,27,27,28,29,24,28,26
22,19,27,23,27,30,30,24,0,29,26,26,27,24,26,25
16,21,28,23,28,31,29,23,0,26,28,22,28,27,28,26
21,20,24,21,28,29,31,23,0,29,26,27,26,21,27,30
20,19,28,20,25,31,29,23,0,28,22,26,29,23,27,31
22,21,29,23,27,28,30,21,0,28,25,23,27,22,26,28
19,22,32,20,27,28,31,23,0,36,23,27,31,18,30,30
14,20,28,20,25,29,28,28,0,33,24,22,29,23,24,33
20,18,25,23,25,26,29,16,0,23,26,24,30,20,28,22
16,20,26,23,28,29,26,21,0,30,27,25,26,21,25,28
20,18,28,21,28,29,30,23,0,31,25,26,27,21,27,27
17,18,28,23,25,28,27,21,0,28,27,26,27,20,25,26
16,20,26,20,25,27,30,25,0,29,27,23,23,24,29,24
20,22,25,23,21,29,28,25,0,32,30,21,28,23,23,31
17,17,29,19,28,27,28,22,0,31,22,22,27,21,26,26
14,23,30,22,27,33,31,24,0,30,25,24,27,24,28,26
18,19,27,19,29,31,31,28,0,32,23,27,31,20,25,28
20,20,29,22,24,27,29,24,0,30,25,23,25,23,29,23
20,20,28,24,29,31,30,21,0,33,29,26,30,22,30,29
17,22,31,19,26,30,31,20,0,30,24,26,26,18,26,26
20,22,28,25,26,32,31,23,0,30,26,24,27,22,29,28
16,23,26,20,27,28,32,24,0,30,25,27,25,23,27,28
17,18,28,23,28,26,30,26,0,29,24,22,27,24,28,29
19,21,28,22,27,31,31,25,0,31,23,24,28,21,31,30
17,20,29,20,27,31,30,21,0,26,26,25,30,24,30,28
17,21,28,23,24,31,32,23,0,29,24,26,28,20,27,30
20,20,30,20,24,28,30,23,0,30,29,27,31,20,28,29
22,23,22,20,26,31,31,26,0,31,27,28,29,23,25,31
17,19,27,22,29,31,31,21,0,30,24,25,28,23,28,29
17,19,28,23,26,29,30,22,0,31,27,26,28,23,30,28
17,20,28,22,30,30,31,22,0,32,23,24,27,25,27,26
18,20,31,21,31,30,31,24,0,35,23,26,29,25,28,31
19,21,31,19,26,31,26,23,0,31,24,19,26,24,28,27
20,22,26,22,29,28,33,25,0,28,25,28,26,26,26,26
21,19,27,22,26,28,29,23,0,27,27,23,28,23,28,29
18,21,24,22,26,30,32,22,0,28,24,25,29,22,27,29
20,20,29,26,27,30,31,23,0,35,25,26,28,25,29,35
21,21,36,25,28,25,35,23,0,36,28,28,28,26,28,31
20,21,32,24,32,39,33,21,0,27,29,26,32,24,32,34
13,21,26,25,31,30,26,25,0,31,29,21,29,26,34,35
14,19,27,22,31,31,31,24,0,27,23,26,31,25,27,29
20,24,24,23,23,36,28,23,0,36,25,23,37,23,29,27
19,20,29,22,25,31,31,25,0,30,24,25,33,25,31,29
17,21,26,22,26,30,33,23,0,30,26,28,31,21,29,28
23,19,24,20,31,28,31,21,0,29,29,25,27,26,27,30
22,20,31,22,31,31,33,22,0,31,24,24,28,22,27,28
21,20,28,25,27,30,32,24,0,30,25,29,28,26,24,28
17,20,25,22,27,29,33,23,0,31,26,30,30,26,28,26
18,21,26,22,26,28,30,23,0,30,24,25,30,21,27,26
16,17,29,24,31,37,34,23,0,24,26,28,29,19,26,28
17,20,25,19,28,24,34,24,0,28,23,26,28,21,28,29
17,20,27,23,28,29,28,22,0,25,23,24,27,21,28,29
18,19,25,20,26,31,30,24,0,28,26,23,35,21,24,29
17,23,26,21,28,29,30,23,0,31,27,26,29,21,27,27
19,19,29,21,33,28,31,23,0,28,25,26,31,21,32,25
20,19,18,21,29,23,26,24,0,26,28,22,25,22,26,26
20,20,22,22,25,30,31,21,0,33,24,25,27,22,28,27
18,18,26,24,28,27,31,18,0,32,25,25,29,22,28,28
21,21,28,21,30,31,32,23,0,29,26,27,30,24,27,29
18,21,27,23,25,30,33,23,0,26,25,25,34,23,29,29
20,18,30,21,29,27,32,23,0,32,26,28,31,22,30,30
21,21,27,23,27,32,31,21,0,32,29,25,27,23,28,31
20,21,27,23,30,32,32,25,0,32,22,25,31,22,33,29
19,21,27,22,28,28,32,21,0,32,27,26,30,22,31,30
15,17,26,23,28,27,33,23,0,27,24,26,28,22,31,30
20,18,30,25,34,25,31,26,0,36,28,22,26,21,32,35
19,21,30,22,27,34,30,23,0,29,28,26,23,21,30,29
21,18,27,21,26,28,31,25,0,29,24,24,27,20,27,28
20,21,19,20,28,36,33,26,0,30,26,28,28,23,28,29
22,20,30,22,28,30,30,26,0,27,24,26,30,21,30,31
21,19,29,23,27,28,32,21,0,27,26,23,29,25,27,27
24,18,27,18,28,29,31,16,0,34,25,26,26,24,30,29
18,20,29,21,28,34,29,21,0,31,21,25,27,25,29,28
16,21,21,23,28,30,30,24,0,27,25,26,27,22,28,28
16,18,27,23,26,37,28,23,0,25,24,23,33,22,30,28
22,20,31,23,26,30,30,26,0,26,27,24,29,26,25,32
17,21,28,22,28,30,30,22,0,29,26,28,28,23,31,29
20,20,26,23,30,28,30,23,0,29,26,26,28,22,29,32
20,20,26,20,28,34,31,22,0,31,25,25,31,24,28,29
20,18,25,19,25,37,28,22,0,27,24,24,28,25,26,29
19,19,29,19,27,27,29,24,0,29,23,25,29,25,27,29
19,23,25,22,29,29,34,23,0,30,28,27,28,22,27,28
17,16,24,23,27,30,32,24,0,33,27,25,31,16,25,31
20,21,27,23,27,31,35,23,0,32,24,30,27,22,28,29
17,19,31,22,29,32,34,21,0,33,30,25,32,23,27,31
18,24,27,22,29,30,32,22,0,31,25,28,27,22,30,30
19,20,35,20,28,22,27,18,0,30,24,25,28,25,27,27
17,20,25,21,30,27,31,21,0,19,26,26,26,28,33,30
16,23,28,24,29,35,26,23,0,28,25,23,26,26,34,30
19,21,29,22,22,29,28,23,0,32,25,26,29,25,29,29
20,20,35,23,28,32,31,25,0,28,28,23,29,25,30,29
18,19,28,23,27,32,29,23,0,30,23,27,31,25,30,31
21,20,30,23,28,30,29,22,0,33,28,23,30,30,30,31
15,23,22,21,24,22,30,21,0,26,27,26,25,22,22,29
20,20,24,24,26,40,30,23,0,34,26,24,31,23,26,31
21,19,32,23,27,31,25,23,0,30,26,22,31,21,30,32
23,16,25,26,30,21,33,17,0,30,25,28,26,26,32,30
16,20,28,21,28,28,29,25,0,31,24,24,29,24,30,29
13,16,26,19,31,31,29,25,0,29,24,26,33,18,30,31
21,20,30,21,28,32,31,23,0,35,25,26,28,23,25,29
20,22,28,23,25,26,29,24,0,27,25,22,25,25,28,30
15,21,24,20,31,33,29,26,0,31,26,21,29,22,29,29
26,23,29,23,26,29,32,27,0,26,20,25,22,30,29,29
24,21,22,22,23,28,34,26,0,23,23,28,28,19,29,29
18,21,29,18,31,30,30,20,0,32,28,24,29,22,28,23
18,18,26,22,28,31,26,22,0,31,24,25,27,23,27,26
20,18,25,21,25,32,30,23,0,31,25,26,31,21,25,24
20,16,25,23,23,30,31,23,0,26,25,26,26,20,27,27
15,18,25,23,29,29,31,23,0,26,23,23,27,22,27,26
16,23,24,22,25,25,29,19,0,30,25,28,25,20,28,28
12,20,34,21,25,31,31,23,0,32,21,26,31,20,24,26
17,21,28,24,26,30,27,21,0,30,26,19,29,24,27,21
21,16,29,21,27,32,29,26,0,19,23,26,26,24,30,31
17,20,22,22,28,30,39,23,0,31,24,30,29,23,29,31
21,21,23,18,26,30,29,18,0,29,25,22,28,27,25,30
22,22,26,24,29,30,31,25,0,27,28,23,28,25,29,31
19,22,28,23,25,30,33,23,0,32,27,28,28,22,28,31
25,20,29,22,28,30,30,27,0,28,29,26,28,25,27,34
19,19,25,22,32,28,32,24,0,29,28,28,32,25,31,29
19,20,28,20,27,30,34,18,0,27,24,26,28,23,26,28
17,21,29,23,27,32,30,24,0,34,26,26,28,22,26,29
21,19,28,23,30,32,33,24,0,29,28,24,33,25,29,29
18,20,27,22,31,29,30,23,0,27,28,22,32,25,28,30
19,21,28,23,28,29,26,23,0,32,28,24,27,24,27,29
18,21,27,23,28,32,32,23,0,31,27,27,25,25,28,31
18,21,26,22,27,30,33,22,0,29,26,27,28,25,30,27
21,21,29,20,29,32,31,24,0,30,24,24,28,25,26,28
19,20,25,25,27,29,31,23,0,29,24,25,29,22,31,31
19,20,27,21,29,30,29,22,0,30,24,25,29,24,28,26
20,21,26,20,23,29,30,23,0,31,24,24,27,21,27,26
18,19,27,25,28,29,32,23,0,31,24,23,29,26,32,30
21,21,22,22,20,27,30,23,0,30,26,23,23,23,31,31
17,19,33,23,24,30,32,17,0,25,25,30,30,21,27,27
19,19,27,22,24,31,29,24,0,31,26,26,28,26,31,29
26,19,25,24,33,31,31,19,0,38,25,28,28,25,35,29
15,22,31,23,30,28,28,19,0,30,26,22,27,25,32,27
18,20,26,21,29,32,34,24,0,33,21,26,28,25,29,32
17,21,29,20,25,31,30,24,0,27,24,23,30,24,29,31
20,21,28,22,28,29,28,26,0,33,24,27,29,23,29,32
17,22,26,22,30,30,32,23,0,27,27,24,27,24,31,33
19,19,26,19,28,30,30,23,0,28,25,26,27,23,32,32
18,21,27,22,27,32,31,23,0,25,25,26,27,21,29,31
19,20,30,20,28,29,33,23,0,32,24,24,29,23,30,31
20,20,25,20,24,30,33,24,0,31,24,23,27,25,27,32
18,20,27,23,28,30,31,23,0,33,26,25,32,22,31,33
16,20,29,23,27,29,28,23,0,32,26,25,27,24,30,31
19,20,25,23,26,30,30,23,0,30,24,25,27,23,29,28
20,19,27,23,26,28,31,23,0,27,26,25,27,20,31,29
22,19,25,21,28,33,29,23,0,28,26,27,27,24,30,30
19,20,26,23,28,29,31,21,0,28,25,26,29,24,31,31
18,20,26,22,28,32,31,22,0,27,24,25,29,24,30,31
18,17,26,22,25,30,29,20,0,30,27,25,32,21,29,29
16,20,27,21,28,30,32,22,0,30,25,27,29,21,26,29
17,20,27,23,25,28,31,23,0,30,24,26,34,19,27,28
20,21,27,24,28,28,31,24,0,27,22,27,29,21,25,28
18,21,28,20,30,26,33,22,0,29,29,26,29,22,29,29
17,18,26,21,29,30,31,22,0,30,24,26,29,23,28,25
20,20,26,21,26,30,28,22,0,29,25,29,27,21,28,26
19,19,27,20,25,30,29,24,0,27,27,26,28,21,26,27
17,19,28,22,29,30,30,22,0,30,24,24,28,24,25,26
16,19,24,20,28,30,30,22,0,28,22,23,26,20,26,26
20,19,28,22,26,29,30,23,0,29,23,25,29,20,29,28
15,20,30,22,27,30,31,20,0,28,25,24,32,23,24,26
19,19,26,22,26,29,32,21,0,27,24,26,28,21,26,26
17,18,31,22,25,30,32,23,0,29,26,25,25,22,26,27
20,21,29,21,23,25,30,24,0,30,24,28,28,20,25,26
16,20,25,21,27,30,29,23,0,27,26,25,29,19,25,26
18,19,28,20,25,32,33,25,0,31,21,26,27,23,24,28
18,19,26,24,28,31,30,22,0,27,25,28,27,21,26,29
20,21,25,21,31,33,29,20,0,27,24,26,27,23,26,27
17,18,26,22,26,29,30,25,0,28,26,25,28,20,25,22
21,20,30,19,23,27,26,22,0,28,25,24,29,20,26,27
20,20,28,21,25,29,35,21,0,32,25,29,31,20,24,26
18,20,22,23,28,29,27,25,0,29,24,26,28,22,26,24
20,20,28,23,31,30,30,24,0,29,25,25,27,21,28,25
20,21,30,23,29,32,33,24,0,27,25,27,29,22,25,26
18,19,25,21,23,26,30,24,0,28,24,26,26,21,24,24
18,20,19,20,24,29,31,21,0,29,26,28,29,25,28,25
16,19,29,20,27,30,30,22,0,27,25,25,26,20,26,25
18,21,26,22,26,31,30,20,0,27,25,25,28,24,28,23
18,19,27,20,27,29,29,24,0,30,25,25,25,22,26,26
14,18,26,22,27,28,29,25,0,30,26,25,29,19,26,30
19,19,31,21,26,30,29,22,0,31,25,25,28,26,26,23
17,16,25,21,28,28,27,21,0,29,24,25,28,24,27,26
20,20,26,22,27,27,32,23,0,28,24,27,28,22,29,25
19,19,28,22,29,29,29,24,0,31,24,29,26,21,28,24
18,20,29,22,27,31,30,23,0,29,28,27,27,24,30,29
17,19,27,22,28,32,32,23,0,28,27,25,28,23,26,30
21,22,28,21,26,26,32,23,0,31,26,26,29,23,24,26
21,19,26,22,27,32,31,22,0,30,28,28,28,24,28,27
23,20,29,18,30,31,32,27,0,32,28,30,28,25,30,30
20,22,26,22,29,25,34,24,0,32,25,29,26,26,29,26
19,21,28,23,26,30,32,23,0,29,26,28,25,27,28,30
20,15,29,19,27,31,33,23,0,31,27,30,29,24,29,28
14,24,28,22,28,34,27,22,0,27,28,30,27,25,30,27
20,21,28,21,25,32,33,21,0,28,29,30,27,26,29,29
17,20,31,22,28,31,31,25,0,31,29,24,28,25,30,28
20,21,29,22,29,30,31,26,0,30,29,28,27,27,29,29
16,19,33,23,28,28,33,24,0,30,27,27,28,27,29,26
20,22,28,20,32,29,30,22,0,34,27,27,28,23,28,31
21,20,27,22,29,29,33,22,0,32,25,28,28,28,30,24
20,18,26,23,28,27,31,24,0,30,29,30,28,26,29,28
20,21,31,26,28,30,31,25,0,30,27,28,28,24,27,30
20,21,31,22,27,28,32,22,0,35,28,31,28,27,30,28
18,21,27,21,29,28,32,24,0,27,29,29,29,25,31,29
19,16,31,24,20,27,30,23,0,30,26,28,28,23,32,27
17,18,22,24,25,27,28,22,0,29,27,26,25,26,32,28
23,21,26,22,28,26,29,24,0,32,29,29,29,24,30,31
20,20,27,23,31,29,32,25,0,31,30,27,26,25,30,31
17,18,31,20,27,29,34,22,0,32,29,30,30,22,30,27
16,20,26,23,28,30,34,22,0,32,27,28,29,24,31,29
17,18,31,23,29,30,32,23,0,30,28,32,31,24,32,29
18,17,27,22,24,30,30,26,0,32,26,26,29,26,28,29
19,19,30,22,24,23,31,26,0,28,28,27,31,25,30,31
25,21,24,21,24,27,32,25,0,32,26,26,28,27,30,27
22,21,31,21,28,30,26,23,0,29,29,28,28,22,28,25
21,18,32,21,29,30,31,23,0,32,27,28,28,25,28,31
19,22,31,20,27,25,34,26,0,31,22,26,29,25,29,26
19,18,25,22,30,26,28,23,0,29,28,31,27,23,27,28
18,19,28,20,26,28,32,21,0,27,25,27,26,22,27,22
18,20,26,22,25,33,29,25,0,34,24,27,28,27,29,27
17,20,25,20,25,28,28,21,0,29,26,27,22,20,26,27
20,19,27,21,25,28,28,22,0,30,24,25,23,23,25,25
20,18,27,23,28,25,30,27,0,27,27,26,30,23,28,26
19,18,25,20,25,28,33,22,0,25,28,25,26,25,27,23
18,18,23,20,28,28,31,22,0,28,26,25,28,22,30,26
20,18,28,21,26,29,29,23,0,30,25,28,25,22,27,25
15,19,24,22,28,28,27,25,0,31,27,27,25,24,27,22
18,18,28,19,27,30,30,19,0,28,26,26,29,22,27,22
18,18,25,22,28,28,25,22,0,29,28,25,28,25,27,24
19,17,30,21,27,30,30,23,0,32,26,28,28,22,26,25
16,19,27,20,24,28,32,21,0,30,24,27,30,19,26,27
18,19,27,22,25,27,31,23,0,28,27,25,28,22,24,23
13,19,29,23,26,27,34,22,0,32,24,28,26,23,26,27
14,19,25,21,25,25,31,22,0,26,25,23,23,25,25,23
18,20,26,23,27,30,28,22,0,32,29,26,27,21,25,23
17,19,27,22,25,37,27,24,0,33,28,29,30,23,26,26
14,18,25,20,25,28,26,22,0,27,27,26,26,20,26,25
20,20,26,20,28,30,27,22,0,32,28,23,29,22,29,26
18,19,26,21,30,30,28,21,0,26,24,27,25,20,26,22
18,20,25,18,23,28,28,20,0,32,25,24,27,22,24,26
19,19,25,20,26,26,31,22,0,28,25,30,28,23,25,24
15,17,24,23,27,30,26,22,0,29,24,26,28,23,27,27
11,18,25,19,28,29,31,22,0,32,28,27,28,21,28,23
18,18,22,22,27,31,30,24,0,30,25,27,27,22,27,24
19,20,25,22,26,25,31,21,0,28,27,30,26,20,23,25
18,19,29,22,23,29,26,23,0,32,27,24,24,22,26,26
17,17,28,20,22,29,27,24,0,30,23,23,28,23,25,23
18,19,24,22,27,29,29,21,0,32,24,27,28,19,25,26
15,19,28,20,26,27,26,22,0,31,25,26,25,21,27,21
17,20,23,19,29,29,30,20,0,28,27,26,25,18,24,24
15,20,23,21,27,28,30,22,0,31,28,21,28,22,23,28
19,18,28,21,27,27,28,18,0,32,25,26,28,22,25,23
17,19,22,21,25,33,28,19,0,30,28,29,27,22,23,24
15,19,27,19,27,28,25,22,0,30,23,24,26,22,26,21
15,18,27,20,27,26,26,19,0,29,26,24,28,21,24,24
19,20,29,21,24,29,29,22,0,28,26,26,27,22,27,24
16,19,27,20,28,28,27,21,0,29,27,27,24,17,25,24
17,19,24,20,26,28,28,22,0,28,25,24,29,22,27,25
19,20,27,21,27,28,30,24,0,28,25,25,25,19,28,25
19,17,27,21,21,28,26,24,0,29,27,23,27,20,26,26
17,19,25,21,26,25,29,24,0,29,25,26,26,22,25,26
18,19,29,20,24,28,31,19,0,31,29,25,29,22,25,24
20,17,28,20,27,25,29,21,0,28,26,24,28,22,25,22
20,18,24,20,26,28,29,21,0,30,26,27,29,22,24,25
17,21,27,23,26,27,26,22,0,27,25,26,28,18,26,21
19,20,23,20,25,29,29,19,0,28,24,26,28,23,25,26
15,17,31,21,29,36,29,18,0,27,26,21,22,24,30,26
15,19,32,24,23,33,29,26,0,37,26,25,31,25,26,26
15,18,31,23,25,30,27,23,0,30,29,23,28,25,26,22
20,19,25,21,26,29,31,22,0,31,25,26,24,16,25,24
18,18,19,20,23,27,29,20,0,32,23,23,26,23,24,24
21,20,28,20,26,28,28,20,0,30,26,24,26,24,29,22
19,20,23,22,28,26,30,23,0,32,24,26,27,22,27,25
17,19,28,20,28,24,28,25,0,37,24,25,27,21,31,29
15,19,25,21,27,30,34,19,0,33,27,28,24,24,27,26
19,18,31,21,28,26,30,24,0,31,27,25,29,23,25,26
22,17,18,21,24,27,33,21,0,28,25,25,25,25,26,25
20,19,28,20,25,25,31,18,0,32,22,23,31,25,24,23
18,21,31,21,33,24,25,23,0,31,27,23,28,24,30,25
16,19,25,25,25,29,30,24,0,34,25,24,26,25,26,27
19,17,28,21,28,27,28,21,0,31,27,24,26,22,25,26
20,15,29,20,25,29,31,26,0,30,27,25,30,20,25,25
20,20,27,22,27,29,24,22,0,27,27,22,26,20,25,22
18,20,26,22,28,29,33,23,0,32,21,24,32,22,26,27
22,17,27,20,31,33,29,20,0,29,30,26,31,19,25,24
20,18,24,25,28,25,31,22,0,34,33,22,23,21,29,25
24,21,20,22,23,25,27,24,0,28,29,23,30,24,28,26
17,20,26,22,29,31,33,24,0,38,24,24,28,26,26,26
13,21,27,22,24,28,33,22,0,34,24,24,26,23,29,27
20,19,27,24,29,27,31,22,0,33,20,27,30,22,28,28
14,22,28,24,31,32,32,21,0,29,28,30,32,16,31,24
23,19,30,28,30,32,29,24,0,30,31,25,33,24,28,29
16,17,30,24,25,32,36,23,0,30,30,30,27,26,29,30
19,17,27,21,26,30,34,23,0,32,30,26,28,25,27,27
17,21,25,23,24,31,30,25,0,29,25,23,29,22,28,28
18,22,19,23,28,34,32,30,0,33,24,26,33,23,25,29
17,21,27,21,31,35,29,29,0,30,32,24,32,25,28,28
21,17,26,25,24,34,32,20,0,35,27,24,33,20,27,27
22,21,27,23,29,31,32,25,0,32,29,28,32,25,33,29
19,19,26,23,29,34,33,24,0,32,28,30,31,24,28,27
18,19,26,24,28,30,33,23,0,36,27,27,28,22,32,26
25,19,36,21,28,30,35,27,0,30,26,27,28,24,32,29
21,20,26,23,28,34,36,28,0,36,28,27,32,25,36,31
19,20,32,24,26,32,33,26,0,32,32,28,34,25,27,26
18,19,27,24,30,36,36,25,0,34,27,28,38,25,35,28
20,22,31,21,30,33,33,26,0,35,31,29,32,26,33,27
21,23,30,23,29,30,32,24,0,34,30,29,32,27,32,28
24,20,36,24,26,37,37,19,0,32,31,28,30,24,32,28
19,21,26,25,33,29,33,20,0,35,31,26,26,27,30,25
26,21,30,28,30,32,35,24,0,37,34,29,32,26,35,33
24,21,31,22,35,30,40,28,0,38,32,35,34,27,34,29
25,20,32,23,31,32,36,22,0,31,34,31,35,26,34,28
21,21,30,28,30,33,39,25,0,35,34,36,37,25,35,30
22,21,39,25,26,31,37,22,0,36,34,28,28,29,30,26
25,18,27,25,29,36,39,27,0,34,33,31,36,29,31,29
22,22,27,24,33,36,44,25,0,34,32,34,33,24,34,29
23,24,29,24,31,28,42,23,0,34,32,28,33,25,31,23
21,19,29,29,23,35,41,27,0,41,34,30,36,25,25,28
20,24,29,25,29,36,42,28,0,32,32,34,32,28,32,26
20,24,35,27,32,34,41,27,0,36,29,30,36,30,34,29
17,22,28,26,33,34,40,33,0,33,32,32,34,27,32,30
23,24,32,32,34,42,39,28,0,40,34,34,34,23,34,27
20,26,31,38,33,41,43,28,0,40,36,34,34,29,31,29
23,24,30,38,35,37,44,27,0,39,34,36,35,30,34,30
22,21,32,39,31,37,40,28,0,33,35,31,37,25,32,31
22,23,30,39,36,38,41,28,0,37,34,34,31,27,32,28
23,22,33,38,31,35,41,24,0,37,34,35,33,28,30,30
22,26,32,30,34,36,38,28,0,35,34,33,37,26,32,28
24,27,35,30,36,40,40,27,0,35,31,31,37,28,29,26
22,27,33,30,35,39,38,27,0,38,30,37,38,30,30,27
23,31,34,28,34,36,41,28,0,39,37,32,33,28,30,28
21,26,38,29,32,34,38,26,0,36,34,35,33,27,35,27
22,27,36,28,34,35,38,27,0,38,36,30,34,28,34,30
24,26,36,25,31,35,36,29,0,39,34,34,36,26,32,29
23,23,34,24,32,34,38,25,0,39,32,36,35,24,34,28
25,27,32,27,32,35,34,24,0,37,34,32,33,27,31,28
28,26,34,26,33,37,37,27,0,38,31,33,36,26,29,28
28,26,33,26,34,36,36,28,0,41,36,35,34,28,28,29
30,26,35,27,35,34,40,28,0,44,30,34,36,26,32,26
27,24,31,26,32,35,36,25,0,43,33,34,36,26,30,28
26,24,34,27,32,31,34,26,0,39,35,36,34,26,31,26
25,26,34,30,30,37,38,23,0,37,32,32,36,28,32,29
25,27,38,26,37,38,34,28,0,42,32,36,33,29,35,27
25,26,34,30,36,39,37,29,0,42,36,35,37,29,34,31
25,23,32,27,34,36,40,28,0,39,33,35,35,25,33,29
26,27,31,26,28,37,35,25,0,38,32,30,33,28,30,27
26,30,47,30,34,40,41,25,0,38,42,36,37,28,33,29
24,26,36,25,37,38,38,28,0,35,32,38,37,23,33,30
24,24,32,27,29,36,34,25,0,37,34,30,36,25,29,27
25,25,36,27,32,38,37,26,0,36,34,32,34,25,31,32
25,26,34,27,31,38,35,24,0,42,33,32,33,28,30,26
26,26,33,30,31,38,35,27,0,38,36,36,36,27,33,28
29,25,36,30,34,37,39,28,0,43,35,31,33,27,33,30
28,28,34,31,33,38,38,25,0,39,36,33,33,26,32,27
20,25,30,26,31,39,37,25,0,38,32,34,35,26,30,25
25,26,37,27,31,40,36,25,0,37,30,33,32,24,30,28
28,26,34,29,32,39,36,27,0,39,35,31,33,29,29,29
24,25,36,29,35,40,39,29,0,40,34,34,35,26,32,29
27,24,36,30,34,39,36,26,0,37,36,33,35,26,32,28
26,28,37,34,36,37,37,27,0,36,37,34,34,25,32,29
21,26,37,30,34,40,39,27,0,41,34,35,34,27,30,29
26,28,38,27,32,36,35,24,0,40,32,34,36,27,31,28
28,35,36,28,36,39,34,31,0,41,45,31,38,25,35,28
34,30,37,29,33,39,41,28,0,49,34,37,35,39,34,30
29,26,37,26,35,36,38,28,0,39,34,35,37,25,30,27
22,25,35,24,30,35,34,25,0,37,32,30,36,24,32,30
29,27,36,29,35,36,35,32,0,38,34,32,38,35,28,40
26,26,36,27,35,39,38,26,0,47,36,39,34,25,31,28
23,21,32,25,31,36,38,27,0,37,32,35,37,27,30,26
23,25,35,24,35,35,36,24,0,37,31,27,34,25,32,29
26,28,35,30,32,35,36,23,0,36,48,33,33,25,30,25
28,28,46,27,37,29,38,29,0,52,38,42,18,30,30,32
25,23,36,26,36,34,38,23,0,36,31,40,36,27,31,29
25,24,31,27,29,38,35,30,0,36,29,31,36,21,29,28
22,25,42,27,33,40,34,26,0,61,33,35,38,25,33,28
29,24,33,28,36,39,47,26,0,43,34,43,36,26,42,25
27,25,32,27,30,33,34,24,0,40,36,33,33,26,31,29
25,24,34,26,36,37,36,25,0,39,37,29,33,25,31,26
32,26,42,29,38,43,38,24,0,45,33,34,36,35,32,31
27,22,33,26,33,37,38,23,0,38,29,34,33,26,28,30
23,24,32,25,32,35,34,25,0,37,28,31,31,26,30,30
28,28,30,31,33,55,37,28,0,27,39,34,48,36,30,30
25,23,38,30,35,40,43,28,0,38,34,40,34,28,33,19
26,26,38,27,35,38,36,26,0,41,32,34,35,23,32,26
31,27,43,33,40,40,40,29,0,42,33,35,43,30,40,27
26,24,32,26,36,39,40,28,0,39,34,37,36,29,34,29
26,24,33,26,32,34,39,24,0,40,30,34,34,24,30,28
28,26,42,32,35,36,35,25,0,37,35,36,35,24,32,30
27,24,38,26,32,35,40,29,0,37,31,35,33,28,30,29
19,24,34,26,29,31,37,25,0,33,34,34,34,22,30,27
22,26,35,27,28,38,36,28,0,35,34,31,32,27,32,29
28,26,37,28,36,40,40,23,0,38,33,35,38,29,30,28
24,25,35,26,33,36,39,27,0,37,32,35,36,26,32,29
26,25,34,26,32,34,36,25,0,38,34,35,33,26,31,29
27,26,31,29,30,41,43,27,0,44,32,35,44,25,42,31
23,22,36,24,37,35,37,37,0,42,33,26,34,28,24,32
23,22,29,26,29,32,38,23,0,35,32,30,32,25,30,28
25,21,34,35,34,34,36,24,0,40,35,32,32,25,30,30
26,23,35,31,48,38,33,33,0,41,34,32,58,27,31,40
23,25,31,26,33,31,36,26,0,38,29,34,33,25,30,27
28,27,31,30,33,35,38,25,0,39,38,30,36,29,30,28
26,28,36,30,40,39,39,28,0,42,35,41,38,27,30,27
23,25,34,27,34,38,38,28,0,42,33,35,37,29,32,32
24,29,33,31,31,39,36,23,0,39,35,31,36,29,31,26
28,26,50,33,37,39,37,23,0,42,37,42,44,20,23,23
24,24,37,30,33,40,39,29,0,38,34,38,36,26,29,30
30,30,39,30,33,38,35,30,0,40,36,34,36,25,31,26
30,27,42,29,34,38,42,33,0,42,32,39,34,29,29,31
27,27,36,26,34,35,35,29,0,37,32,33,38,24,30,30
29,27,34,30,33,36,36,25,0,39,34,33,35,25,33,27
29,27,36,31,37,49,37,29,0,42,34,36,26,28,33,30
28,23,34,30,38,32,34,24,0,35,35,34,34,25,31,30
20,22,35,27,33,37,35,24,0,36,30,29,31,27,30,27
26,32,36,31,36,36,37,25,0,49,35,33,33,25,30,29
30,30,49,27,38,40,39,31,0,32,34,42,53,25,41,30
20,25,34,25,30,34,32,26,0,36,29,31,35,24,27,27
26,32,39,26,33,34,31,25,0,38,31,29,33,24,30,27
30,31,42,29,36,37,39,30,0,42,39,39,37,30,35,27
28,27,33,26,31,35,46,27,0,38,29,41,32,22,33,31
34,26,33,25,27,32,37,26,0,37,31,31,31,25,31,29
36,26,30,29,32,32,34,28,0,47,31,35,33,36,31,29
30,26,32,27,40,35,37,29,0,33,33,42,30,28,46,23
31,28,36,28,33,36,36,26,0,41,34,34,37,28,32,31
24,25,35,27,34,37,35,25,0,39,31,32,36,25,34,30
27,26,36,25,33,34,32,25,0,40,29,31,31,26,32,27
25,33,33,30,32,35,35,24,0,36,35,35,34,28,31,27
30,26,29,28,35,40,36,20,0,13,37,28,27,35,34,25
27,25,36,25,32,36,38,23,0,36,31,34,37,27,30,24
24,25,35,26,28,33,31,30,0,38,36,30,34,28,29,26
21,24,33,31,37,43,38,30,0,22,34,38,46,24,35,27
25,26,35,25,34,36,37,26,0,38,30,36,37,24,31,26
25,24,31,25,31,33,35,25,0,34,32,31,31,27,29,28
23,26,39,32,35,41,37,26,0,60,40,30,37,15,31,29
26,26,36,25,35,38,31,27,0,40,33,35,38,28,34,29
22,22,31,25,33,32,38,23,0,37,33,31,36,23,29,29
24,26,36,26,31,34,35,24,0,38,32,29,33,24,30,30
33,26,29,29,27,48,36,24,0,37,35,34,38,15,25,25
23,23,36,27,34,36,34,27,0,38,31,34,35,25,30,27
26,26,33,24,29,34,31,23,0,36,35,29,34,25,29,28
28,28,39,31,35,42,36,20,0,41,37,34,36,29,30,34
26,25,36,27,38,32,40,31,0,40,33,38,18,26,36,31
27,26,36,27,30,35,35,25,0,33,35,30,34,27,30,29
31,26,39,30,33,40,28,26,0,39,38,27,35,28,34,23
29,24,31,26,35,47,40,24,0,28,32,36,33,26,31,29
25,26,36,25,33,36,35,26,0,36,34,34,32,28,30,27
30,26,36,29,31,35,35,27,0,43,34,33,35,32,34,28
29,25,27,27,36,28,36,19,0,64,33,36,13,25,34,32
24,22,35,26,35,31,33,23,0,37,34,34,35,23,34,27
25,26,34,27,34,35,33,24,0,32,35,26,36,23,30,27
28,29,31,28,40,39,40,26,0,41,36,36,42,26,22,25
26,24,35,25,36,37,41,24,0,36,30,38,34,23,28,37
24,22,31,25,31,32,34,23,0,37,32,29,33,24,35,28
27,29,35,26,29,35,35,29,0,37,35,29,35,24,30,27
33,27,42,26,35,41,39,31,0,42,39,40,40,29,35,28
22,23,36,24,33,38,36,24,0,37,28,36,37,25,32,29
23,24,34,25,28,39,34,23,0,38,36,31,33,25,30,26
31,25,35,32,23,43,39,27,0,47,38,35,35,25,22,29
27,24,32,27,35,41,42,30,0,48,32,36,32,27,31,29
25,23,38,21,32,36,36,25,0,37,29,30,31,26,30,27
30,26,35,29,31,40,32,23,0,43,34,31,34,28,30,24
31,26,38,30,37,46,37,23,0,46,33,37,37,27,35,29
27,24,31,26,34,42,34,27,0,37,30,39,33,24,30,25
23,24,33,26,28,41,34,23,0,34,31,31,32,23,28,26
28,26,32,31,33,42,34,24,0,38,39,33,31,17,33,29
25,27,40,30,31,44,36,20,0,38,34,41,37,23,28,27
23,26,38,25,32,35,34,27,0,33,34,21,35,27,32,33
32,32,49,25,31,38,33,28,0,47,34,32,43,25,34,27
26,25,40,26,30,36,41,27,0,39,34,42,36,24,31,24
24,26,41,26,32,34,34,25,0,36,32,32,31,24,29,29
27,29,34,26,32,38,35,26,0,46,32,35,36,20,31,29
29,25,42,28,35,39,37,26,0,43,28,38,37,25,33,31
25,25,36,27,30,33,36,26,0,36,33,36,32,25,30,27
25,26,34,26,31,38,37,25,0,37,35,33,34,28,31,28
27,24,37,27,32,38,37,24,0,34,33,35,35,28,36,29
26,26,32,26,35,38,31,23,0,39,33,34,35,27,33,28
28,24,31,27,29,36,36,24,0,36,34,34,35,24,32,28
30,24,33,26,29,35,31,25,0,38,33,31,34,26,30,29
27,24,32,27,34,34,38,22,0,39,34,32,35,28,30,30
25,19,34,25,31,37,35,22,0,38,25,32,35,23,33,26
29,19,36,25,31,34,35,25,0,41,25,50,36,27,22,23
36,25,32,30,37,39,41,28,0,36,29,50,33,28,35,26
27,23,33,25,32,31,36,27,0,38,32,31,31,27,31,27
23,24,34,22,32,33,33,23,0,35,29,36,32,26,31,25
27,25,33,24,32,36,36,27,0,43,40,32,32,22,43,33
25,25,35,25,33,37,28,19,0,42,31,24,35,24,41,38
25,24,33,24,31,35,35,25,0,38,32,32,34,26,29,26
24,27,34,26,33,35,33,24,0,33,33,34,37,28,31,28
24,26,34,25,31,35,35,24,0,40,34,33,34,28,32,28
22,21,36,21,33,34,37,27,0,38,28,35,38,27,31,30
24,31,42,22,31,38,31,25,0,48,26,39,31,19,28,34
25,24,33,27,31,36,34,28,0,35,34,34,35,25,30,28
26,21,35,26,32,38,36,27,0,43,34,33,33,26,32,26
22,23,37,31,31,36,39,28,0,40,48,36,32,27,28,26
21,21,36,28,38,38,33,23,0,42,35,33,18,29,49,22
25,23,36,29,25,52,34,30,0,54,29,26,31,26,31,20
27,25,38,27,33,38,38,31,0,36,35,32,34,28,36,40
31,25,43,30,29,35,35,26,0,36,39,32,30,21,32,31
27,24,36,26,29,37,36,24,0,38,35,33,32,25,28,29
26,23,37,27,35,35,42,21,0,40,36,44,31,28,31,27
25,24,38,27,33,37,38,28,0,37,34,38,35,27,32,28
22,17,35,25,24,23,38,25,0,48,33,30,22,26,31,30
26,25,38,29,36,32,38,20,0,43,36,25,39,26,31,28
26,26,38,27,29,33,39,26,0,41,37,37,34,27,30,31
23,28,25,23,33,33,38,25,0,38,32,36,43,31,33,27
21,26,43,26,32,33,37,28,0,42,40,31,33,27,30,25
26,26,36,26,33,38,36,26,0,37,36,36,38,27,30,30
27,27,36,28,32,41,35,23,0,36,31,38,35,28,30,29
26,24,33,25,37,38,33,29,0,43,38,29,27,37,25,34
26,24,36,26,31,33,37,23,0,41,35,34,47,32,31,29
24,23,38,26,30,34,37,25,0,24,34,34,36,28,32,29
25,23,35,25,32,35,38,25,0,35,33,32,33,28,30,29
27,23,33,25,31,25,34,21,0,38,25,36,39,28,31,30
23,23,36,28,30,35,32,24,0,39,35,31,35,27,34,25
25,21,40,27,33,30,42,26,0,56,37,28,36,30,27,33
25,24,34,28,32,34,35,23,0,38,31,34,35,28,31,24
25,24,32,27,29,32,38,24,0,38,35,32,43,22,31,29
25,23,33,28,32,35,34,27,0,39,35,35,31,26,29,27
24,23,33,26,29,33,34,24,0,32,32,34,33,24,29,26
26,23,33,27,30,31,36,29,0,32,34,33,33,25,30,28
26,23,34,29,35,33,35,23,0,26,36,33,29,23,36,28
20,24,26,22,21,32,41,32,0,37,40,35,38,25,25,32
24,21,32,25,32,34,34,25,0,34,35,33,31,27,31,26
27,23,44,31,28,33,24,30,0,17,35,17,28,27,23,29
27,23,36,26,39,30,34,23,0,35,34,35,33,23,26,36
25,24,32,27,31,31,33,22,0,36,32,35,30,25,29,28
24,23,32,28,30,33,39,25,0,37,31,34,35,25,32,28
25,22,33,27,30,33,35,23,0,36,32,34,34,25,31,30
25,24,32,26,30,35,35,25,0,36,34,31,32,27,29,30
26,26,33,25,30,33,35,26,0,36,33,32,33,26,31,28
24,23,32,27,28,35,35,25,0,41,31,34,33,26,27,32
26,22,32,26,30,34,35,20,0,35,34,32,34,25,28,24
24,23,31,28,29,34,34,26,0,35,33,34,34,23,31,24
25,22,33,25,29,34,36,27,0,34,33,31,34,25,30,27
24,24,32,24,30,31,34,23,0,37,31,33,35,25,31,28
25,22,30,25,32,32,36,27,0,36,31,35,34,25,31,30
24,24,30,26,30,32,35,26,0,35,34,32,33,25,30,26
21,24,32,26,32,32,34,24,0,34,31,34,31,24,32,29
24,24,34,27,31,31,33,26,0,34,31,32,38,23,29,27
25,19,32,29,29,36,36,27,0,33,32,34,33,27,29,29
32,25,35,27,28,32,37,23,0,30,33,33,28,27,34,31
26,25,34,26,33,32,35,27,0,39,31,35,36,20,33,29
25,26,31,25,32,33,37,25,0,35,31,35,34,22,29,29
27,25,36,27,43,43,39,25,0,55,37,36,25,27,23,32
25,26,35,23,31,35,32,34,0,42,34,37,34,21,35,30
23,23,33,29,33,35,34,27,0,38,36,33,35,23,27,30
26,26,33,26,28,31,35,26,0,42,34,35,33,25,30,28
31,28,36,29,33,31,37,33,0,44,36,29,31,28,25,31
24,25,35,29,34,21,37,27,0,39,37,36,18,25,31,31
16,26,36,20,31,32,32,28,0,39,22,33,31,20,33,28
25,25,35,26,32,35,36,31,0,33,34,35,32,26,30,31
24,23,32,30,36,26,35,25,0,39,34,24,52,28,29,35
25,25,32,25,30,33,39,27,0,37,32,33,30,25,30,25
28,24,32,28,32,34,37,24,0,38,33,33,33,27,26,29
24,25,34,24,30,37,37,26,0,39,32,36,30,24,26,26
23,25,34,25,30,35,38,27,0,36,34,33,33,28,27,29
21,28,36,26,30,43,34,23,0,16,32,32,40,23,29,26
25,25,34,26,33,28,39,24,0,41,32,38,35,30,23,35
25,25,32,26,29,32,35,25,0,38,33,34,33,28,30,29
23,23,34,27,34,34,40,26,0,40,31,34,32,24,31,28
25,27,32,26,32,32,35,28,0,39,34,35,33,28,30,27
25,25,31,26,30,30,36,27,0,38,36,33,32,26,34,26
26,26,34,25,32,33,36,28,0,36,35,35,31,25,29,32
28,26,33,25,32,32,34,28,0,36,34,31,33,24,35,26
24,24,31,26,33,34,37,30,0,36,31,34,34,24,30,28
29,24,33,27,31,34,35,28,0,36,29,31,34,25,31,28
27,25,33,25,31,33,38,28,0,41,33,35,35,23,32,27
25,25,35,28,30,37,35,25,0,37,33,35,34,25,30,29
24,25,33,26,31,34,38,26,0,36,34,33,35,26,29,31
25,24,34,26,33,36,36,25,0,42,31,36,31,27,30,30
27,25,30,26,33,30,32,28,0,41,33,34,33,27,29,28
25,24,34,26,30,32,34,23,0,37,32,24,39,27,31,26
25,25,32,26,32,35,38,23,0,37,33,33,31,28,30,27
25,23,33,29,33,35,37,23,0,37,35,35,37,26,29,27
