0,0,0,1,1,2,3,0,2,0,0,0,3,0,1,2
0,0,0,0,1,0,1,0,1,1,0,2,3,0,3,0
3,1,4,2,0,0,0,0,1,6,1,0,0,0,1,1
0,0,0,0,2,0,0,0,3,4,0,2,1,0,0,0
0,0,0,1,0,4,2,4,0,1,0,0,0,0,1,3
1,0,0,2,0,1,3,0,3,0,0,0,2,0,0,1
1,1,0,0,2,1,0,1,2,1,0,2,2,0,2,3
1,0,4,1,0,2,2,4,2,8,2,2,3,3,3,3
1,0,0,5,5,7,1,0,0,7,3,0,1,1,2,0
2,0,0,0,0,2,5,1,0,4,0,3,1,0,0,0
0,0,6,0,0,6,0,0,0,6,0,2,3,0,0,2
1,0,1,4,0,3,1,3,2,1,0,5,3,2,2,4
3,4,5,1,0,2,4,3,1,2,1,2,0,0,1,0
0,4,0,0,1,2,0,0,1,2,3,1,0,0,0,0
0,3,2,0,2,2,0,0,1,0,0,0,0,0,0,0
1,0,1,0,4,6,4,2,0,1,0,2,0,0,4,3
0,0,0,0,5,0,0,0,2,1,0,0,1,0,4,3
2,0,3,1,5,2,1,0,2,0,4,0,6,0,2,0
9,0,3,1,0,0,0,1,4,1,0,0,0,0,0,0
2,0,2,0,0,0,1,0,2,0,0,0,3,1,0,0
0,0,0,0,2,0,0,3,0,4,1,0,0,2,0,3
1,1,2,1,0,3,4,0,3,0,0,2,0,0,2,0
3,1,0,2,0,0,6,0,2,0,0,5,1,0,2,0
0,1,4,1,0,0,5,0,2,2,0,2,3,1,0,1
1,0,1,1,0,2,0,3,0,0,4,1,0,0,0,3
0,0,0,2,0,1,2,0,1,1,1,1,0,5,0,1
0,0,0,0,5,0,0,5,1,0,0,2,3,0,3,4
0,0,7,0,4,5,0,0,3,4,0,1,0,0,0,0
0,1,0,2,4,0,0,0,2,0,3,3,0,0,1,1
0,4,0,1,1,2,2,2,1,0,0,4,2,0,0,0
5,1,0,0,0,0,5,2,3,4,0,4,2,0,0,0
0,0,0,0,0,0,2,2,3,0,0,1,3,0,1,1
1,1,0,0,0,0,0,2,0,0,0,3,0,0,0,0
1,0,3,3,0,1,0,1,0,0,1,0,1,1,0,1
0,0,3,0,0,0,3,7,0,0,0,1,1,0,1,0
2,1,3,1,2,1,3,1,0,1,0,1,0,0,2,1
0,1,1,0,1,4,0,0,2,4,1,1,4,0,0,0
4,0,0,1,3,8,0,4,2,4,0,0,1,0,4,0
7,1,0,0,2,5,4,0,2,7,0,0,0,1,1,0
1,0,2,2,3,1,0,5,2,0,0,0,2,2,1,4
0,1,2,0,1,1,0,0,2,0,2,3,2,0,1,1
2,0,0,1,4,0,2,0,1,0,1,1,0,0,0,1
0,0,0,0,0,0,1,0,0,0,0,1,0,1,0,2
1,1,3,2,0,3,0,0,1,0,5,0,1,0,0,1
0,0,0,2,0,0,0,0,2,1,0,0,0,0,0,1
0,0,0,7,0,9,1,0,0,0,0,3,6,0,2,1
1,0,2,1,0,2,0,0,3,1,4,0,4,0,0,0
0,1,2,1,12,1,0,0,0,6,0,0,0,0,7,3
0,3,0,0,2,0,0,0,0,0,0,1,1,0,0,0
1,2,0,1,2,0,0,4,1,8,0,0,5,0,1,0
0,2,7,0,0,2,4,0,2,8,4,4,0,0,0,0
1,1,1,3,0,10,5,0,1,3,3,4,0,0,0,0
1,2,6,1,1,0,3,4,3,7,0,1,1,0,3,0
3,0,7,1,3,0,2,3,4,0,0,0,2,0,1,4
0,1,3,1,0,0,1,2,1,0,2,0,0,2,2,0
2,1,0,2,5,1,0,0,2,0,0,0,5,0,5,1
0,2,7,0,0,9,0,0,0,2,0,1,4,0,0,0
1,3,2,1,2,5,1,1,1,3,2,0,5,1,3,1
0,1,0,3,1,9,2,0,1,1,0,0,3,5,0,0
5,0,0,0,0,3,0,0,2,0,1,0,1,0,1,3
0,1,8,1,0,0,0,0,1,0,0,0,0,0,0,0
1,0,2,0,0,1,0,2,2,2,1,0,0,0,3,0
1,0,1,1,3,0,3,0,2,0,2,0,1,0,2,4
1,2,0,0,5,1,1,0,1,1,3,2,0,0,3,1
1,0,1,3,0,6,0,2,0,0,6,0,5,0,0,5
0,0,0,0,0,5,0,4,2,0,0,0,0,0,0,2
0,1,0,0,0,3,1,1,3,0,2,1,4,0,0,0
1,1,3,1,2,0,0,9,2,1,0,4,2,2,1,4
0,0,4,0,0,4,3,0,1,9,2,5,0,0,0,0
0,0,1,0,0,4,0,2,2,0,0,0,1,0,0,5
0,0,0,0,6,3,0,0,2,0,1,0,3,1,1,1
1,0,6,2,3,5,5,0,2,0,0,4,4,0,2,0
0,1,1,3,3,0,0,2,0,0,0,4,3,1,0,0
6,0,2,0,3,0,2,5,2,0,0,4,7,2,5,5
0,0,0,0,1,3,2,2,1,0,2,0,1,0,0,0
0,0,1,0,0,0,2,1,0,0,0,1,0,0,0,2
0,0,2,1,2,7,0,6,2,0,1,2,3,0,0,8
0,1,1,0,0,0,0,1,1,4,1,0,0,2,0,1
0,0,0,0,8,0,1,2,2,2,3,0,3,3,1,3
0,0,3,1,0,2,1,1,2,7,0,0,0,0,0,0
0,0,0,4,1,3,2,0,5,0,0,0,1,0,2,2
2,0,0,3,3,1,0,0,4,0,1,3,0,0,0,0
2,0,5,0,0,0,2,1,1,3,4,0,1,1,0,0
1,1,2,2,3,0,4,1,1,5,1,4,0,0,2,0
4,0,1,7,0,1,0,0,2,0,3,1,0,3,4,0
2,0,1,0,1,3,0,2,2,2,0,0,0,0,1,1
0,0,0,3,0,5,6,0,4,3,0,4,0,0,0,0
0,3,0,0,6,0,0,2,2,2,0,0,0,1,0,0
1,0,0,0,3,1,0,1,1,1,0,0,0,0,2,0
8,0,6,0,0,2,1,0,3,0,1,0,4,1,1,0
5,0,0,4,0,6,0,1,4,0,3,0,2,0,1,1
0,0,0,2,0,0,4,2,0,8,2,4,4,0,0,0
2,1,0,1,0,0,2,2,2,0,2,4,7,0,0,0
0,1,0,1,1,0,0,1,2,0,0,0,1,1,0,0
0,0,3,0,0,1,0,2,1,0,0,3,1,0,2,0
2,0,0,2,0,1,0,1,0,0,0,1,0,0,0,0
1,0,12,3,0,1,0,0,2,2,5,0,0,4,0,0
2,0,0,0,0,0,2,3,4,5,1,0,0,1,0,1
0,3,5,3,0,4,0,0,1,10,6,0,5,0,1,0
0,0,0,2,0,0,0,1,0,1,0,4,3,1,1,0
2,2,1,0,4,2,1,0,0,0,3,3,6,0,2,0
1,0,4,0,2,3,0,3,2,0,0,2,1,0,1,1
0,1,12,1,3,1,0,0,1,3,0,1,0,0,4,0
6,0,0,3,0,1,2,0,0,2,3,0,0,0,0,1
1,3,1,1,2,1,3,3,1,0,0,0,0,0,1,2
0,1,2,1,0,2,7,0,0,0,0,2,0,0,1,2
1,0,2,2,1,3,0,0,3,3,2,0,3,2,0,0
0,0,0,1,6,0,0,5,2,1,0,4,5,0,6,3
0,0,3,0,0,4,0,0,3,2,0,0,1,0,2,3
0,1,3,1,1,0,5,2,2,0,0,4,0,0,0,0
0,1,0,1,3,4,6,6,4,0,0,4,0,0,2,2
0,1,0,1,0,0,0,0,1,1,2,3,1,0,1,0
0,0,0,0,6,1,0,5,3,2,2,2,6,0,4,2
0,1,0,1,5,1,0,1,3,3,0,1,0,0,2,2
1,3,0,0,2,4,2,1,2,3,0,2,0,0,2,2
2,2,0,2,1,0,0,0,2,1,4,0,1,0,2,0
2,0,1,2,0,0,0,0,0,0,0,4,2,0,0,0
0,0,6,0,7,1,3,3,1,4,0,3,5,1,6,4
1,1,1,3,0,5,4,6,3,3,0,4,2,2,2,3
0,6,0,1,2,2,0,5,0,0,1,3,3,1,2,4
2,2,2,3,5,0,0,1,3,8,3,2,0,2,3,0
0,0,5,1,2,5,0,3,2,2,0,0,4,0,2,0
1,1,6,0,0,0,2,0,5,0,0,2,1,0,0,0
0,0,3,0,2,3,2,0,0,2,0,3,6,0,1,0
2,0,2,3,2,3,3,3,0,2,0,1,1,0,0,2
4,0,2,0,0,0,0,2,3,8,3,0,0,3,4,0
2,0,3,2,0,1,0,0,2,1,1,0,1,3,1,1
0,1,1,2,1,3,0,1,3,2,0,4,5,0,1,1
0,5,0,6,0,0,0,0,0,1,2,2,0,0,0,0
0,0,0,4,0,0,3,2,2,5,5,2,5,1,0,3
8,8,0,0,1,6,2,2,4,2,0,1,0,0,0,3
5,2,1,5,7,0,0,0,5,3,0,4,3,1,8,0
3,2,0,5,0,2,8,3,3,11,3,5,2,3,5,4
6,2,5,3,2,2,4,2,3,5,4,2,6,4,3,4
0,5,6,7,6,6,0,2,2,1,9,3,3,4,10,4
7,7,5,8,12,2,4,3,2,4,5,2,6,5,10,9
12,8,8,9,16,15,12,9,6,10,14,10,13,14,9,11
13,17,18,15,12,18,11,11,8,22,22,9,21,17,13,14
17,20,26,22,25,33,26,19,0,36,27,20,31,21,30,22
17,20,29,21,28,33,34,26,0,38,26,27,36,28,36,32
15,16,30,22,25,32,30,20,0,32,25,27,36,24,32,25
16,18,23,22,29,32,33,21,0,30,26,28,35,24,31,29
16,17,30,22,31,23,31,20,0,34,25,28,31,20,32,22
19,21,27,21,32,36,30,16,0,33,25,24,34,20,34,23
17,18,23,21,28,36,29,23,0,28,27,26,36,23,32,24
18,20,34,21,22,29,27,16,0,30,26,26,33,24,28,24
20,19,25,20,27,30,27,21,0,34,27,23,33,21,31,24
15,22,23,18,28,29,32,23,0,35,23,24,35,22,30,26
17,16,27,22,26,37,27,23,0,34,23,24,36,25,31,28
21,24,25,20,20,29,33,23,0,31,22,24,31,26,27,31
21,21,25,23,24,33,31,22,0,33,29,25,33,23,32,26
17,16,25,19,27,27,22,24,0,34,20,21,33,25,30,29
21,20,33,21,32,33,34,22,0,35,25,29,29,21,31,26
17,20,29,21,25,30,30,20,0,38,28,26,41,24,26,26
12,18,30,21,32,31,33,24,0,32,22,26,35,21,30,27
19,19,22,21,24,28,33,22,0,34,24,26,34,22,29,21
19,16,27,23,30,33,31,19,0,34,27,26,33,24,31,26
16,17,29,21,26,35,28,20,0,34,28,24,35,23,27,25
22,19,32,21,38,33,36,21,0,37,23,25,38,25,37,26
19,22,29,26,32,31,29,19,0,36,28,24,37,23,32,25
15,20,24,20,24,33,30,22,0,32,24,27,37,20,31,28
19,21,26,21,26,28,33,25,0,35,26,24,33,25,33,27
17,20,24,24,27,27,28,21,0,30,24,24,36,24,31,25
16,19,29,22,30,31,34,26,0,32,25,29,32,28,32,27
21,22,23,18,25,31,33,23,0,34,24,26,33,21,29,27
24,19,28,22,27,35,33,26,0,33,28,27,34,24,30,28
17,18,25,23,25,33,28,20,0,30,29,22,36,23,33,24
22,17,20,22,29,33,28,21,0,31,25,26,32,21,32,27
21,22,32,22,28,34,23,22,0,34,26,23,30,21,27,25
20,20,27,22,28,34,31,22,0,46,24,28,36,21,32,26
19,19,24,22,27,31,34,20,0,31,25,22,34,24,30,25
16,21,31,22,24,26,30,22,0,35,27,29,33,23,28,29
15,18,24,20,30,30,31,26,0,34,25,29,34,21,31,28
22,19,22,22,25,31,33,20,0,30,22,29,32,22,30,25
18,18,30,21,23,35,32,21,0,30,23,25,31,21,29,24
18,21,20,21,32,35,30,17,0,40,26,23,34,22,32,22
21,16,32,20,27,35,32,22,0,39,23,24,33,22,30,21
19,20,27,21,23,31,34,22,0,30,25,28,31,24,29,28
19,17,30,22,28,32,35,22,0,35,25,28,36,21,30,26
15,17,27,21,32,32,32,21,0,37,23,26,31,19,31,24
19,17,26,22,27,33,32,22,0,40,27,27,35,20,28,26
19,19,28,23,27,32,28,23,0,35,23,26,37,22,31,26
19,21,25,23,30,36,32,23,0,34,25,26,36,26,31,25
14,19,27,22,24,30,31,24,0,38,23,26,33,24,31,27
17,19,30,21,29,30,35,23,0,36,25,26,33,22,30,26
19,19,25,20,27,29,31,26,0,34,24,25,31,22,33,30
18,21,26,21,32,30,30,25,0,33,24,25,31,21,34,26
17,23,27,23,30,34,31,22,0,35,26,27,32,24,32,28
18,21,24,21,30,36,29,15,0,34,28,20,35,20,31,21
17,23,25,19,27,31,29,23,0,29,24,26,31,25,30,24
17,19,27,22,25,31,30,21,0,33,26,25,27,25,30,26
19,11,24,21,26,30,28,22,0,31,25,28,32,20,29,26
18,18,26,24,30,30,29,21,0,34,25,25,30,23,28,25
19,24,26,22,25,32,32,24,0,33,25,27,36,23,27,30
18,16,25,22,26,31,30,20,0,33,27,26,31,21,30,26
20,19,25,22,31,27,32,21,0,35,24,26,37,25,32,26
17,15,25,23,25,35,32,18,0,28,24,21,32,22,30,29
17,22,22,18,22,25,31,16,0,30,23,24,37,29,30,24
20,15,26,21,25,27,29,19,0,34,25,25,32,24,27,27
16,21,27,19,27,34,32,20,0,38,25,26,34,25,26,25
17,20,23,22,26,35,27,22,0,33,28,23,34,24,27,30
19,20,24,25,32,31,32,21,0,31,27,29,34,25,29,26
18,20,27,22,26,26,35,21,0,34,23,30,28,21,25,27
19,21,27,21,28,31,32,21,0,34,25,26,34,22,30,27
17,17,25,21,29,32,33,21,0,35,26,27,35,23,29,26
20,15,27,19,20,29,29,21,0,36,26,28,36,26,28,26
17,21,22,19,30,33,30,22,0,38,24,24,28,26,31,26
20,20,22,23,23,27,30,19,0,38,26,30,33,18,29,27
19,15,29,21,27,28,33,24,0,32,23,24,29,23,27,26
19,18,32,21,27,37,30,16,0,36,24,24,36,20,33,24
16,21,26,24,29,32,29,24,0,36,24,26,34,21,33,28
19,18,27,21,28,36,33,24,0,33,27,25,31,27,32,26
14,20,28,19,30,27,29,23,0,35,26,23,33,27,28,32
15,22,29,22,26,32,30,26,0,38,29,25,36,25,31,27
21,18,25,19,28,32,31,23,0,37,27,26,33,25,31,29
20,17,24,21,36,29,30,23,0,34,26,28,34,24,30,30
21,21,33,24,29,29,30,23,0,36,29,26,33,21,30,27
17,18,23,23,28,30,33,25,0,33,26,29,37,19,29,31
20,20,27,23,29,30,32,19,0,35,28,29,33,25,29,28
21,18,24,22,28,31,31,23,0,32,27,26,36,23,29,29
24,16,28,21,29,32,31,21,0,37,24,29,34,20,30,30
19,20,28,24,29,34,30,18,0,36,24,24,33,20,33,31
23,20,31,24,27,30,35,26,0,34,23,26,32,23,33,28
17,22,26,21,30,32,32,20,0,33,26,29,37,21,31,26
20,22,27,22,27,33,31,22,0,28,23,29,35,19,34,28
19,20,30,22,25,26,30,22,0,31,28,24,32,27,32,27
19,21,26,27,29,30,32,23,0,32,24,27,34,24,34,26
12,21,24,20,26,31,34,20,0,35,25,27,31,21,31,29
19,24,27,23,29,31,34,21,0,39,24,27,32,22,31,25
19,21,26,23,26,35,31,23,0,35,26,28,36,25,31,25
21,21,27,26,22,26,34,23,0,35,29,28,33,25,30,29
19,20,27,26,29,31,32,26,0,37,29,27,36,25,32,28
19,20,31,23,27,29,32,21,0,36,25,29,31,22,36,25
17,19,25,22,28,34,32,21,0,37,26,26,38,22,30,25
21,17,31,21,32,29,33,25,0,38,25,25,37,20,30,29
19,19,25,24,27,29,33,21,0,35,26,29,33,24,35,31
22,22,26,21,30,32,32,22,0,33,29,27,35,26,32,26
18,19,32,24,29,34,34,21,0,30,27,27,31,24,30,25
16,20,30,25,31,28,32,23,0,36,27,25,36,21,32,27
18,23,27,24,30,35,37,22,0,35,29,26,39,23,31,28
21,19,32,22,19,28,30,21,0,30,28,25,39,26,30,25
18,18,24,22,29,34,34,26,0,39,28,26,34,25,32,23
22,21,22,21,25,36,30,26,0,42,27,27,37,28,29,30
17,21,31,23,27,31,35,23,0,42,29,27,34,24,31,27
18,22,25,24,29,29,33,25,0,43,29,24,43,23,31,28
16,16,28,21,29,30,31,23,0,40,29,26,37,21,35,26
18,19,22,22,21,33,35,21,0,37,30,29,42,25,33,26
17,20,26,22,28,33,31,24,0,39,27,28,35,21,33,26
19,16,30,21,29,29,35,25,0,48,27,30,41,24,28,26
26,25,27,21,24,33,33,21,0,43,26,28,33,26,29,28
21,22,29,26,28,29,35,24,0,35,28,27,32,24,28,29
19,21,34,22,30,38,26,26,0,36,23,23,38,26,32,29
20,22,27,21,27,33,31,22,0,40,25,26,36,25,35,27
21,21,28,24,28,31,34,23,0,41,26,29,38,25,31,26
17,20,29,25,33,36,34,26,0,45,31,28,37,25,32,30
20,21,30,26,30,38,37,23,0,44,29,29,44,26,31,30
21,20,29,25,33,32,35,25,0,44,27,33,35,25,32,29
21,21,26,24,29,36,34,22,0,42,26,29,41,25,31,28
20,21,27,26,31,35,34,25,0,43,31,29,39,24,30,30
19,21,31,26,31,32,38,24,0,44,28,34,40,25,33,25
18,21,31,26,28,40,35,24,0,41,27,31,38,26,36,26
19,21,27,24,30,36,35,27,0,42,28,28,39,24,33,26
21,21,31,25,31,36,34,22,0,41,29,29,39,28,34,27
19,24,35,25,29,34,32,24,0,40,27,25,38,23,33,26
20,22,33,24,30,34,33,24,0,37,29,30,40,21,32,23
22,23,29,26,27,36,35,25,0,48,30,28,36,23,32,32
21,21,28,24,36,34,34,24,0,49,26,28,37,23,36,26
18,23,31,26,33,33,34,24,0,40,28,27,36,25,31,28
19,18,32,24,32,39,35,22,0,37,27,30,40,23,31,27
24,22,30,26,35,36,33,25,0,42,27,31,38,25,31,28
24,26,30,28,30,38,34,23,0,44,29,27,39,26,31,29
24,21,34,25,32,39,35,21,0,43,27,29,38,24,30,27
22,19,35,26,34,37,37,22,0,47,26,30,39,26,33,28
24,23,32,26,33,40,31,26,0,40,28,30,41,27,34,28
19,21,29,25,32,38,38,27,0,40,31,29,38,25,35,26
26,23,32,26,37,37,35,26,0,42,29,30,36,27,34,26
21,23,34,26,34,38,34,30,0,44,29,29,40,25,30,28
19,23,39,27,33,38,39,26,0,46,29,34,38,23,34,26
22,25,34,26,32,38,36,25,0,40,32,31,40,25,30,31
23,24,32,26,31,38,37,28,0,45,29,31,40,28,31,27
20,26,33,26,33,38,37,23,0,42,32,32,37,24,30,31
24,22,31,30,33,38,36,25,0,46,32,29,36,28,30,29
19,25,36,27,33,39,35,25,0,45,29,32,36,27,34,31
25,25,37,26,33,37,36,26,0,44,29,30,39,27,29,26
23,26,33,28,35,39,36,24,0,45,26,29,42,25,31,29
24,24,32,29,36,41,37,26,0,43,28,33,40,26,33,27
26,24,33,29,33,40,33,26,0,39,28,31,37,26,30,30
24,21,33,29,34,41,34,26,0,42,31,31,41,25,37,28
28,25,37,26,30,36,34,22,0,38,29,30,39,26,34,28
24,25,33,26,32,36,36,26,0,42,29,31,35,25,35,30
25,26,37,27,31,38,35,26,0,42,32,31,36,27,32,27
22,21,33,26,32,37,33,27,0,40,31,30,34,26,32,29
22,22,33,27,32,38,31,24,0,46,29,28,36,25,33,28
21,26,32,27,31,38,35,23,0,41,28,30,38,22,32,30
26,24,36,25,31,38,33,22,0,38,28,30,39,24,31,27
26,24,34,26,29,36,35,22,0,38,29,30,36,26,27,26
26,25,37,26,31,38,33,24,0,41,29,34,30,25,33,29
21,25,37,28,33,40,33,26,0,42,33,33,37,26,32,28
27,29,37,29,34,38,38,27,0,43,32,33,36,25,30,28
23,24,33,26,32,38,33,23,0,37,29,35,36,24,31,28
23,30,37,28,32,37,33,21,0,39,30,28,39,30,33,27
26,25,36,26,31,37,34,23,0,40,29,32,31,26,34,26
26,25,32,27,31,40,31,25,0,38,27,28,35,28,29,29
26,24,32,25,30,37,31,23,0,39,29,30,39,26,32,27
24,27,35,27,35,34,36,26,0,37,32,31,41,27,34,31
24,24,34,24,32,34,33,25,0,44,32,34,36,23,31,27
25,19,31,25,28,36,31,19,0,39,26,30,34,25,29,28
24,23,36,27,33,37,31,24,0,42,32,31,34,24,31,27
26,32,26,31,26,36,37,27,0,58,35,34,49,10,32,32
26,24,35,28,33,38,33,25,0,44,29,33,37,25,31,26
24,23,38,28,34,37,31,23,0,42,29,29,41,26,27,31
26,24,31,29,32,39,35,24,0,38,29,31,36,25,32,27
27,27,28,30,34,33,40,29,0,41,30,31,37,19,35,26
26,23,35,27,33,44,32,22,0,43,29,32,37,30,32,27
26,25,33,29,36,32,36,24,0,38,28,29,39,25,30,28
24,27,38,26,32,36,35,21,0,41,29,32,36,25,35,23
38,26,40,27,33,39,37,33,0,62,31,39,41,29,43,34
25,28,36,29,40,51,35,34,0,31,32,30,37,25,23,25
29,27,35,29,34,39,37,21,0,43,32,30,31,25,28,29
23,23,37,26,31,37,34,25,0,44,29,31,39,27,32,30
22,26,33,28,33,39,35,23,0,45,31,31,38,22,32,26
26,29,32,28,37,40,42,27,0,26,30,48,38,25,31,37
36,25,38,26,31,35,27,30,0,42,18,31,46,23,34,25
20,19,29,25,32,47,32,25,0,18,39,24,44,35,32,30
36,23,40,26,33,40,34,23,0,36,31,28,37,20,33,28
27,25,31,27,33,36,34,23,0,39,30,43,37,28,30,32
28,29,38,28,35,39,38,21,0,39,30,46,40,30,36,27
28,25,36,27,31,36,34,26,0,44,32,32,36,25,32,28
27,26,36,26,33,36,30,23,0,35,30,28,32,25,31,29
31,21,38,24,33,18,31,20,0,21,29,32,52,32,16,26
24,23,34,19,29,37,32,26,0,30,34,29,37,22,32,29
32,25,38,24,28,32,35,26,0,44,24,36,41,37,25,29
26,26,36,26,33,31,34,26,0,38,29,30,33,27,27,26
28,22,44,25,29,36,35,22,0,44,31,33,31,26,32,27
22,24,32,25,25,32,34,25,0,39,33,31,35,23,31,28
25,25,29,26,26,30,25,28,0,20,30,32,40,11,27,23
30,26,33,26,29,38,32,21,0,39,0,31,35,28,35,26
29,26,36,27,31,37,35,21,0,38,30,31,38,26,34,27
28,23,36,27,35,37,34,20,0,34,30,31,34,25,22,14
30,26,27,26,31,24,30,25,0,47,0,29,22,31,29,28
28,33,37,29,37,43,34,23,0,42,33,34,38,23,32,29
33,27,36,26,31,38,36,25,0,42,26,32,34,25,33,28
28,26,35,24,31,34,32,23,0,39,30,29,34,24,33,29
26,26,38,27,25,33,30,23,0,42,0,30,43,25,36,29
31,29,39,33,33,41,37,28,0,45,35,32,35,26,32,29
31,26,37,27,33,37,33,21,0,41,32,33,37,26,34,29
25,30,34,30,30,35,37,25,0,48,24,37,35,25,30,20
27,23,39,25,29,38,45,22,0,41,31,34,37,26,34,26
36,30,47,30,30,31,35,21,0,46,29,29,31,16,32,25
31,20,34,31,33,36,35,24,0,36,0,34,35,28,31,28
33,26,33,25,33,38,35,24,0,38,30,35,37,24,32,29
26,26,33,27,32,35,32,21,0,39,29,29,37,23,35,34
32,27,36,28,31,36,29,21,0,30,0,25,28,24,27,21
29,27,38,30,32,40,34,21,0,41,0,36,39,26,33,31
33,25,38,24,31,39,33,24,0,31,28,34,36,24,37,28
26,25,31,22,30,30,34,24,0,35,31,31,36,25,30,28
31,26,49,29,28,45,30,26,0,46,31,25,17,12,32,35
31,26,37,27,32,36,32,28,0,40,33,32,33,22,29,27
26,23,36,26,29,35,31,24,0,38,33,32,38,26,35,28
27,26,32,27,28,35,34,23,0,37,32,34,33,23,31,28
23,29,42,33,22,42,35,26,0,39,43,33,28,27,39,25
27,28,26,29,43,37,33,31,0,55,33,33,21,18,35,28
27,25,33,27,30,35,32,23,0,42,32,33,37,25,30,30
21,26,36,31,27,37,33,19,0,31,24,31,39,37,37,27
29,29,39,34,35,41,39,24,0,44,32,34,40,26,33,29
27,33,39,29,35,41,41,28,0,44,31,41,41,28,36,27
19,24,29,31,35,38,33,17,0,40,32,31,34,30,33,25
33,29,37,29,23,38,35,24,0,36,33,32,49,27,18,32
33,30,42,34,36,41,36,24,0,42,0,31,36,31,34,29
26,18,36,31,30,37,37,25,0,44,33,36,40,31,31,29
26,26,30,24,32,32,31,24,0,39,32,30,36,24,35,30
27,31,37,27,29,35,31,33,0,40,0,29,37,25,29,39
29,27,40,30,31,39,38,26,0,46,0,33,37,28,32,29
29,27,37,24,27,37,35,26,0,44,24,32,39,25,33,29
28,20,34,26,28,33,35,24,0,37,34,31,39,29,32,31
32,21,43,26,27,47,31,20,0,47,32,30,43,27,37,28
32,28,39,32,35,37,36,23,0,42,0,33,40,29,31,28
29,24,35,25,32,35,35,25,0,39,0,36,39,27,34,30
29,29,30,25,29,34,33,19,0,30,17,31,37,17,31,28
28,25,33,25,41,37,37,28,0,37,31,24,34,25,33,35
30,25,37,28,29,34,35,22,0,33,30,31,36,22,34,28
30,23,37,23,35,32,34,22,0,47,35,27,55,22,37,31
21,25,33,25,27,47,41,15,0,24,27,44,56,21,33,26
27,28,37,29,30,35,34,23,0,42,0,30,37,25,31,31
29,27,37,29,35,34,37,26,0,43,19,35,40,27,34,30
22,25,35,23,33,40,33,18,0,20,29,29,38,21,33,29
28,28,35,27,32,37,29,23,0,41,0,26,39,25,34,20
28,27,35,30,35,37,37,25,0,46,0,39,38,26,31,29
29,26,31,28,31,42,37,24,0,45,31,34,14,30,40,30
27,27,32,27,26,36,36,26,0,43,0,32,38,25,30,31
30,28,36,31,33,39,37,25,0,42,0,34,39,28,35,31
17,24,30,27,32,37,38,23,0,36,28,33,41,20,33,30
27,24,33,27,26,35,35,23,0,39,32,33,38,26,32,29
27,28,35,30,28,37,30,24,0,46,35,25,39,25,23,26
28,27,34,30,32,37,34,24,0,43,0,37,37,27,30,30
26,26,34,27,32,36,31,25,0,39,32,34,37,25,34,30
27,27,36,23,32,36,36,24,0,39,25,32,34,26,35,29
18,30,44,29,32,32,34,25,0,50,35,34,36,26,32,29
28,20,42,30,32,49,27,21,0,22,33,37,31,21,36,40
24,25,35,27,30,37,39,23,0,43,29,34,38,25,31,28
24,26,33,26,30,37,33,23,0,42,32,32,37,23,34,27
27,30,34,31,38,43,35,25,0,68,35,30,31,34,32,30
27,25,32,30,34,34,39,24,0,46,33,33,43,26,33,29
25,26,34,28,30,38,36,24,0,41,29,29,40,26,31,26
28,27,33,31,33,41,33,25,0,49,30,30,35,27,33,26
29,25,35,31,30,47,35,25,0,52,32,40,36,26,51,32
26,26,37,27,32,34,35,24,0,41,29,33,36,24,33,28
25,27,36,29,33,39,33,25,0,48,34,31,39,27,28,29
27,34,39,36,35,30,37,25,0,45,42,39,38,24,33,29
26,27,35,31,36,30,36,26,0,43,31,37,16,23,21,17
26,27,36,29,30,42,35,22,0,43,31,30,40,26,33,27
22,26,48,30,32,40,33,28,0,62,31,32,40,29,34,30
29,26,34,32,37,45,37,29,0,34,35,34,34,28,29,31
33,34,34,28,32,42,38,24,0,52,47,32,36,18,24,25
26,25,37,27,32,41,33,25,0,40,33,43,40,24,30,29
28,27,39,31,31,41,33,26,0,42,33,32,42,26,33,31
24,21,46,30,35,42,36,28,0,38,33,35,41,14,34,28
28,25,36,28,33,39,37,27,0,44,27,30,39,25,34,32
24,26,33,25,34,35,33,21,0,43,28,29,35,25,33,28
26,29,38,25,38,40,36,27,0,35,31,30,45,25,29,28
28,21,39,35,38,42,34,26,0,46,34,34,35,24,31,28
26,26,35,27,35,41,35,28,0,42,34,17,40,25,32,26
24,25,39,30,32,38,37,26,0,44,26,29,36,28,34,32
29,31,41,33,33,51,35,26,0,43,37,33,43,22,36,30
25,26,31,26,37,45,36,25,0,49,31,32,37,29,36,26
26,23,35,30,32,38,34,25,0,40,32,26,37,25,31,29
23,31,27,33,34,43,40,21,0,42,34,31,37,24,29,25
26,32,40,29,34,40,37,25,0,47,0,33,37,26,29,28
24,26,43,27,32,25,43,18,0,37,28,48,56,23,13,27
27,26,34,27,32,36,37,22,0,41,30,33,36,26,31,27
31,30,42,26,33,41,34,25,0,44,32,21,36,23,42,26
31,29,39,30,37,42,37,23,0,46,32,37,37,25,34,29
31,31,35,28,33,36,37,26,0,36,34,32,35,30,28,31
28,27,35,27,28,27,31,29,0,41,29,40,43,21,23,22
29,28,40,30,33,39,35,25,0,48,31,32,38,26,33,31
27,28,37,28,34,38,34,22,0,47,34,33,40,27,32,28
25,24,34,27,34,38,34,25,0,47,31,29,35,21,32,30
28,26,37,30,32,44,35,22,0,31,32,33,40,22,34,30
25,25,39,30,37,42,36,28,0,46,31,37,38,26,33,27
28,26,32,27,32,36,34,23,0,43,41,30,48,25,15,30
28,24,35,27,32,33,35,24,0,44,29,34,43,26,32,32
34,25,42,28,35,44,40,22,0,38,27,38,60,20,30,29
29,25,36,29,27,41,36,25,0,45,31,33,38,25,22,30
28,25,36,26,32,39,39,16,0,46,33,34,56,25,32,23
26,29,31,26,43,41,39,26,0,39,30,41,41,22,21,33
26,27,36,27,33,41,34,25,0,41,33,31,40,26,38,27
27,27,36,29,37,44,37,25,0,41,28,35,33,25,46,17
27,27,36,26,33,43,37,21,0,51,29,31,37,25,35,29
27,27,34,25,29,36,31,20,0,47,28,33,35,22,28,26
25,22,33,26,28,38,31,26,0,40,32,38,38,23,31,29
30,26,39,28,30,41,35,25,0,41,32,29,37,30,32,29
24,21,40,27,33,44,38,24,0,42,35,33,35,25,30,28
25,28,36,27,28,33,34,26,0,38,39,34,36,22,29,31
26,27,35,24,33,35,32,24,0,37,30,35,38,25,33,25
28,26,38,26,31,40,35,19,0,41,31,31,36,29,30,27
30,23,39,25,31,40,37,24,0,40,29,36,33,24,30,27
28,19,33,24,30,33,33,23,0,39,23,33,36,24,33,30
31,26,37,26,33,36,34,23,0,40,31,34,37,27,32,30
30,27,37,27,33,37,30,23,0,38,31,32,38,27,34,29
27,25,38,24,31,35,32,24,0,38,31,33,40,28,32,26
28,27,39,25,29,36,33,21,0,40,32,31,39,26,32,28
28,22,35,23,31,35,30,23,0,36,31,33,36,26,33,33
26,26,33,26,28,34,31,23,0,41,30,29,37,26,33,26
29,26,36,27,31,40,34,22,0,42,26,31,37,29,32,30
28,28,40,27,32,36,31,24,0,37,32,33,38,26,33,29
28,23,35,25,32,37,33,21,0,38,30,33,39,25,31,30
26,25,37,25,31,36,34,22,0,38,31,32,31,24,33,29
28,27,40,28,30,39,32,21,0,41,31,32,36,26,31,28
28,25,36,27,30,39,35,20,0,36,31,33,39,27,33,27
27,25,32,24,29,34,33,23,0,35,31,32,36,20,33,29
29,25,35,27,33,38,33,24,0,38,32,31,37,27,32,28
31,26,33,27,33,37,32,21,0,36,28,32,38,26,32,25
31,25,35,25,32,38,33,23,0,35,30,33,36,26,33,29
26,23,35,25,31,36,30,24,0,35,28,33,35,25,34,28
29,27,38,27,32,40,30,24,0,37,28,32,36,25,36,30
26,24,37,24,29,36,37,24,0,38,30,30,34,26,32,28
28,24,33,22,31,39,29,21,0,34,30,31,36,26,33,30
31,25,37,27,29,36,35,21,0,40,35,33,35,24,34,30
28,26,34,27,30,38,35,23,0,43,34,32,35,28,33,29
27,23,35,24,31,35,34,21,0,39,27,31,38,25,33,28
31,31,34,29,31,36,34,22,0,38,31,31,36,23,31,26
30,28,38,29,32,39,33,23,0,42,32,37,35,26,32,31
29,25,38,26,33,40,32,20,0,42,34,36,38,24,31,26
29,25,38,27,28,32,31,21,0,38,31,32,37,26,32,27
28,24,35,26,31,35,33,24,0,41,28,35,37,31,32,25
30,27,36,26,31,36,35,21,0,42,31,34,36,24,32,28
30,27,37,27,33,38,31,24,0,38,28,32,37,30,35,29
29,26,37,26,31,36,33,23,0,40,28,32,35,23,32,29
37,25,48,25,30,34,32,21,0,35,30,29,21,23,30,27
32,28,37,25,28,34,36,24,0,33,45,38,38,30,36,34
28,28,38,30,33,33,31,26,0,45,31,32,39,29,32,31
31,26,38,28,35,41,35,25,0,38,32,32,37,27,32,29
32,27,39,24,33,41,35,24,0,40,29,30,39,28,37,32
33,24,39,24,31,35,31,22,0,46,36,31,34,24,29,30
30,26,40,26,31,39,36,23,0,40,33,33,41,26,28,32
33,27,40,30,34,40,35,24,0,41,32,31,38,24,27,31
27,25,34,27,31,37,35,22,0,38,30,34,36,24,33,28
24,24,34,26,33,35,36,22,0,39,32,31,36,25,34,26
31,28,38,26,31,34,31,26,0,41,28,29,38,28,30,27
27,27,37,26,32,38,29,22,0,39,29,33,35,25,32,31
29,25,35,27,30,36,33,23,0,37,31,33,34,24,32,32
27,24,34,24,30,33,35,20,0,40,30,34,35,23,29,27
27,22,37,25,31,37,30,23,0,40,33,32,33,24,33,29
26,26,32,24,31,37,30,25,0,40,32,28,35,26,33,28
29,24,35,24,31,34,33,23,0,50,30,32,36,27,28,27
28,29,36,25,27,34,33,21,0,36,30,33,35,26,31,28
26,24,36,25,28,38,31,23,0,33,29,33,36,27,30,31
26,20,34,24,25,33,33,20,0,40,29,34,35,23,31,30
26,25,32,25,28,32,33,21,0,39,31,33,33,33,27,28
27,23,31,24,30,33,31,18,0,37,30,33,34,28,30,28
29,25,37,23,30,35,35,24,0,37,34,34,37,30,32,26
28,21,34,23,31,34,30,21,0,40,28,29,36,25,34,28
24,22,31,23,31,35,31,21,0,40,29,31,39,26,35,26
25,27,34,26,30,34,32,20,0,37,31,31,38,25,31,26
30,29,38,27,33,37,30,24,0,40,31,32,39,26,28,28
28,24,40,26,32,36,32,22,0,40,31,32,38,26,34,31
27,22,37,24,30,34,33,23,0,43,32,32,33,26,27,28
29,24,33,26,33,33,30,24,0,39,30,33,33,27,32,27
26,24,33,29,29,40,34,21,0,42,32,33,40,27,32,31
28,24,37,26,31,38,32,23,0,39,31,31,38,24,31,29
29,26,36,27,30,37,30,21,0,42,31,30,36,23,36,27
29,25,36,25,29,34,30,21,0,41,30,32,36,25,32,29
30,22,36,22,28,36,30,24,0,40,31,32,38,25,26,26
30,24,34,25,29,36,31,25,0,33,32,34,38,23,32,27
33,28,32,27,32,36,33,21,0,38,29,31,39,26,29,27
31,24,36,24,32,37,33,22,0,37,30,33,38,23,33,28
28,24,33,26,32,33,30,20,0,36,30,31,37,28,33,30
29,26,39,29,31,40,34,25,0,39,28,33,34,26,32,25
37,26,39,24,31,33,31,23,0,42,33,32,37,27,29,25
28,25,37,24,32,36,31,25,0,39,34,32,36,28,33,31
28,26,34,28,31,34,30,22,0,36,30,32,33,26,32,26
27,25,36,25,28,35,35,25,0,39,32,32,33,27,32,26
29,28,39,24,30,36,32,24,0,40,33,34,37,26,32,28
28,21,32,24,31,33,31,24,0,41,31,32,31,23,33,27
28,22,35,26,30,38,31,25,0,36,28,34,40,24,32,28
30,21,36,25,30,38,32,22,0,39,33,32,37,25,32,29
28,19,34,25,33,37,33,23,0,39,29,31,36,27,33,28
29,25,35,26,27,35,32,23,0,37,33,34,39,23,33,25
31,26,39,24,32,36,34,23,0,36,31,31,34,29,32,26
28,27,37,25,30,35,31,20,0,41,30,33,36,25,29,29
31,25,36,25,28,36,29,21,0,39,31,32,38,26,32,26
28,26,37,26,31,35,32,23,0,36,30,31,36,23,34,29
31,27,39,26,35,33,31,24,0,35,32,29,36,27,30,28
28,26,37,26,32,36,35,24,0,39,32,32,35,26,32,25
30,27,36,23,28,37,32,21,0,34,31,33,36,23,32,27
26,26,36,25,27,31,31,22,0,37,33,34,33,26,30,25
26,23,32,24,27,35,29,25,0,39,30,32,32,23,33,26
27,21,35,26,29,32,31,22,0,40,28,32,38,25,30,26
28,23,36,22,29,35,34,22,0,39,30,33,33,25,31,25
26,24,34,22,31,36,35,23,0,40,29,30,36,24,34,26
29,23,36,25,32,34,32,21,0,38,29,33,37,26,34,28
30,25,31,23,29,35,32,21,0,38,29,31,37,23,35,27
28,24,32,22,29,34,31,23,0,33,31,32,33,24,29,32
28,23,32,23,28,30,28,20,0,34,29,31,38,27,32,31
26,26,31,22,31,32,33,22,0,35,27,30,36,29,33,29
29,23,33,22,30,32,31,26,0,41,31,33,36,25,32,30
26,26,30,24,29,32,33,24,0,42,30,32,36,24,32,27
28,22,31,25,29,31,32,22,0,35,32,32,36,24,31,29
29,26,33,22,29,33,33,23,0,45,28,33,37,24,34,23
29,21,32,22,27,34,32,19,0,40,35,35,35,24,32,29
27,23,30,24,27,34,34,24,0,40,28,32,34,26,29,29
28,22,33,21,26,31,30,24,0,39,29,36,34,24,28,28
27,20,32,25,32,35,32,22,0,40,31,32,39,20,32,26
28,23,32,23,29,33,30,18,0,40,32,33,36,24,28,26
31,24,34,24,27,35,33,20,0,38,29,30,33,24,30,28
31,24,33,23,29,31,30,23,0,37,30,33,34,28,28,25
30,23,37,24,30,30,31,22,0,44,29,33,36,30,33,27
28,23,34,23,28,31,29,20,0,33,29,32,33,27,31,29
28,24,33,23,31,31,31,20,0,35,32,32,33,25,31,29
31,24,34,23,28,34,30,21,0,42,31,33,38,29,32,27
26,22,37,22,28,33,31,21,0,44,32,31,35,27,33,30
27,25,34,24,28,33,30,20,0,38,32,30,37,26,31,29
28,22,33,23,26,32,30,23,0,38,27,33,41,25,34,29
29,22,35,25,27,33,33,24,0,37,29,33,35,23,32,28
29,23,33,23,28,31,30,21,0,38,31,32,37,23,31,25
29,23,33,23,26,32,30,20,0,37,30,28,35,25,29,28
28,26,35,25,31,32,32,20,0,34,32,32,35,24,31,26
29,22,32,21,29,32,30,21,0,37,32,34,37,23,28,24
29,24,33,21,27,32,30,23,0,40,30,35,35,26,34,27
31,24,32,22,30,29,33,25,0,37,30,32,37,26,32,29
26,23,32,27,31,33,32,21,0,37,32,33,36,22,31,24
28,23,30,23,29,32,30,19,0,38,29,31,33,25,32,29
28,23,33,22,27,33,28,22,0,40,30,30,36,26,33,30
28,26,37,23,31,35,35,20,0,38,31,30,38,24,35,30
28,21,36,24,29,36,32,22,0,45,32,30,35,26,31,28
30,26,35,26,32,34,35,23,0,39,29,31,35,24,28,27
31,30,35,25,28,39,35,23,0,35,35,31,38,27,29,31
31,27,35,27,31,38,33,24,0,40,30,30,33,22,30,26
29,26,37,27,33,36,35,20,0,39,29,34,40,23,31,29
30,26,35,27,32,39,32,23,0,44,34,37,35,25,30,30
30,27,34,26,32,38,35,25,0,42,30,33,38,22,31,28
31,30,40,27,32,36,32,22,0,39,31,35,35,24,32,27
29,33,42,29,33,38,35,21,0,40,34,32,36,30,28,29
28,28,39,29,32,36,32,23,0,42,29,36,36,27,33,31
31,27,38,30,34,37,35,22,0,40,30,33,36,25,32,28
30,29,39,26,33,40,35,25,0,41,33,33,37,26,33,32
30,30,41,28,34,38,34,21,0,43,31,31,36,28,34,28
31,29,41,29,32,39,30,24,0,40,30,35,35,25,33,28
31,30,38,32,35,36,33,23,0,44,32,32,36,21,34,27
27,30,39,30,32,38,33,21,0,41,33,31,37,27,28,32
32,31,42,27,38,38,34,21,0,42,34,33,34,24,34,28
28,31,38,30,32,40,33,19,0,41,32,34,39,25,34,29
29,26,39,29,32,36,32,21,0,40,35,31,37,25,31,30
29,28,38,29,36,42,34,24,0,41,32,34,35,26,33,27
31,31,40,27,37,40,34,24,0,42,33,35,36,26,36,29
31,27,39,28,30,39,33,21,0,43,31,34,39,25,33,29
29,29,39,27,32,41,33,22,0,40,31,29,36,30,32,29
31,30,41,27,32,38,32,25,0,36,30,31,33,26,33,25
32,32,35,26,32,39,32,25,0,42,31,31,35,30,31,28
29,27,39,29,31,37,28,22,0,43,31,32,37,27,33,30
27,27,38,26,33,37,33,24,0,42,30,34,38,24,33,25
29,27,39,28,31,39,34,21,0,45,32,28,38,27,31,31
29,29,42,27,32,37,35,23,0,34,28,34,40,22,31,28
32,28,38,30,33,39,37,24,0,43,31,35,37,26,33,28
30,22,42,28,32,41,32,23,0,38,31,33,34,23,32,28
31,31,38,30,33,37,34,24,0,43,33,31,36,24,32,27
29,28,37,28,34,41,34,24,0,42,32,34,31,26,32,27
28,27,35,26,31,39,31,23,0,40,31,31,34,26,32,28
31,26,32,30,33,40,33,22,0,44,31,33,36,27,33,27
31,27,40,27,32,36,31,22,0,43,29,32,37,27,31,30
31,28,42,30,32,36,33,24,0,44,32,33,38,28,29,30
31,29,38,26,32,38,32,23,0,42,32,31,32,21,34,30
29,30,39,30,33,42,31,23,0,44,33,34,32,27,35,27
26,31,38,28,32,41,30,24,0,45,34,31,36,25,35,30
29,30,39,29,31,38,32,24,0,40,29,33,37,25,32,30
27,28,42,29,36,41,34,24,0,39,28,35,35,23,31,31
28,30,38,29,32,37,34,24,0,40,32,31,34,23,35,28
31,29,36,28,32,41,34,21,0,38,30,31,40,24,31,30
32,29,38,26,33,39,35,22,0,39,29,31,39,23,31,30
31,28,36,29,31,37,31,21,0,42,34,33,39,25,31,29
31,29,37,30,34,39,32,25,0,40,32,31,36,25,35,31
29,26,37,30,32,40,35,23,0,40,29,29,35,25,35,29
29,30,36,30,33,38,35,24,0,36,29,30,35,25,32,29
31,26,39,29,35,39,39,22,0,38,29,34,35,25,37,29
30,30,37,31,33,39,35,24,0,42,30,32,36,25,32,29
31,28,40,28,30,38,33,23,0,39,30,32,36,28,30,28
31,30,40,28,33,39,31,22,0,39,32,32,32,29,32,27
30,29,38,26,31,36,31,20,0,40,33,32,34,25,32,27
30,29,40,28,37,43,32,26,0,49,31,34,38,24,32,26
30,28,37,28,30,39,36,25,0,42,33,33,38,25,29,28
27,30,39,29,31,40,34,24,0,40,29,32,37,27,28,29
33,30,40,29,34,42,31,23,0,44,31,28,36,25,33,30
32,29,42,31,37,44,36,26,0,41,28,34,34,23,32,28
33,35,41,33,37,46,34,21,0,43,33,35,36,26,33,28
29,31,40,31,36,44,35,25,0,45,32,35,40,23,34,24
31,31,41,30,34,41,32,25,0,45,29,35,41,24,33,26
32,31,43,31,36,43,33,25,0,44,31,33,41,27,33,26
31,31,41,32,35,40,36,26,0,40,32,33,36,28,35,29
31,34,42,30,32,45,34,26,0,45,30,31,34,26,31,26
29,31,41,30,34,41,33,25,0,45,32,34,41,24,37,28
31,29,42,33,33,41,36,26,0,38,30,33,31,26,34,30
31,30,43,34,34,40,35,24,0,46,30,34,38,25,33,31
34,31,45,32,37,40,36,25,0,47,30,34,28,25,31,27
30,30,42,31,35,44,34,25,0,41,30,34,39,26,33,26
32,30,38,33,33,46,36,26,0,40,29,34,38,20,33,26
32,31,41,32,37,42,34,26,0,44,34,30,36,25,31,28
31,31,41,32,36,45,39,23,0,44,33,34,40,26,30,28
29,30,40,32,38,44,38,23,0,43,31,34,38,24,34,29
32,31,43,32,38,41,37,24,0,46,31,34,40,25,36,27
30,32,42,31,39,41,32,25,0,43,32,31,37,27,31,30
32,32,42,30,36,42,35,25,0,46,32,37,39,25,32,28
31,31,42,33,39,42,36,27,0,42,30,32,37,23,32,29
29,34,41,32,37,44,34,24,0,43,33,31,38,28,36,30
30,31,41,34,36,46,34,25,0,46,32,34,39,28,33,29
31,31,45,34,36,41,32,23,0,50,32,31,36,29,32,30
32,29,41,34,35,44,37,20,0,43,29,33,36,23,31,29
30,37,44,34,35,47,36,24,0,50,33,34,39,24,31,29
31,29,44,32,36,44,34,27,0,47,29,33,37,25,32,29
34,35,47,33,37,43,35,22,0,45,29,34,45,26,32,31
35,33,42,34,38,45,35,22,0,45,33,33,39,25,32,26
31,36,40,33,39,45,37,24,0,43,34,37,36,30,34,28
31,31,41,31,36,43,34,24,0,42,32,32,40,27,34,27
32,30,41,33,36,46,35,23,0,44,31,33,41,25,34,29
33,31,44,32,37,44,38,28,0,45,32,34,42,24,32,26
32,27,46,33,35,43,33,26,0,48,27,35,39,26,31,27
32,33,44,31,36,41,37,24,0,43,31,34,41,28,34,27
32,31,42,31,33,45,36,26,0,42,32,32,37,25,34,28
32,31,43,34,35,42,35,26,0,45,33,31,38,26,35,27
32,33,41,33,40,46,37,23,0,48,33,32,33,29,30,29
31,32,43,31,38,44,36,26,0,46,32,33,38,29,33,30
30,30,39,33,38,43,37,25,0,45,34,33,41,26,28,26
31,32,44,33,38,42,37,26,0,47,32,32,38,25,31,29
32,30,44,33,36,45,36,23,0,45,34,32,37,27,32,29
32,31,42,34,40,43,36,22,0,43,32,32,41,26,32,26
32,31,45,33,37,46,38,29,0,48,33,35,37,26,31,26
35,29,42,34,37,44,35,23,0,47,32,36,37,24,32,26
33,31,46,32,38,44,34,23,0,41,31,31,36,26,36,31
32,32,44,32,37,44,34,24,0,46,32,35,36,28,32,29
35,36,47,31,39,45,34,22,0,46,33,35,36,28,31,29
33,34,44,34,41,43,36,27,0,47,30,33,41,28,33,27
33,31,47,35,40,44,35,27,0,49,0,33,39,26,30,26
32,37,46,33,37,46,31,28,0,49,0,31,40,26,33,28
33,35,45,36,40,49,36,26,0,48,0,38,38,26,32,29
33,33,45,36,39,44,35,25,0,48,0,37,38,27,30,31
30,31,45,34,36,45,39,29,0,50,0,36,45,25,34,28
33,29,43,37,38,44,40,26,0,45,0,36,38,25,34,32
33,27,42,34,40,48,37,26,0,48,0,35,41,30,32,26
30,37,42,35,40,48,38,26,0,49,0,38,43,25,33,31
35,31,47,35,39,47,36,26,0,47,0,36,45,26,34,28
31,32,41,35,39,47,35,26,0,52,0,36,41,27,33,28
31,37,47,36,41,48,37,26,0,47,0,35,42,28,33,28
32,34,44,35,39,48,38,30,0,47,0,38,40,25,34,26
34,36,48,36,42,47,36,27,0,46,0,34,37,27,34,28
32,36,46,35,40,45,39,28,0,53,0,38,42,29,33,27
30,34,44,37,41,45,36,28,0,46,0,38,41,26,33,30
27,34,44,37,42,50,40,28,0,50,0,37,41,26,33,30
31,33,45,38,38,51,39,28,0,51,0,40,45,26,35,29
31,33,45,36,41,49,36,29,0,52,0,37,42,25,32,29
31,33,44,37,41,51,40,28,0,52,0,40,40,26,30,32
31,36,42,38,40,50,40,29,0,51,0,39,41,22,35,29
35,34,46,37,41,49,40,29,0,50,0,37,44,26,38,30
31,31,47,38,41,50,42,26,0,55,0,40,42,28,36,27
32,35,47,36,43,48,38,28,0,50,0,39,43,24,37,31
34,33,47,38,43,50,41,31,0,53,0,36,51,30,38,31
32,36,47,37,44,52,40,32,0,55,0,42,48,26,38,29
29,36,48,39,43,51,42,30,0,54,0,41,44,26,35,28
31,37,49,40,43,51,42,33,0,54,0,38,45,26,37,30
31,35,48,41,42,51,40,31,0,55,0,40,46,30,37,30
32,35,48,39,46,49,40,30,0,57,0,42,45,28,37,29
31,39,46,41,45,53,44,32,0,60,0,42,46,28,36,31
31,31,47,39,44,53,43,30,0,59,0,41,47,31,37,34
31,33,47,40,46,51,45,28,0,58,0,44,47,28,37,26
30,35,48,41,45,56,41,30,0,59,0,40,46,27,37,29
31,36,45,39,42,53,45,29,0,57,0,44,48,30,37,28
32,32,46,41,48,52,45,33,0,59,0,43,45,30,38,30
31,33,46,39,43,50,46,29,0,59,0,43,46,29,39,27
30,36,47,42,47,52,44,34,0,65,0,40,48,27,38,31
31,32,47,38,45,51,43,34,0,57,0,40,48,28,37,31
27,34,46,38,44,48,45,32,0,57,30,38,46,30,41,31
27,33,46,39,42,50,44,33,0,53,38,40,46,29,40,27
27,31,42,41,44,53,47,29,0,60,35,40,59,31,37,34
27,32,42,41,47,49,43,35,0,57,37,41,49,28,39,30
28,33,41,42,44,51,45,33,0,55,41,42,41,29,41,31
27,34,39,41,45,45,46,33,0,60,32,35,46,30,36,26
28,26,42,42,45,46,49,32,0,48,30,39,44,29,40,29
23,32,43,41,45,48,46,33,0,46,50,37,47,30,53,28
31,31,40,37,42,54,50,35,0,29,42,50,66,18,51,17
29,36,41,40,46,53,46,35,0,55,39,37,50,34,40,29
28,33,39,41,32,39,46,33,0,55,40,34,30,19,28,44
25,29,45,41,45,50,44,31,0,57,37,42,45,31,43,27
25,30,45,39,49,59,47,39,0,57,34,48,40,33,48,31
28,30,36,38,46,51,48,34,0,38,35,43,48,18,41,33
26,31,34,41,41,49,44,34,0,53,38,44,48,34,50,29
22,32,42,39,42,46,47,30,0,60,41,44,52,28,42,30
27,27,42,38,41,46,46,35,0,65,42,39,47,32,39,28
26,30,40,38,42,49,49,34,0,55,39,44,51,28,42,30
24,29,38,39,45,48,53,34,0,59,39,42,50,31,44,31
24,31,40,40,41,48,48,35,0,58,39,41,51,30,42,33
27,31,37,39,41,51,47,37,0,56,38,41,49,32,41,29
25,26,40,37,41,45,47,36,0,56,36,43,51,28,39,29
21,27,35,39,39,49,51,34,0,54,39,41,49,31,43,30
27,26,35,38,41,48,47,36,0,54,36,42,49,31,44,29
23,26,36,35,41,44,47,32,0,50,37,39,50,34,40,30
20,26,38,35,42,44,47,34,0,50,39,38,46,30,40,31
22,27,37,36,41,44,48,34,0,53,38,40,44,36,45,30
23,27,37,33,39,46,50,31,0,53,37,39,47,34,44,35
25,24,33,32,36,42,46,36,0,50,38,39,49,30,44,32
24,25,30,34,37,41,46,33,0,48,40,41,46,30,44,34
22,23,34,36,35,41,48,35,0,49,39,38,46,33,42,27
21,26,37,34,37,42,48,33,0,52,39,40,45,31,43,31
21,23,36,32,35,42,48,30,0,50,40,41,45,33,43,33
21,22,34,34,38,41,50,29,0,52,41,41,45,36,44,31
24,25,32,35,33,41,49,33,0,45,41,42,48,34,43,31
22,24,36,33,37,41,45,35,0,46,39,40,48,32,43,32
21,24,33,31,39,44,48,32,0,45,38,38,45,36,42,35
25,23,35,28,38,40,45,27,0,45,37,40,49,37,43,33
18,21,34,32,32,41,47,31,0,40,38,39,42,30,42,30
22,24,35,31,36,36,43,31,0,45,31,37,46,32,43,36
21,22,34,28,35,35,43,29,0,44,33,37,39,33,44,35
22,23,33,26,27,35,42,33,0,45,32,36,45,34,42,31
22,22,31,26,33,35,42,26,0,50,36,36,44,31,44,33
20,29,33,27,31,36,40,28,0,45,33,35,43,31,38,34
18,20,32,27,30,33,41,30,0,42,35,33,41,35,41,35
17,27,28,26,30,35,41,32,0,44,35,35,41,33,43,36
21,24,29,29,33,35,44,27,0,40,36,35,42,32,42,31
21,23,30,28,27,34,41,28,0,41,36,37,40,33,41,36
21,26,34,27,31,33,43,27,0,41,37,34,41,31,41,34
22,22,29,25,33,36,36,26,0,37,34,35,41,31,44,34
21,23,35,28,26,32,37,24,0,40,31,34,39,31,40,35
24,22,31,26,28,30,37,30,0,40,33,30,41,30,37,29
21,21,31,25,30,31,35,25,0,37,33,34,36,28,41,33
20,23,32,24,29,31,34,26,0,38,30,30,39,31,36,31
18,21,29,26,31,36,35,27,0,36,32,29,35,29,37,33
24,21,31,24,30,33,36,24,0,39,30,27,37,28,36,33
21,20,30,27,24,31,36,26,0,38,29,30,42,29,39,30
19,24,31,25,26,32,35,27,0,36,32,30,36,27,36,31
19,23,29,26,31,33,35,23,0,35,27,30,33,30,37,32
17,21,32,27,31,35,34,24,0,35,29,29,36,29,36,34
18,21,27,27,29,33,37,22,0,34,29,30,34,28,38,33
20,22,32,24,28,36,37,23,0,33,25,29,36,27,34,31
21,22,32,28,31,34,34,21,0,33,27,32,36,27,34,34
21,19,29,25,27,34,35,24,0,36,24,29,35,23,29,33
20,22,30,25,27,32,33,25,0,35,24,28,34,32,35,32
17,23,29,22,30,32,31,21,0,35,24,28,32,25,29,31
21,21,32,25,27,30,32,22,0,39,27,28,33,27,31,29
15,21,30,23,29,31,31,23,0,35,29,25,33,25,32,29
21,21,27,23,31,26,34,24,0,28,29,27,32,26,31,27
16,22,29,24,29,31,30,22,0,35,28,27,34,20,29,32
20,21,27,22,24,32,31,24,0,37,24,27,32,26,27,33
17,19,27,23,25,32,34,21,0,34,24,25,32,24,30,25
20,20,28,22,29,27,31,21,0,29,30,24,37,21,28,30
17,18,27,24,30,32,30,23,0,32,26,29,34,24,31,27
20,17,26,23,31,28,30,24,0,36,26,25,33,22,33,29
19,20,27,22,28,28,34,19,0,32,24,24,30,26,32,26
22,22,26,22,25,30,29,20,0,30,24,26,33,23,33,27
23,20,24,22,28,30,26,24,0,30,24,25,32,24,29,29
16,21,28,22,30,27,30,21,0,27,24,22,31,22,27,26
17,22,26,20,29,28,33,20,0,34,25,28,29,23,29,27
18,21,28,22,27,29,30,21,0,32,24,28,31,22,25,26
17,19,28,23,27,29,30,23,0,33,25,25,28,21,28,28
18,21,32,21,26,32,29,23,0,32,26,25,32,21,27,24
18,20,27,21,26,31,29,25,0,33,26,24,29,18,26,25
19,19,26,21,29,30,30,19,0,33,24,25,31,19,24,25
17,18,25,22,26,28,28,21,0,35,24,27,30,20,25,28
20,21,29,23,27,26,33,17,0,30,21,25,31,22,26,25
18,18,27,22,26,30,30,23,0,30,22,26,32,21,28,23
16,19,24,20,26,31,32,22,0,30,20,24,27,22,25,25
16,20,23,22,24,28,30,20,0,30,24,24,29,23,27,22
17,19,27,19,27,27,30,21,0,35,20,28,28,23,27,25
19,18,27,21,26,26,29,17,0,28,24,24,31,20,26,23
18,18,27,20,26,28,26,21,0,33,19,23,26,24,26,26
16,19,27,22,24,26,30,20,0,31,24,21,29,19,25,25
18,17,22,20,27,30,29,19,0,39,23,24,28,19,25,22
18,19,26,20,23,31,28,20,0,32,19,25,26,19,25,22
20,17,23,22,27,30,28,19,0,33,24,21,29,18,25,21
15,16,22,21,24,26,28,21,0,30,18,26,30,20,24,18
19,19,22,21,23,26,25,19,0,28,22,20,31,18,25,22
15,14,24,20,25,32,30,19,0,29,20,23,28,21,27,22
16,20,20,18,23,32,27,19,0,24,20,22,21,22,25,21
14,16,21,20,22,27,25,20,0,31,20,22,29,19,27,23
15,16,24,16,25,26,28,19,0,22,22,20,25,20,27,21
19,19,25,17,24,29,27,18,0,32,21,17,30,18,24,22
16,16,22,21,22,26,24,18,0,32,23,17,24,19,25,23
16,17,22,21,22,26,28,18,0,26,22,23,24,16,22,19
15,18,24,23,22,23,26,20,0,28,21,22,26,19,27,23
19,17,24,19,22,28,27,18,0,28,22,22,31,22,27,21
16,16,22,21,22,26,26,17,0,28,22,23,29,20,24,18
14,18,24,20,24,30,25,18,0,33,19,22,28,20,22,20
16,16,22,20,24,25,26,17,0,30,18,24,28,18,27,21
17,18,22,20,25,27,28,19,0,29,22,22,26,18,25,17
14,16,21,20,27,27,27,21,0,29,23,25,30,19,21,23
14,16,23,21,22,26,29,19,0,28,20,22,27,16,23,21
21,18,22,18,24,26,24,19,0,28,20,20,25,20,25,19
16,19,26,19,26,26,27,21,0,27,20,22,30,20,23,22
15,16,18,16,20,25,25,20,0,24,20,22,27,15,26,23
20,18,23,22,21,23,29,17,0,26,23,23,27,19,25,20
17,17,26,20,24,25,26,19,0,25,18,21,24,20,27,20
17,17,25,19,23,26,26,18,0,29,23,24,29,17,23,20
16,16,25,20,24,32,28,14,0,32,22,22,32,17,23,17
13,19,25,22,23,26,27,18,0,30,18,24,24,19,22,19
19,15,27,21,22,26,28,19,0,35,21,20,29,22,24,20
17,16,24,19,25,26,28,21,0,28,22,18,31,17,22,20
16,16,23,21,25,28,28,20,0,26,21,21,27,20,26,20
17,15,25,20,23,26,27,19,0,27,21,22,27,18,22,18
16,18,28,17,21,29,25,19,0,26,22,24,26,20,20,21
17,16,25,19,24,27,26,17,0,27,17,20,27,19,25,21
17,17,21,20,25,24,25,17,0,19,20,22,33,18,27,20
14,15,22,21,23,26,23,18,0,28,17,21,29,19,25,21
13,18,26,18,23,26,25,18,0,24,21,18,26,17,25,19
14,17,25,17,24,26,24,19,0,30,19,21,26,16,26,20
15,16,22,20,25,27,27,18,0,29,22,20,22,17,21,21
14,16,24,19,27,26,28,20,0,28,25,24,30,20,22,19
18,17,23,20,25,27,26,21,0,27,20,21,33,19,23,18
18,16,24,20,25,26,28,19,0,30,22,23,30,15,24,21
17,16,22,21,24,26,29,18,0,31,24,23,26,22,24,21
16,16,25,20,25,26,26,19,0,26,21,22,29,19,25,19
18,17,25,21,25,26,26,19,0,26,23,23,26,17,23,20
16,17,26,18,22,27,28,19,0,23,18,23,25,18,23,16
17,17,25,19,27,25,25,19,0,28,22,24,26,17,26,20
16,20,20,22,24,28,24,18,0,27,20,21,28,22,25,21
14,18,21,19,19,27,26,18,0,25,20,23,29,23,24,20
19,17,23,18,25,26,25,17,0,30,20,24,27,16,27,23
16,17,25,18,24,26,25,18,0,30,18,19,26,20,24,21
13,15,25,18,22,25,26,21,0,32,22,21,29,19,22,19
15,17,31,20,22,25,26,20,0,32,21,21,25,21,24,18
16,17,24,18,21,37,28,15,0,34,23,20,28,17,25,23
16,15,21,19,23,28,32,16,0,26,20,25,30,18,24,19
14,15,23,18,23,28,24,18,0,29,23,20,26,18,24,21
12,14,24,19,25,27,25,16,0,29,22,21,26,13,23,21
16,15,22,20,23,24,26,21,0,25,22,21,27,19,23,21
14,17,23,19,23,23,26,17,0,28,19,19,27,18,25,19
12,17,26,19,25,23,26,19,0,27,20,21,29,19,24,22
17,17,26,20,25,25,28,21,0,23,21,22,26,20,19,18
17,20,21,19,22,21,26,16,0,23,21,18,17,19,19,19
17,18,23,19,21,24,26,16,0,23,21,19,29,18,25,21
15,17,29,19,24,27,28,18,0,27,23,22,26,20,23,21
16,16,23,21,23,22,26,18,0,28,24,19,22,18,22,21
15,16,23,21,22,25,26,18,0,30,22,19,26,18,24,23
15,16,24,21,23,26,25,19,0,30,21,22,25,17,23,22
14,16,24,19,25,29,28,16,0,26,22,23,26,15,23,18
15,14,23,21,22,28,23,21,0,32,16,19,26,19,24,18
17,18,25,18,22,23,24,19,0,28,24,23,27,16,22,19
16,14,18,17,25,28,27,19,0,29,21,23,26,18,25,21
16,17,24,17,26,27,25,16,0,29,22,22,27,19,25,25
15,18,27,17,25,26,26,17,0,27,21,21,25,18,24,19
16,19,24,18,25,26,25,17,0,29,22,19,26,17,25,20
17,18,28,19,24,23,27,18,0,31,21,23,21,20,25,19
17,19,22,18,23,26,27,17,0,28,23,24,24,18,23,16
16,17,22,20,25,27,25,18,0,28,20,20,26,23,24,21
15,15,25,20,22,26,27,19,0,25,21,22,31,18,22,21
16,17,26,19,23,28,26,17,0,33,22,25,27,20,22,23
19,17,23,21,19,25,28,18,0,28,19,22,30,20,24,19
15,20,23,20,24,28,27,20,0,27,22,23,19,17,27,22
16,16,23,19,23,28,25,18,0,29,24,23,27,16,25,21
16,16,26,21,23,24,25,18,0,25,23,22,34,20,23,22
16,17,25,20,23,28,28,13,0,28,19,24,26,18,26,19
15,15,26,20,17,34,26,19,0,30,21,24,30,19,23,23
20,19,25,19,23,25,26,18,0,30,22,23,28,19,24,19
15,16,22,19,25,28,26,19,0,25,22,21,26,18,27,18
16,18,24,19,22,24,28,22,0,31,21,27,26,20,25,21
16,18,25,22,22,25,27,18,0,30,22,21,25,22,27,22
16,16,25,20,22,26,26,20,0,31,24,22,26,20,24,19
16,17,26,23,24,30,28,17,0,31,23,24,25,16,28,23
14,17,20,19,21,27,25,23,0,29,20,18,31,18,24,20
13,16,24,20,27,28,26,18,0,30,25,21,28,18,29,21
16,16,26,19,24,29,23,15,0,29,23,22,26,20,23,21
16,18,23,16,25,26,26,18,0,27,19,21,28,18,29,21
18,18,22,21,27,27,30,21,0,26,21,23,27,19,27,21
15,18,22,21,22,28,25,19,0,27,20,23,29,20,26,21
17,18,23,20,26,28,28,19,0,28,22,24,31,19,27,23
16,18,23,20,21,24,25,21,0,30,20,23,28,21,21,23
17,17,22,20,25,25,23,18,0,29,22,20,26,19,26,24
16,19,27,16,22,25,26,23,0,27,19,23,27,18,25,25
14,18,23,21,23,27,25,20,0,29,22,20,29,18,23,25
13,14,21,18,25,27,26,19,0,20,21,24,27,19,27,20
15,19,20,18,25,26,24,16,0,32,22,23,30,20,26,24
13,17,22,22,23,29,29,17,0,32,20,20,28,18,22,22
15,16,21,21,23,30,25,19,0,31,19,22,26,18,24,23
17,17,27,22,28,25,28,19,0,35,23,20,26,19,24,20
16,18,22,20,24,27,26,17,0,30,20,18,26,18,25,22
20,18,24,19,24,26,29,21,0,27,20,22,26,16,24,23
18,19,23,19,24,26,25,18,0,30,20,20,29,20,26,24
15,18,27,20,25,25,25,17,0,23,20,22,25,17,26,22
17,16,22,18,25,20,29,21,0,25,22,25,26,20,24,24
17,19,22,17,24,27,25,18,0,29,24,19,33,19,23,21
17,16,24,18,24,25,25,21,0,28,23,22,26,20,23,23
16,18,20,18,25,23,25,18,0,27,23,20,34,17,23,23
18,16,25,18,21,29,25,19,0,29,21,22,26,21,24,20
19,16,29,22,22,25,25,20,0,29,20,21,22,19,22,21
13,18,21,20,25,27,28,18,0,30,19,24,30,20,26,22
15,16,22,21,23,25,26,17,0,31,22,23,30,19,27,21
15,18,23,19,22,28,27,16,0,29,22,24,31,17,22,25
16,20,22,20,23,30,28,17,0,28,24,25,29,17,26,24
15,14,22,20,27,28,25,21,0,28,22,23,25,12,26,25
19,14,21,19,24,26,29,19,0,27,21,24,28,20,29,22
15,19,22,21,26,26,26,20,0,29,19,20,29,19,25,23
14,16,24,18,25,25,27,19,0,30,20,20,27,22,26,24
16,16,22,19,27,26,27,24,0,30,22,19,24,17,26,23
16,16,24,26,33,25,33,21,0,34,20,25,27,21,29,25
14,17,19,20,22,26,25,18,0,26,21,23,23,20,28,23
15,17,23,16,26,27,29,21,0,33,22,22,32,15,22,25
15,17,24,17,22,29,26,19,0,31,24,23,30,17,26,21
14,21,22,20,25,23,29,17,0,30,20,24,25,20,27,22
20,17,23,21,24,26,26,21,0,28,23,21,27,15,26,22
17,16,25,20,23,25,26,15,0,29,20,22,26,17,27,23
11,17,21,19,23,24,28,17,0,28,22,22,25,17,24,20
13,15,23,22,26,25,26,19,0,27,23,23,28,17,23,20
14,19,25,20,26,27,28,18,0,28,20,20,29,19,27,24
16,18,20,22,25,25,26,21,0,32,21,22,28,19,25,21
15,20,22,19,27,25,24,18,0,25,23,21,27,19,24,24
16,18,20,20,24,26,26,20,0,39,20,19,27,21,24,22
17,19,25,19,23,25,25,21,0,30,20,22,25,18,27,21
14,15,26,20,26,30,24,22,0,23,19,18,32,18,23,21
13,17,22,19,26,26,28,20,0,25,23,23,31,18,24,22
17,17,27,20,22,28,22,17,0,25,20,17,27,20,25,22
16,16,21,19,21,28,26,19,0,29,21,22,27,21,24,20
15,16,22,21,24,25,26,17,0,32,22,23,27,17,23,22
16,17,23,21,22,24,25,19,0,30,19,21,27,21,26,21
17,16,23,17,23,23,26,18,0,27,21,24,25,18,23,21
14,16,24,21,22,24,25,20,0,30,21,21,28,21,27,19
17,20,21,19,26,27,23,18,0,27,18,20,31,18,26,21
13,14,23,18,22,25,28,18,0,29,22,19,28,18,24,21
16,17,26,19,27,26,27,19,0,27,22,21,25,17,25,21
16,16,26,19,23,24,24,19,0,26,22,21,29,20,21,21
15,17,24,19,25,26,24,18,0,29,20,20,25,18,24,24
18,17,22,19,22,25,25,19,0,29,20,22,26,17,24,23
14,15,27,19,20,27,26,18,0,31,19,23,28,18,26,24
13,17,22,19,22,24,27,17,0,30,20,22,25,16,26,19
16,15,21,20,21,23,25,17,0,23,21,20,27,21,23,20
16,16,20,18,24,24,23,20,0,30,19,21,27,17,22,18
16,18,20,18,22,26,25,17,0,26,21,21,29,21,23,21
15,16,23,18,23,25,25,16,0,29,21,24,28,15,25,24
13,18,22,21,23,31,24,18,0,29,17,22,26,16,25,17
13,17,25,20,22,25,27,17,0,29,21,23,25,15,20,20
17,16,27,17,25,28,26,20,0,30,19,21,22,15,25,21
16,17,25,20,25,23,21,19,0,26,20,19,25,16,24,19
16,18,24,19,25,28,27,19,0,30,19,23,23,17,28,23
11,16,23,20,23,27,28,16,0,30,19,18,28,19,27,21
17,15,23,20,23,25,25,19,0,28,22,20,24,18,22,21
11,16,21,20,23,27,25,17,0,27,20,21,28,17,26,20
16,16,27,21,22,28,28,19,0,26,23,24,26,17,20,18
17,16,21,19,23,23,29,19,0,30,19,19,26,18,22,21
17,18,25,19,21,22,27,18,0,26,20,22,26,19,25,20
12,11,17,20,28,28,25,21,0,27,21,22,30,18,24,21
11,17,23,17,22,25,27,24,0,26,20,23,28,19,22,20
14,16,21,18,23,26,27,19,0,26,20,20,28,13,26,22
15,16,25,20,24,25,28,21,0,30,19,22,26,17,24,17
14,18,20,19,23,21,24,17,0,29,21,19,29,18,24,20
15,16,20,18,23,25,25,18,0,25,18,21,26,23,24,20
17,17,22,18,22,24,23,20,0,31,19,21,26,15,26,20
15,17,19,20,21,27,28,18,0,24,21,21,26,19,22,21
16,17,24,19,23,24,24,16,0,28,20,23,27,23,26,23
16,18,24,23,23,21,25,18,0,25,23,24,27,21,22,25
12,16,22,20,24,26,29,18,0,30,20,23,25,18,21,24
12,15,23,21,24,26,27,16,0,26,20,25,30,19,24,24
15,18,21,18,26,22,29,16,0,27,22,24,26,17,27,21
18,17,20,18,22,29,28,18,0,25,21,21,34,20,22,21
14,16,21,20,24,30,26,17,0,26,23,22,30,17,24,23
15,15,23,21,27,29,26,19,0,26,19,22,31,16,23,23
16,16,23,17,21,24,26,21,0,28,20,24,28,16,23,25
16,19,25,20,24,28,27,15,0,27,23,23,24,16,25,22
16,18,22,19,24,24,27,21,0,30,23,19,26,20,23,24
15,18,24,20,24,26,27,17,0,28,20,22,30,20,30,23
15,16,24,18,23,27,25,20,0,30,22,22,26,18,23,22
16,18,31,22,22,26,27,21,0,27,23,23,30,20,29,21
15,17,25,20,22,24,26,23,0,28,19,22,28,22,26,27
16,16,26,19,24,26,25,18,0,30,23,22,27,20,26,22
15,17,22,21,21,29,25,15,0,31,21,18,28,16,22,21
17,18,20,20,26,27,25,21,0,28,19,21,26,16,27,21
15,16,22,21,23,28,27,21,0,28,22,22,26,17,26,19
14,19,24,19,26,21,27,16,0,25,21,23,31,15,26,20
16,15,22,21,23,22,27,18,0,25,23,19,23,18,26,22
16,16,24,16,28,23,26,23,0,27,23,22,17,17,20,21
15,16,21,20,17,32,25,16,0,34,23,18,33,19,23,22
15,15,24,17,25,23,25,20,0,28,21,21,27,17,22,20
16,17,23,19,23,25,27,18,0,29,20,21,29,18,26,24
18,18,22,19,23,26,28,19,0,25,21,22,26,18,25,20
14,16,23,18,26,26,25,18,0,27,18,21,27,18,27,19
16,15,21,18,23,25,27,20,0,38,23,21,26,15,25,20
16,16,23,19,21,24,28,21,0,29,20,23,26,20,23,21
15,16,22,18,24,27,25,16,0,29,21,20,26,16,22,21
14,17,20,20,21,26,29,16,0,30,21,20,25,17,21,19
16,17,21,21,27,25,24,17,0,27,21,19,26,18,24,20
14,16,24,17,22,26,24,19,0,27,19,23,26,18,26,21
15,11,22,20,23,25,22,19,0,31,22,20,31,15,22,21
16,17,21,18,21,24,25,21,0,29,20,18,27,19,27,18
16,17,24,19,22,23,26,20,0,26,20,21,28,16,22,19
15,20,22,18,20,23,26,18,0,29,16,20,26,15,24,21
15,16,20,18,23,25,28,20,0,24,20,21,29,16,21,20
16,16,21,20,21,26,22,21,0,25,20,23,26,19,25,21
16,17,24,19,23,23,28,17,0,25,18,23,21,18,25,21
15,17,22,18,22,26,29,16,0,29,21,20,28,15,23,20
16,18,21,18,21,28,25,14,0,28,22,21,32,18,26,21
14,15,22,19,25,25,26,17,0,29,22,19,31,17,26,21
16,17,25,20,22,27,26,15,0,30,20,21,24,19,22,20
18,15,19,19,21,25,27,19,0,29,19,21,26,17,23,21
15,16,24,17,25,23,25,20,0,28,18,22,26,19,23,18
15,16,22,17,24,26,24,20,0,30,20,24,25,18,25,21
15,19,24,17,23,25,27,17,0,27,21,21,26,19,23,19
14,15,20,19,23,29,25,22,0,26,21,20,26,20,24,23
19,17,24,17,23,27,25,18,0,27,20,24,29,20,24,20
17,16,22,16,21,23,23,20,0,25,20,20,25,16,22,21
17,16,26,16,24,26,25,17,0,30,20,23,25,16,23,19
15,16,22,19,24,27,27,18,0,30,21,20,27,17,22,21
16,16,23,18,21,23,26,21,0,25,21,22,28,17,22,22
16,16,22,17,22,25,26,17,0,29,20,21,28,20,24,18
14,16,24,18,23,22,25,17,0,31,20,19,30,18,19,19
20,15,22,20,22,26,28,15,0,27,23,19,30,18,23,17
16,10,25,21,24,25,27,16,0,36,23,23,27,20,26,17
14,16,23,17,24,26,23,17,0,27,19,20,28,15,23,19
15,15,22,18,22,24,25,18,0,29,19,21,25,19,25,19
15,16,21,19,24,24,26,20,0,25,21,20,27,19,25,21
14,16,20,18,21,26,22,17,0,34,19,19,24,20,25,17
13,14,21,18,23,22,25,20,0,28,20,20,27,19,24,21
13,18,26,18,23,24,24,18,0,27,16,21,26,17,23,18
15,16,24,19,24,24,26,16,0,27,20,21,27,17,24,20
16,15,24,20,24,29,21,19,0,29,23,21,26,13,21,20
15,17,21,18,20,26,24,19,0,29,21,21,26,17,26,21
16,18,22,16,22,22,28,20,0,26,20,23,24,19,26,21
15,15,22,18,24,25,27,23,0,27,21,22,29,17,22,20
19,16,22,20,26,29,25,16,0,27,20,21,24,18,24,18
13,14,22,18,25,27,28,17,0,25,19,20,28,17,24,19
17,15,21,19,23,24,25,18,0,26,22,21,26,18,22,17
17,16,23,18,21,25,25,18,0,28,20,18,27,15,25,23
16,16,21,17,21,23,22,16,0,25,20,20,25,18,22,23
16,16,23,19,21,23,24,17,0,26,20,19,26,19,22,20
15,16,24,18,21,25,22,19,0,30,19,22,27,23,25,21
15,18,24,17,18,25,26,17,0,27,18,22,31,18,22,19
18,16,26,16,22,24,28,19,0,38,23,22,26,17,22,21
14,17,21,19,22,25,25,18,0,27,19,18,26,18,22,21
16,17,19,18,23,23,24,21,0,25,19,22,27,15,25,21
18,16,22,20,21,23,23,16,0,30,21,24,27,15,23,20
16,18,21,19,24,23,26,15,0,25,21,18,28,19,23,21
15,18,22,19,20,23,27,16,0,26,21,21,24,17,22,21
13,16,20,17,23,25,28,18,0,28,21,20,24,20,22,20
13,14,20,18,20,24,24,18,0,23,20,21,27,15,23,19
16,17,23,19,20,27,25,14,0,23,21,20,30,19,27,20
16,19,23,18,25,24,27,20,0,29,19,24,27,20,22,19
13,16,22,20,22,26,22,18,0,22,16,19,29,18,27,19
12,15,23,17,21,22,27,16,0,28,19,19,27,19,23,17
11,18,23,18,22,27,26,15,0,29,21,20,26,19,26,21
13,16,23,20,24,25,25,17,0,27,20,20,23,15,24,21
15,15,20,20,22,23,26,23,0,25,19,18,28,18,21,18
19,15,20,19,24,25,25,18,0,29,19,21,27,18,22,19
15,15,21,16,22,27,25,18,0,25,20,20,31,15,22,20
16,15,22,18,22,24,25,13,0,27,19,21,28,17,24,21
15,16,22,17,24,26,28,17,0,26,21,21,24,15,29,18
11,16,21,17,22,24,27,18,0,28,21,22,29,18,24,19
15,17,22,17,22,24,26,17,0,28,18,23,27,18,25,17
15,16,21,18,23,25,26,17,0,23,21,18,26,16,24,19
18,16,24,17,23,26,26,19,0,27,21,21,27,15,27,17
15,17,23,18,23,26,22,20,0,28,21,21,26,18,27,23
16,17,23,18,23,25,25,16,0,24,20,21,28,15,23,19
14,18,21,19,22,26,27,19,0,30,21,19,25,15,26,21
15,17,23,21,25,22,27,19,0,26,21,22,25,20,24,22
16,15,23,17,24,25,26,19,0,26,17,21,26,19,18,21
15,15,22,20,23,27,24,20,0,30,20,20,22,18,23,22
17,15,21,20,23,24,22,17,0,27,19,22,28,20,20,21
16,16,20,19,24,25,22,20,0,32,20,21,26,20,23,20
17,14,21,19,21,27,25,17,0,24,19,21,26,18,21,16
17,16,24,18,24,24,26,18,0,34,19,19,21,16,22,21
15,17,22,20,22,25,25,16,0,27,18,21,29,16,24,18
16,15,23,19,23,25,24,19,0,22,19,21,23,20,24,22
16,14,21,18,22,27,25,19,0,28,21,19,26,19,22,19
16,19,21,19,21,27,25,17,0,30,20,22,21,19,28,24
14,14,22,18,21,23,24,16,0,25,19,22,23,20,23,22
14,15,22,22,23,26,25,19,0,30,19,22,32,16,21,19
15,16,22,22,21,26,23,17,0,28,23,23,24,16,23,18
16,15,22,18,22,25,26,18,0,23,22,21,24,17,25,22
16,15,21,18,22,23,24,20,0,23,19,21,25,17,20,20
17,17,23,18,23,25,26,18,0,27,24,24,31,17,25,21
13,17,23,21,22,26,28,16,0,24,21,22,30,19,24,16
13,16,23,20,25,24,26,19,0,26,20,20,28,18,30,20
16,17,21,18,25,26,24,14,0,29,19,24,27,16,23,20
12,17,22,17,24,23,25,19,0,29,21,21,26,19,21,22
16,13,23,18,24,25,28,16,0,30,21,22,26,19,23,19
16,15,27,18,22,27,26,17,0,27,21,21,25,19,23,22
15,17,24,19,20,22,24,18,0,25,16,20,25,19,26,23
20,16,22,19,20,26,26,17,0,25,22,21,28,17,22,23
13,17,22,19,22,28,29,16,0,28,23,19,28,18,28,21
14,16,21,18,22,26,27,19,0,31,19,23,27,17,24,23
11,16,22,17,23,23,26,15,0,29,20,22,25,17,25,21
14,18,22,18,21,28,24,18,0,37,22,24,23,16,23,24
13,16,24,18,22,26,23,16,0,27,22,20,27,21,26,20
15,21,25,20,22,27,27,19,0,26,21,23,36,15,25,21
15,16,21,18,23,25,26,16,0,27,19,21,30,15,22,19
13,15,25,17,21,23,25,12,0,22,21,21,25,19,24,18
16,14,26,18,23,22,22,16,0,28,22,18,26,18,26,18
12,15,20,21,21,26,24,19,0,21,18,20,23,17,26,23
16,13,25,14,19,21,23,16,0,26,19,19,24,17,24,21
14,17,12,18,19,18,22,22,0,19,19,19,23,20,19,20
14,14,22,16,22,23,24,17,0,26,18,19,27,19,21,19
16,13,24,16,18,20,26,18,0,32,18,17,27,18,18,22
13,17,21,17,21,23,24,16,0,27,20,22,25,16,21,17
14,15,20,17,22,20,23,18,0,27,20,19,25,14,22,18
14,14,22,19,22,22,25,16,0,29,19,18,26,16,23,16
14,13,18,20,22,31,22,14,0,23,26,18,28,16,22,20
15,15,20,18,27,23,21,18,0,22,19,17,28,16,26,20
11,9,19,14,22,24,24,17,0,29,18,21,27,14,24,21
14,13,22,17,21,26,21,13,0,22,18,17,28,18,20,17
14,15,22,16,24,24,23,17,0,24,16,18,24,17,22,18
13,13,17,20,23,22,19,17,0,28,19,17,23,17,24,16
13,15,21,17,17,23,31,17,0,26,20,24,16,18,21,20
18,20,16,19,20,21,23,19,0,26,18,19,24,15,21,18
16,16,17,19,27,22,25,13,0,29,23,24,19,19,26,21
14,15,24,19,22,23,24,18,0,28,20,20,22,18,20,19
12,14,19,18,27,28,24,18,0,25,19,19,23,19,24,20
11,16,14,18,24,27,24,21,0,30,19,16,25,15,26,21
11,13,25,15,22,24,23,15,0,32,23,19,26,14,22,19
16,14,16,17,23,23,22,16,0,24,21,20,23,17,22,18
14,18,20,17,22,22,21,17,0,24,17,20,26,15,24,22
11,17,18,17,22,21,25,15,0,26,19,20,27,14,25,16
14,16,18,17,22,18,25,19,0,37,18,22,23,15,27,20
16,16,21,18,25,26,21,13,0,25,18,20,25,17,25,21
14,16,25,20,22,20,22,20,0,14,19,20,21,12,24,21
13,15,22,16,25,19,25,19,0,25,18,19,20,16,26,22
16,17,20,17,22,24,27,15,0,25,19,21,27,19,22,22
15,15,20,17,18,22,22,22,0,27,20,19,25,19,23,24
8,14,20,18,22,24,25,13,0,21,20,22,29,18,24,17
13,13,13,16,23,28,25,15,0,32,18,21,29,15,25,20
6,13,17,16,22,24,24,14,0,24,21,17,25,18,20,20
13,15,19,17,22,26,20,10,0,28,19,21,26,18,22,19
16,15,20,17,23,21,24,18,0,23,15,18,19,16,25,21
15,15,14,21,22,23,26,15,0,24,21,21,27,19,23,19
18,12,22,17,18,22,24,16,0,23,20,19,21,16,24,19
13,17,32,20,26,22,22,18,0,30,22,20,26,17,29,18
14,18,9,17,23,27,22,16,0,25,16,19,22,21,24,21
13,17,23,18,23,19,24,19,0,21,20,19,25,14,23,21
12,12,17,16,25,21,23,18,0,25,20,19,19,17,27,22
13,10,14,16,19,19,19,16,0,33,19,21,26,15,26,21
14,13,25,16,19,32,27,12,0,34,14,22,22,15,26,19
16,17,19,16,21,13,22,15,0,26,16,20,21,16,22,20
13,14,17,16,19,25,26,15,0,24,18,20,25,12,21,19
8,13,12,17,19,23,22,11,0,22,18,20,27,13,23,18
20,16,21,14,19,21,22,17,0,23,20,21,28,15,20,19
12,16,18,20,20,24,26,16,0,24,20,19,25,17,18,16
15,13,22,18,28,24,26,17,0,26,19,20,31,19,24,18
16,15,19,15,20,23,27,16,0,25,12,18,24,20,22,22
18,14,29,20,23,22,26,17,0,20,21,21,26,16,20,24
13,19,17,18,28,21,27,18,0,25,20,20,26,15,28,20
12,17,25,17,21,22,26,19,0,29,19,20,20,19,24,20
16,12,21,19,21,21,24,18,0,26,19,19,23,18,21,21
11,16,22,16,16,20,23,19,0,20,16,22,34,17,24,20
9,12,21,18,21,22,21,20,0,22,19,20,22,16,23,21
11,14,18,16,20,22,24,16,0,25,20,19,26,16,24,24
12,15,20,17,19,22,24,16,0,24,18,23,22,16,23,20
15,14,18,16,22,20,25,14,0,31,20,21,21,17,19,17
7,15,17,17,19,21,27,21,0,26,18,20,30,18,19,21
19,15,23,20,19,20,25,18,0,24,21,22,25,17,25,23
12,14,21,17,28,28,26,13,0,20,18,21,25,18,25,20
12,15,21,19,17,23,26,16,0,28,18,20,20,24,20,20
14,15,21,17,23,27,23,20,0,25,19,18,24,17,28,23
13,14,23,18,22,26,22,16,0,26,19,20,25,18,23,21
13,14,18,17,21,23,28,18,0,29,18,19,26,18,20,18
9,15,20,17,22,21,25,21,0,26,19,20,22,21,26,24
13,13,22,21,17,27,21,15,0,22,20,19,26,20,20,19
15,20,23,20,25,29,23,19,0,24,20,22,32,14,24,24
12,14,18,18,21,26,21,14,0,32,18,19,23,13,24,17
14,18,24,20,19,17,23,18,0,25,17,20,25,20,20,23
19,14,27,16,14,21,22,21,0,32,18,15,27,17,20,21
18,16,22,21,21,28,25,19,0,21,23,19,21,15,22,20
9,14,24,14,23,22,23,17,0,27,16,20,22,18,26,22
15,13,22,16,20,28,26,17,0,38,20,21,29,12,20,18
13,13,22,17,19,23,21,18,0,23,18,18,30,17,20,21
14,16,19,20,21,26,25,15,0,26,22,20,20,18,22,21
14,10,25,16,25,24,21,10,0,35,17,17,20,21,27,17
18,16,17,16,22,23,25,16,0,30,15,20,22,17,22,19
9,16,19,17,23,25,26,19,0,23,17,20,23,14,22,22
14,14,24,17,25,21,24,20,0,28,20,19,21,18,20,20
12,15,21,17,23,24,27,15,0,28,19,24,26,20,23,21
11,15,20,17,17,25,25,16,0,22,21,21,25,20,22,23
17,18,22,18,19,24,22,18,0,25,20,19,26,17,23,19
16,16,21,17,21,23,24,15,0,25,20,21,23,15,22,19
16,14,19,19,18,25,24,20,0,28,19,21,26,15,21,21
16,15,15,17,22,26,28,16,0,25,20,20,27,18,22,22
13,17,21,20,21,22,22,16,0,26,19,18,29,16,23,20
16,17,23,18,25,20,24,19,0,31,19,18,22,13,25,22
13,15,23,16,22,29,25,16,0,31,19,18,26,14,19,19
10,12,22,15,25,21,20,18,0,29,19,17,25,17,25,23
23,14,19,18,23,21,23,16,0,21,19,20,22,18,25,20
11,17,27,22,29,23,21,12,0,24,19,16,25,20,21,21
18,16,27,17,20,22,25,17,0,28,18,22,22,16,22,19
14,16,22,21,26,22,29,18,0,23,20,24,25,18,26,21
11,18,17,21,22,29,26,14,0,29,22,20,27,18,26,21
15,16,27,22,22,28,26,15,0,29,23,19,26,14,22,21
14,17,24,16,21,20,25,21,0,32,21,22,22,17,25,22
14,14,22,22,29,29,29,18,0,20,23,24,26,15,21,18
13,15,19,16,23,25,24,18,0,27,17,24,28,18,23,20
19,15,22,16,22,25,27,16,0,25,18,20,21,15,27,22
15,16,19,17,24,24,23,20,0,26,21,19,24,18,22,20
15,17,17,18,25,23,24,18,0,20,20,19,27,17,24,22
12,12,27,20,20,25,19,16,0,32,21,20,22,16,22,19
18,16,20,19,21,25,21,20,0,23,21,19,31,19,21,19
15,15,24,19,22,21,25,19,0,28,20,19,25,17,23,23
18,17,22,19,17,27,26,20,0,32,22,23,25,16,22,22
14,14,25,18,21,22,23,20,0,30,21,20,28,21,25,21
13,17,22,21,20,17,28,19,0,34,24,20,26,18,26,23
11,15,23,21,19,26,22,12,0,21,23,18,30,17,22,19
12,18,15,18,19,25,24,17,0,25,22,18,29,19,23,22
11,16,22,17,23,20,23,15,0,26,19,19,26,17,23,21
18,17,22,15,17,29,22,18,0,27,23,18,26,17,26,21
14,15,24,18,22,21,23,15,0,25,18,15,22,19,26,21
14,18,13,15,24,26,27,17,0,25,24,18,23,18,23,22
20,15,17,19,25,23,25,12,0,31,24,20,28,21,24,20
14,16,21,21,24,24,29,20,0,33,21,24,25,15,25,23
14,18,27,18,21,22,26,20,0,29,23,22,24,19,24,21
16,18,26,18,23,24,29,19,0,31,20,23,31,20,23,23
12,16,23,16,22,25,27,21,0,29,23,22,26,20,25,28
18,17,26,17,24,27,26,21,0,30,22,23,31,16,29,24
24,16,20,21,22,32,29,17,0,21,21,19,33,18,25,23
17,20,23,20,25,32,25,19,0,35,25,24,25,21,24,24
16,18,22,21,22,23,28,22,0,25,21,24,29,22,22,28
17,16,18,20,28,24,27,19,0,26,22,23,31,16,22,25
20,19,22,21,21,24,25,20,0,27,25,22,29,17,28,20
10,16,18,18,22,23,24,21,0,28,24,19,26,20,26,26
16,17,23,20,25,21,27,12,0,24,21,20,21,17,24,19
17,17,19,19,19,27,32,18,0,23,22,26,25,19,25,26
14,14,22,18,25,26,28,18,0,30,25,22,31,19,27,26
16,18,23,20,22,27,27,19,0,32,22,23,25,20,28,26
18,20,24,16,24,28,27,16,0,31,21,19,27,21,25,24
13,19,30,21,22,28,28,21,0,34,21,24,31,22,23,28
15,16,19,21,20,26,28,15,0,35,23,24,31,20,28,26
14,16,24,20,26,28,29,20,0,30,21,26,27,18,21,25
15,18,22,20,25,28,25,23,0,30,22,20,32,21,27,26
16,18,26,21,25,26,31,21,0,32,24,25,30,25,28,27
15,18,20,19,22,27,28,20,0,27,24,22,33,24,25,27
16,16,27,20,23,34,30,20,0,34,22,26,28,23,30,23
13,18,24,20,24,27,29,20,0,37,22,21,30,20,27,25
16,16,26,22,24,28,30,19,0,32,22,25,27,21,25,24
17,16,22,21,27,29,33,20,0,32,24,28,29,20,25,24
18,17,25,19,27,29,31,17,0,35,25,24,27,27,30,26
18,20,25,22,24,25,31,21,0,31,23,24,30,20,25,28
15,19,23,21,28,29,29,23,0,28,28,23,25,24,30,25
21,17,25,19,27,33,28,25,0,29,27,25,28,25,29,31
18,15,25,21,23,30,35,21,0,30,25,29,32,25,33,28
22,19,25,21,22,33,32,21,0,36,26,25,29,21,27,28
21,22,27,25,27,27,33,17,0,38,26,25,33,27,28,25
18,19,26,20,27,27,31,16,0,33,24,24,34,22,31,25
22,17,20,19,28,21,33,21,0,28,24,28,30,15,28,25
17,20,24,22,27,29,31,20,0,33,27,26,31,24,31,26
17,20,27,22,29,29,33,21,0,38,27,28,27,23,33,26
18,18,26,23,25,28,35,23,0,33,27,28,32,25,27,29
17,20,27,22,29,28,33,21,0,34,28,24,32,27,28,29
17,19,27,22,27,30,34,23,0,32,28,24,28,25,31,29
20,19,27,25,27,32,35,22,0,31,29,23,29,25,29,26
14,19,27,23,29,34,41,26,0,29,31,31,33,27,34,29
16,20,24,26,27,31,40,22,0,34,30,31,36,29,32,30
16,20,27,24,28,26,36,21,0,35,29,29,33,27,31,27
17,19,23,27,30,26,33,24,0,30,32,27,27,24,33,28
16,17,22,26,31,28,40,24,0,31,29,29,35,25,30,26
19,19,27,24,30,27,39,22,0,34,27,27,36,25,26,26
17,18,32,25,27,28,38,24,0,33,29,31,36,28,30,25
16,19,27,26,29,31,42,26,0,37,32,29,37,26,30,27
19,19,25,30,24,30,39,22,0,38,34,32,36,27,32,25
20,17,27,25,31,30,37,26,0,34,31,29,32,25,28,23
23,21,27,30,32,35,40,26,0,39,35,32,35,30,34,26
21,19,27,27,30,32,45,28,0,36,34,34,35,28,35,29
17,24,27,25,30,33,42,26,0,34,32,28,35,29,32,24
18,22,27,30,30,32,40,25,0,37,34,31,35,27,33,26
17,24,30,31,29,32,45,25,0,41,32,32,38,25,31,27
21,22,27,29,27,33,42,27,0,35,30,33,43,22,29,26
17,21,28,31,33,30,41,27,0,39,35,28,36,24,30,28
22,25,28,33,33,32,48,31,0,40,35,34,40,26,33,26
19,26,28,30,34,35,45,30,0,39,29,35,38,25,30,27
23,22,30,31,35,33,40,23,0,37,31,29,41,24,34,24
23,26,32,36,34,32,40,27,0,37,32,29,37,30,34,27
24,25,32,31,34,34,42,26,0,35,33,29,36,27,32,25
22,26,31,32,32,32,41,30,0,37,35,31,36,24,29,26
21,26,25,34,34,34,39,27,0,45,34,32,35,26,32,28
20,27,32,32,33,36,41,25,0,40,35,32,35,26,29,26
22,28,33,37,32,34,42,27,0,40,31,29,34,24,29,28
23,29,35,36,34,40,43,27,0,42,29,31,37,25,31,31
24,26,32,34,36,35,41,29,0,41,31,34,36,24,31,30
23,28,34,34,32,38,40,23,0,39,33,31,38,24,31,25
23,28,33,35,34,38,42,26,0,39,30,34,38,26,31,26
23,26,36,35,38,38,43,29,0,39,34,34,33,27,28,24
23,28,32,32,35,35,42,25,0,37,29,32,36,25,35,24
24,27,32,31,34,34,36,22,0,36,31,33,40,28,30,31
16,27,44,42,37,40,38,23,0,43,31,32,19,23,28,27
26,30,39,35,34,35,40,25,0,39,33,34,40,23,32,28
26,27,32,31,32,35,41,27,0,39,28,35,37,22,34,27
25,27,33,31,32,31,35,27,0,40,29,29,32,25,28,25
25,29,31,32,30,36,39,23,0,31,33,27,30,21,28,27
20,26,27,36,32,47,42,23,0,22,25,24,31,37,30,18
25,27,37,33,32,34,39,23,0,37,30,36,36,25,31,28
22,28,33,30,28,31,36,21,0,34,29,32,36,25,29,27
29,25,32,37,29,34,38,24,0,42,33,29,32,24,30,25
25,25,41,35,37,36,46,23,0,40,34,34,42,27,27,27
23,24,32,31,33,35,43,26,0,36,28,32,35,25,33,23
23,27,32,31,31,31,36,25,0,34,31,29,36,25,31,26
27,23,34,34,36,35,40,26,0,35,33,29,38,25,27,25
23,28,36,33,36,37,42,26,0,40,32,33,37,27,31,24
26,29,33,31,34,34,41,25,0,42,32,30,34,27,33,28
22,28,30,29,32,35,34,24,0,36,29,30,31,23,29,28
24,31,38,32,33,33,40,25,0,36,32,30,34,27,30,30
25,27,34,31,43,37,41,26,0,40,32,31,41,27,29,27
22,26,32,31,31,35,42,22,0,42,29,33,36,26,29,25
24,27,33,28,32,35,38,19,0,41,31,30,33,25,27,27
29,31,35,34,33,38,41,26,0,46,36,32,32,25,28,26
25,28,37,34,34,36,40,26,0,40,34,34,36,26,29,26
26,32,36,31,32,34,39,24,0,42,19,36,36,25,31,26
27,26,34,32,29,35,35,21,0,35,35,31,36,26,31,26
26,29,39,36,33,40,41,20,0,37,0,25,41,20,32,23
26,27,36,32,33,35,39,23,0,37,30,35,33,25,32,28
26,26,31,25,31,33,32,22,0,37,23,17,34,23,30,24
26,31,35,29,28,31,34,23,0,37,31,29,32,25,33,28
30,29,40,36,33,34,37,21,0,38,0,45,34,25,34,32
26,27,37,36,32,34,40,24,0,37,32,36,36,29,34,28
24,25,33,27,27,35,32,22,0,34,33,24,37,24,33,22
26,26,31,30,29,32,38,24,0,38,31,27,33,17,28,24
29,28,35,30,34,34,34,26,0,47,30,25,51,29,32,25
27,28,34,32,29,37,38,22,0,38,29,33,38,24,32,30
28,25,43,28,30,30,39,22,0,9,28,33,27,25,30,17
26,21,33,28,30,34,35,21,0,36,32,33,32,24,29,25
27,26,34,31,31,46,38,23,0,33,43,33,25,20,32,29
29,32,34,31,32,34,40,24,0,38,31,30,35,25,29,29
29,24,32,28,27,30,29,25,0,38,31,24,37,24,34,29
26,28,31,28,27,40,32,24,0,42,21,26,21,30,44,22
27,32,35,31,33,39,39,21,0,37,0,27,36,25,33,27
29,25,46,25,33,27,37,26,0,45,29,35,32,32,29,28
26,24,30,25,29,32,36,22,0,38,29,31,32,23,32,27
29,27,50,31,32,35,32,24,0,49,29,29,36,15,35,26
28,28,36,34,34,39,41,26,0,44,8,35,39,24,35,27
23,26,38,28,34,32,39,23,0,15,32,35,44,22,30,26
26,28,34,32,31,35,38,20,0,36,35,30,31,31,29,29
27,26,33,30,33,36,40,25,0,44,30,33,40,26,33,28
19,26,34,27,28,32,42,22,0,49,30,37,32,23,29,27
25,25,28,26,30,31,34,23,0,39,31,29,36,25,30,27
25,29,32,32,32,38,37,23,0,45,31,28,34,20,33,26
29,26,32,31,27,31,37,19,0,20,29,38,45,24,27,38
26,26,29,31,28,20,46,24,0,26,25,28,17,17,30,15
29,26,23,31,27,40,31,21,0,27,29,26,24,25,24,14
25,28,32,31,32,39,40,22,0,40,36,34,30,27,30,26
27,25,34,27,32,33,35,25,0,42,28,34,32,26,30,29
26,26,31,32,33,32,37,27,0,40,29,32,36,22,30,26
21,28,36,32,33,36,36,26,0,41,30,32,37,27,28,31
23,24,34,32,33,40,42,28,0,46,34,35,34,25,32,28
24,22,32,31,32,35,40,25,0,38,32,33,35,26,32,28
23,23,33,30,30,36,40,26,0,42,32,34,39,28,29,27
22,27,35,30,30,37,42,22,0,43,34,30,35,26,32,27
23,23,35,33,30,37,39,25,0,43,33,34,32,26,29,28
25,23,33,29,33,38,37,24,0,40,32,34,36,23,31,29
23,27,31,27,35,37,36,23,0,36,31,33,36,25,35,26
23,27,44,26,33,36,40,28,0,65,22,31,38,23,28,26
20,26,45,36,36,46,40,27,0,45,21,34,41,25,28,25
23,25,31,31,35,38,35,24,0,39,29,33,33,26,33,26
24,26,32,31,29,37,36,24,0,35,31,30,37,28,30,30
21,22,37,36,39,33,36,20,0,43,37,29,32,29,33,13
22,26,36,33,35,36,50,28,0,40,33,46,37,26,27,27
21,24,32,31,31,36,38,21,0,41,31,30,33,24,29,29
21,27,37,38,33,40,35,25,0,41,35,30,33,26,30,26
21,25,41,34,32,43,40,24,0,45,32,22,33,26,31,29
25,26,34,31,33,35,37,26,0,39,32,32,35,25,26,26
22,26,33,31,32,36,35,22,0,40,32,29,36,24,28,23
24,24,38,38,40,40,38,20,0,44,28,38,46,26,30,30
27,26,33,33,37,38,41,23,0,43,31,36,38,25,33,26
26,26,31,30,32,32,33,24,0,36,30,29,33,24,28,25
24,31,35,28,33,36,37,26,0,33,30,30,36,23,31,24
23,29,31,31,35,36,36,33,0,40,30,26,46,24,32,19
24,30,35,30,33,34,40,23,0,35,29,31,39,25,34,29
26,32,35,33,30,39,36,25,0,44,29,30,37,26,33,25
30,37,34,32,39,36,46,29,0,41,39,47,25,32,46,39
25,29,35,30,32,41,42,22,0,18,33,49,36,21,37,29
23,24,38,30,32,37,36,19,0,41,29,25,34,26,24,27
25,26,33,32,33,34,36,20,0,38,29,30,38,21,27,25
28,30,38,33,30,37,38,20,0,43,0,17,39,25,27,23
28,33,35,31,34,38,38,23,0,41,30,31,36,25,30,26
28,28,36,30,29,34,34,24,0,39,27,27,34,26,29,27
26,24,35,36,31,38,36,19,0,43,41,31,37,28,32,32
26,26,33,31,38,51,36,24,0,34,23,39,31,25,27,30
26,26,34,31,32,36,37,21,0,40,30,31,37,26,27,29
27,28,36,30,32,36,36,24,0,40,29,32,36,25,29,26
26,29,39,32,37,37,35,24,0,36,35,30,41,24,32,26
23,25,36,30,32,40,45,27,0,40,26,42,36,25,35,23
26,26,34,31,31,36,35,23,0,43,29,33,36,23,29,25
27,27,34,30,30,39,36,23,0,37,32,32,37,24,27,26
26,26,34,26,34,37,35,27,0,45,36,32,38,21,29,27
23,26,38,35,32,35,34,19,0,20,18,29,38,16,28,24
26,27,40,23,29,36,35,23,0,52,30,29,37,21,33,25
25,29,38,27,32,39,39,21,0,38,29,22,36,26,28,41
19,29,40,31,28,42,34,23,0,37,20,34,28,21,40,27
19,28,37,28,36,53,40,15,0,42,27,44,33,22,29,34
25,26,36,30,35,31,28,25,0,19,34,23,26,16,36,30
25,28,37,25,35,32,35,26,0,41,29,32,21,24,45,21
26,28,36,31,32,39,34,23,0,40,30,35,36,24,31,26
28,25,34,26,29,37,30,22,0,35,28,30,33,24,31,30
21,19,34,25,32,35,33,23,0,40,30,28,37,26,30,26
23,27,36,26,38,39,36,28,0,40,33,34,19,26,31,29
27,31,37,26,29,39,35,24,0,36,29,30,36,25,29,27
28,26,37,31,29,35,32,21,0,42,29,33,32,25,27,30
28,32,36,29,30,40,32,25,0,43,29,30,38,25,27,28
26,26,37,26,32,33,36,21,0,39,29,36,35,20,30,27
24,24,38,27,30,33,32,22,0,39,33,29,30,26,28,25
26,27,35,29,30,37,33,24,0,38,29,28,33,24,31,28
28,25,37,26,31,36,33,21,0,40,31,31,32,20,27,28
25,24,34,26,31,34,34,21,0,39,27,30,31,24,24,24
26,31,37,29,31,36,36,24,0,42,31,32,39,26,33,25
27,30,42,28,31,39,33,24,0,37,33,31,33,25,31,27
26,22,37,29,31,38,34,22,0,40,35,32,35,24,28,25
28,26,42,25,37,37,25,23,0,43,39,29,40,22,35,28
26,28,37,30,30,36,30,19,0,43,33,30,31,23,29,29
26,26,38,27,33,41,37,22,0,39,30,34,31,26,32,27
24,28,38,29,29,35,36,22,0,42,34,33,35,21,31,24
26,25,31,26,29,34,33,21,0,41,28,34,32,21,31,26
27,26,33,29,32,37,30,25,0,41,31,33,36,22,32,27
29,27,36,27,29,36,33,20,0,40,30,35,33,21,30,24
25,23,36,26,28,35,36,21,0,36,29,30,35,25,28,26
29,23,36,25,29,35,35,21,0,34,29,30,35,25,31,25
28,25,31,25,32,34,32,21,0,39,30,30,35,22,29,28
29,25,37,25,31,35,31,20,0,37,27,32,35,23,31,25
28,25,37,30,27,32,33,22,0,36,32,32,34,23,29,24
30,26,38,26,31,34,35,23,0,36,28,30,33,21,30,27
28,24,39,29,31,36,34,23,0,40,34,28,34,25,31,25
26,23,34,26,31,32,35,19,0,40,29,30,34,22,30,25
27,20,35,29,29,35,33,23,0,42,28,31,37,25,31,26
28,25,38,28,30,38,35,20,0,35,29,32,35,24,27,25
26,24,33,27,33,42,33,20,0,37,33,30,38,24,28,26
26,26,35,29,32,36,33,22,0,36,26,30,36,25,31,30
28,26,40,31,34,40,37,22,0,44,32,32,44,23,26,27
25,28,36,30,32,37,34,23,0,39,29,34,40,21,27,26
24,25,29,29,39,45,34,21,0,40,29,30,25,26,37,27
28,26,32,27,31,40,39,28,0,35,32,36,35,11,25,23
28,23,35,31,39,42,34,23,0,37,25,29,27,29,34,28
26,26,32,31,32,31,37,23,0,41,25,34,37,32,26,27
27,29,35,29,32,36,31,23,0,40,31,24,29,26,30,24
27,25,39,26,33,35,32,20,0,40,33,29,34,24,31,29
26,25,35,25,32,35,30,26,0,38,31,29,35,24,28,27
25,27,37,25,32,36,32,22,0,37,31,30,36,22,28,26
26,26,37,28,29,39,34,21,0,38,33,32,27,23,25,29
27,25,33,26,29,37,34,22,0,42,29,29,31,24,28,30
28,26,36,25,29,35,35,21,0,41,30,32,33,24,30,29
29,23,36,25,27,31,33,21,0,41,27,30,33,23,30,29
30,24,37,23,31,36,32,22,0,34,29,33,36,26,27,24
26,23,37,23,29,32,30,17,0,36,29,31,33,24,31,25
25,23,33,22,28,34,31,18,0,35,29,31,31,20,35,25
30,24,35,26,29,32,34,22,0,37,30,30,32,23,31,22
30,23,35,26,30,36,31,20,0,35,26,29,31,25,31,23
28,21,32,21,30,34,28,24,0,40,26,29,31,24,29,27
30,22,34,20,29,33,31,23,0,36,27,30,29,24,29,26
27,25,33,25,28,30,31,22,0,40,30,31,35,24,31,21
29,26,35,22,32,35,30,23,0,45,26,28,33,27,30,25
28,20,32,25,27,34,30,23,0,36,28,29,33,21,28,26
25,23,31,24,30,30,29,22,0,34,27,32,33,24,30,26
26,25,32,24,29,31,34,19,0,33,29,29,33,20,26,26
29,27,34,25,29,36,30,21,0,33,28,29,34,17,29,27
28,28,35,26,29,33,33,21,0,35,29,33,36,22,29,28
29,21,34,27,29,34,33,22,0,39,29,30,33,24,31,26
27,23,32,24,27,34,32,17,0,34,28,30,35,21,28,27
28,23,32,24,28,34,30,23,0,32,25,34,37,25,31,26
28,24,37,25,32,35,33,20,0,37,29,29,34,24,31,26
26,24,33,25,30,35,34,19,0,38,27,31,36,24,29,26
29,27,35,23,29,35,31,20,0,34,31,27,36,25,31,26
27,28,38,26,27,38,31,18,0,37,31,29,32,26,31,26
27,26,37,25,27,34,28,19,0,37,32,34,34,23,30,26
30,25,35,29,27,37,28,22,0,41,30,32,36,25,30,27
26,26,37,26,30,34,33,21,0,38,31,31,34,26,28,28
28,25,36,27,27,38,30,24,0,39,30,29,29,25,32,26
30,26,33,26,28,35,31,21,0,40,29,31,33,25,31,24
26,23,35,25,27,35,36,20,0,36,29,30,38,24,26,24
26,26,34,24,28,30,30,19,0,35,29,29,35,20,35,26
27,26,36,26,30,35,31,20,0,38,30,29,36,25,27,27
27,25,37,26,31,36,30,22,0,36,29,30,36,24,31,23
29,25,33,21,29,33,27,21,0,36,29,29,35,27,25,25
27,22,32,23,28,31,29,22,0,37,27,33,32,26,27,27
27,25,33,23,30,35,32,23,0,37,26,30,31,24,30,28
30,25,36,27,27,34,30,21,0,38,29,32,34,22,32,26
28,26,35,24,30,35,34,19,0,37,29,30,34,23,31,28
26,29,35,25,28,32,34,24,0,41,30,30,32,22,29,26
30,26,36,25,29,35,32,21,0,39,32,31,33,24,28,27
30,26,38,26,29,35,31,21,0,34,29,30,34,25,28,24
29,21,37,25,31,33,32,19,0,34,29,31,37,23,29,29
27,26,34,24,28,34,30,21,0,36,30,29,33,24,24,26
28,21,36,24,30,34,31,18,0,37,29,31,28,20,30,27
25,22,34,25,28,35,31,19,0,35,32,31,33,25,29,26
27,22,31,23,30,32,32,18,0,30,28,32,28,22,26,23
27,23,34,24,26,32,32,22,0,35,29,32,32,25,29,24
28,25,37,22,28,34,29,19,0,30,29,28,31,24,31,23
24,24,31,23,25,29,30,20,0,33,30,30,34,23,30,22
31,23,34,23,29,31,30,21,0,32,30,30,33,23,31,26
29,22,33,21,26,31,29,22,0,40,26,32,35,23,29,25
29,24,33,24,27,32,29,22,0,36,29,31,33,25,30,26
28,26,32,23,26,32,32,22,0,39,30,30,33,25,30,27
31,25,33,23,25,32,30,21,0,39,30,29,31,19,30,27
27,24,31,26,28,32,28,21,0,37,30,30,31,22,27,28
28,24,37,24,28,31,28,20,0,38,29,30,33,20,30,26
29,24,33,24,27,36,30,19,0,39,29,30,36,24,29,26
28,22,32,22,26,36,33,23,0,35,26,31,34,23,31,27
27,25,34,24,30,36,32,21,0,37,27,31,31,23,30,28
30,27,34,24,28,31,34,23,0,38,28,31,35,26,29,26
31,26,36,27,28,36,31,22,0,40,28,32,32,21,31,25
29,26,37,27,33,35,32,21,0,39,29,28,34,24,32,26
27,26,34,25,31,36,32,21,0,36,29,31,33,23,28,27
28,26,37,26,27,32,30,20,0,36,29,27,32,22,29,25
30,28,36,29,27,38,32,20,0,37,30,31,35,23,31,25
28,29,35,27,31,38,29,21,0,50,31,30,34,23,32,26
24,25,38,27,27,37,33,21,0,37,34,31,34,25,26,27
31,24,38,27,30,38,36,25,0,38,31,34,36,24,30,28
31,24,41,30,34,40,34,23,0,39,30,34,33,25,30,28
28,23,40,28,33,38,32,20,0,40,29,28,33,23,30,26
31,28,38,31,32,41,35,20,0,40,32,32,36,25,32,25
28,30,35,29,33,41,34,26,0,36,31,31,38,22,29,26
28,27,37,28,32,35,34,21,0,42,30,32,36,24,30,26
29,24,36,28,32,38,33,21,0,43,29,31,36,26,31,28
28,26,36,26,32,33,31,24,0,36,29,33,36,25,28,28
30,26,37,23,30,34,35,23,0,38,27,31,33,24,29,26
31,26,38,25,30,33,31,21,0,40,29,31,34,22,29,25
29,28,37,22,28,36,30,20,0,43,29,29,34,22,29,25
26,26,37,26,30,36,30,21,0,36,32,30,33,25,28,25
27,26,35,27,29,36,32,20,0,36,27,30,35,26,29,26
29,25,37,26,26,34,30,21,0,38,31,29,34,23,27,26
28,27,37,24,32,34,30,21,0,35,30,31,36,23,29,26
30,26,37,26,30,36,34,20,0,38,30,29,36,20,26,23
31,25,35,25,30,35,32,23,0,36,31,30,33,20,34,25
29,26,38,27,32,38,34,20,0,38,28,30,36,22,29,26
28,27,40,24,30,40,31,21,0,39,28,30,34,23,31,27
29,25,35,23,30,36,32,21,0,33,29,30,36,27,28,26
29,26,33,26,29,40,29,19,0,39,29,32,32,25,31,27
28,25,35,22,31,37,30,23,0,37,29,30,31,23,29,26
32,26,34,26,30,37,31,23,0,39,25,31,31,23,30,26
28,26,35,23,27,36,27,18,0,39,30,31,31,25,30,27
29,28,38,24,30,37,30,21,0,40,29,29,31,24,28,26
27,24,38,26,28,31,30,25,0,39,29,30,33,24,30,26
27,26,36,26,28,33,30,21,0,36,30,30,35,20,30,26
30,25,35,26,30,38,27,21,0,42,29,33,31,23,34,24
25,26,33,25,28,31,34,20,0,35,28,28,35,21,29,25
29,19,32,25,30,30,29,19,0,36,27,33,34,25,32,27
29,27,37,25,28,36,33,21,0,37,29,32,34,23,28,24
29,23,35,25,26,36,31,19,0,35,32,32,33,25,33,25
27,22,38,24,29,32,32,19,0,35,30,30,36,27,31,25
27,23,32,24,29,35,27,20,0,35,28,29,34,24,28,29
27,25,37,24,28,31,29,21,0,40,30,32,34,24,28,26
26,25,37,22,29,33,32,19,0,34,30,32,32,23,28,27
29,24,35,22,29,33,30,21,0,32,29,30,32,27,30,25
25,24,38,23,29,35,31,19,0,35,26,31,32,23,32,26
29,24,34,24,27,31,30,20,0,39,29,29,33,24,29,28
28,25,31,23,27,32,30,20,0,36,30,29,31,22,30,28
27,27,35,23,26,37,32,19,0,37,29,30,36,22,32,24
26,23,35,23,27,34,32,22,0,35,30,29,34,24,30,26
28,23,37,24,31,30,30,20,0,37,29,29,34,23,30,26
28,22,31,23,28,35,27,17,0,35,30,28,32,21,30,25
25,26,29,25,31,32,31,19,0,35,25,31,33,21,25,24
24,24,33,23,25,33,35,21,0,35,26,28,31,19,31,22
29,26,35,23,29,34,29,20,0,34,30,29,32,26,31,26
29,25,35,23,28,32,28,18,0,35,28,31,32,24,32,26
31,25,37,26,29,34,30,18,0,32,28,29,34,24,28,26
28,22,35,24,27,31,29,24,0,35,28,30,32,24,32,27
30,24,34,24,27,33,30,21,0,36,28,30,33,22,29,27
29,26,33,23,25,34,32,24,0,34,29,29,33,25,29,26
28,25,31,25,26,32,31,21,0,46,29,29,33,22,30,26
26,23,34,25,31,36,31,24,0,35,30,30,31,23,30,26
27,26,32,25,28,34,33,21,0,35,27,29,37,26,29,26
27,17,32,21,27,32,27,17,0,37,29,30,35,23,29,24
30,26,32,24,27,32,30,22,0,33,31,31,28,26,30,26
25,15,31,23,27,30,30,21,0,34,29,32,33,22,29,28
29,21,35,23,27,32,31,19,0,32,28,29,32,25,29,26
28,25,30,25,23,31,32,21,0,34,30,30,35,23,30,24
28,24,35,21,30,33,30,19,0,35,29,32,34,22,28,24
26,27,35,21,29,32,31,20,0,32,29,31,34,25,29,25
29,25,35,22,26,30,27,21,0,33,28,32,33,24,28,25
29,26,33,25,27,34,30,21,0,35,30,33,36,24,29,26
28,25,36,24,26,32,29,19,0,35,29,31,33,23,30,26
27,24,32,21,27,32,34,23,0,35,28,31,33,21,30,25
28,25,36,25,27,31,27,21,0,35,27,28,30,25,28,27
26,24,36,24,27,33,30,20,0,33,28,31,35,22,26,26
28,24,34,26,27,33,28,21,0,35,31,33,40,26,27,28
27,26,34,26,27,31,31,17,0,35,32,31,33,24,29,26
30,22,35,25,27,31,32,21,0,35,28,31,31,24,32,28
30,22,32,24,31,34,31,18,0,36,29,31,35,28,28,28
28,22,33,22,31,33,34,18,0,33,31,31,31,25,30,26
29,23,32,22,29,33,31,19,0,35,28,29,35,24,29,24
29,24,32,26,29,32,29,19,0,35,27,28,36,27,31,30
27,27,35,23,26,32,31,19,0,33,26,28,33,22,27,29
30,28,37,21,30,31,30,21,0,35,29,30,35,24,28,26
29,24,32,23,28,33,29,22,0,34,30,29,34,25,32,26
25,26,33,26,26,34,31,19,0,40,27,31,36,27,28,26
27,26,33,22,27,31,29,19,0,32,29,32,30,29,25,24
29,24,30,23,28,27,36,21,0,36,27,30,34,22,31,26
25,23,32,23,26,33,33,21,0,34,29,28,32,22,30,25
29,23,31,23,28,31,30,19,0,35,29,30,42,22,29,25
29,26,30,23,25,32,27,16,0,35,29,27,33,22,27,27
